compound_id,task,ensemble_member,atom_index,element,node_feature_contribution,allocated_bond_contribution,attribution,evidence_type
9,AMES,0,0,C,-0.009465045295655727,0.010534042492508888,0.0010689971968531609,PREDICTED
9,AMES,0,1,O,-0.04555189609527588,0.0056613232009112835,-0.03989057242870331,PREDICTED
9,AMES,0,2,C,0.07334283739328384,-0.005053711123764515,0.0682891234755516,PREDICTED
9,AMES,0,3,C,0.028196200728416443,0.013725129887461662,0.041921332478523254,PREDICTED
9,AMES,0,4,C,0.032599564641714096,-0.001715194433927536,0.03088437020778656,PREDICTED
9,AMES,0,5,C,0.10276100784540176,-0.004310859367251396,0.09845014661550522,PREDICTED
9,AMES,0,6,C,0.014782070182263851,-0.006434680428355932,0.008347390219569206,PREDICTED
9,AMES,0,7,C,-0.01763930916786194,0.006222262978553772,-0.011417046189308167,PREDICTED
9,AMES,0,8,C,-0.025606421753764153,-0.011703120544552803,-0.037309542298316956,PREDICTED
9,AMES,0,9,C,-0.10200328379869461,-0.02055676281452179,-0.1225600466132164,PREDICTED
9,AMES,0,10,C,0.027343351393938065,-0.016357697546482086,0.010985653847455978,PREDICTED
9,AMES,0,11,C,0.1434052288532257,-0.03668976575136185,0.10671546310186386,PREDICTED
9,AMES,0,12,C,0.03322853893041611,-0.0034398846328258514,0.029788654297590256,PREDICTED
9,AMES,0,13,C,-0.018503138795495033,-0.00608840212225914,-0.024591540917754173,PREDICTED
9,AMES,0,14,C,0.028683077543973923,0.004057046491652727,0.03274012356996536,PREDICTED
9,AMES,0,15,C,0.017422912642359734,-0.005479154177010059,0.011943758465349674,PREDICTED
9,AMES,0,16,O,-0.28491777181625366,-0.02471461519598961,-0.30963239073753357,PREDICTED
9,AMES,0,17,O,0.1484948992729187,-0.02663792483508587,0.12185697257518768,PREDICTED
9,AMES,0,18,C,-0.05324264615774155,-0.0067043486051261425,-0.059946995228528976,PREDICTED
9,AMES,0,19,O,-0.29705139994621277,-0.027245167642831802,-0.3242965638637543,PREDICTED
9,Skin_Reaction,0,0,C,-0.046828728169202805,0.0024922536686062813,-0.0443364754319191,PREDICTED
9,Skin_Reaction,0,1,O,-0.06126587837934494,0.0031060483306646347,-0.058159828186035156,PREDICTED
9,Skin_Reaction,0,2,C,-0.0035874242894351482,-0.0019628931768238544,-0.005550317466259003,PREDICTED
9,Skin_Reaction,0,3,C,-0.008990870788693428,-0.0027045710012316704,-0.011695441789925098,PREDICTED
9,Skin_Reaction,0,4,C,0.01888774335384369,-0.0014623370952904224,0.017425406724214554,PREDICTED
9,Skin_Reaction,0,5,C,0.011117544956505299,-0.003334460314363241,0.007783084642142057,PREDICTED
9,Skin_Reaction,0,6,C,-0.01579437218606472,-0.004657187033444643,-0.020451558753848076,PREDICTED
9,Skin_Reaction,0,7,C,-0.005880066659301519,-0.0022880914621055126,-0.008168158121407032,PREDICTED
9,Skin_Reaction,0,8,C,0.021676722913980484,0.007642402313649654,0.029319126158952713,PREDICTED
9,Skin_Reaction,0,9,C,0.017146876081824303,0.0038206838071346283,0.02096755988895893,PREDICTED
9,Skin_Reaction,0,10,C,-0.02491217851638794,-0.005617544054985046,-0.030529722571372986,PREDICTED
9,Skin_Reaction,0,11,C,0.032528191804885864,-0.00504917511716485,0.0274790171533823,PREDICTED
9,Skin_Reaction,0,12,C,-0.00990842655301094,-0.002769999671727419,-0.012678425759077072,PREDICTED
9,Skin_Reaction,0,13,C,0.007245784159749746,-0.004405647981911898,0.0028401361778378487,PREDICTED
9,Skin_Reaction,0,14,C,-0.004792427644133568,-0.0018184279324486852,-0.006610855460166931,PREDICTED
9,Skin_Reaction,0,15,C,-0.012869113124907017,-0.0037900281604379416,-0.016659140586853027,PREDICTED
9,Skin_Reaction,0,16,O,-0.022216077893972397,-0.0015444178134202957,-0.023760495707392693,PREDICTED
9,Skin_Reaction,0,17,O,-0.018954677507281303,-0.0058939591981470585,-0.024848636239767075,PREDICTED
9,Skin_Reaction,0,18,C,-0.0013864050852134824,-9.293016046285629e-05,-0.0014793352456763387,PREDICTED
9,Skin_Reaction,0,19,O,-0.026327602565288544,-0.0008539379923604429,-0.027181539684534073,PREDICTED
9,Carcinogens_Lagunin,0,0,C,-0.010310901328921318,-0.0001925601391121745,-0.010503461584448814,PREDICTED
9,Carcinogens_Lagunin,0,1,O,0.0016676271334290504,-0.0025582911912351847,-0.0008906640578061342,PREDICTED
9,Carcinogens_Lagunin,0,2,C,-0.026973629370331764,-0.0012302410323172808,-0.028203871101140976,PREDICTED
9,Carcinogens_Lagunin,0,3,C,-0.026186618953943253,-0.0011869888985529542,-0.027373608201742172,PREDICTED
9,Carcinogens_Lagunin,0,4,C,-0.02668963000178337,-0.0014938452513888478,-0.028183475136756897,PREDICTED
9,Carcinogens_Lagunin,0,5,C,-0.013523093424737453,-0.00187657680362463,-0.015399670228362083,PREDICTED
9,Carcinogens_Lagunin,0,6,C,-0.0063830288127064705,-0.0019203549018129706,-0.008303383365273476,PREDICTED
9,Carcinogens_Lagunin,0,7,C,-0.019711699336767197,-0.0006608008407056332,-0.020372500643134117,PREDICTED
9,Carcinogens_Lagunin,0,8,C,-0.024169115349650383,-0.008808445185422897,-0.03297755867242813,PREDICTED
9,Carcinogens_Lagunin,0,9,C,-0.04142308607697487,-0.006035854108631611,-0.047458939254283905,PREDICTED
9,Carcinogens_Lagunin,0,10,C,-0.037056710571050644,-0.00027185623184777796,-0.0373285673558712,PREDICTED
9,Carcinogens_Lagunin,0,11,C,-0.031389135867357254,-0.0019902335479855537,-0.03337936848402023,PREDICTED
9,Carcinogens_Lagunin,0,12,C,-0.014743344858288765,-0.0012198504991829395,-0.015963194891810417,PREDICTED
9,Carcinogens_Lagunin,0,13,C,-0.03186073899269104,-0.0058868275955319405,-0.037747565656900406,PREDICTED
9,Carcinogens_Lagunin,0,14,C,-0.022209495306015015,-0.005164794623851776,-0.02737428992986679,PREDICTED
9,Carcinogens_Lagunin,0,15,C,-0.01664358377456665,-0.001600230229087174,-0.018243813887238503,PREDICTED
9,Carcinogens_Lagunin,0,16,O,0.05916503444314003,-0.0014344980008900166,0.0577305369079113,PREDICTED
9,Carcinogens_Lagunin,0,17,O,0.04787322133779526,-0.0024076136760413647,0.045465607196092606,PREDICTED
9,Carcinogens_Lagunin,0,18,C,-0.03301417455077171,-0.002722401637583971,-0.0357365757226944,PREDICTED
9,Carcinogens_Lagunin,0,19,O,0.05593297258019447,0.00037414475809782743,0.0563071183860302,PREDICTED
10,AMES,0,0,C,-0.017856111750006676,-0.003972654230892658,-0.02182876691222191,PREDICTED
10,AMES,0,1,C,-0.12143238633871078,-0.00858652126044035,-0.1300189048051834,PREDICTED
10,AMES,0,2,C,-0.1304350644350052,-0.006456591654568911,-0.1368916630744934,PREDICTED
10,AMES,0,3,C,-0.009123651310801506,-0.007089121732860804,-0.016212772578001022,PREDICTED
10,AMES,0,4,C,0.04912763461470604,0.015521885827183723,0.06464952230453491,PREDICTED
10,AMES,0,5,C,0.009967864491045475,0.020013829693198204,0.029981695115566254,PREDICTED
10,AMES,0,6,C,0.007830611430108547,0.0044140079990029335,0.01224461942911148,PREDICTED
10,AMES,0,7,C,-0.012273799628019333,0.006126263178884983,-0.00614753644913435,PREDICTED
10,AMES,0,8,C,0.006263324059545994,-0.004062843509018421,0.0022004805505275726,PREDICTED
10,AMES,0,9,C,0.12852245569229126,-0.030390897765755653,0.09813155978918076,PREDICTED
10,AMES,0,10,O,0.1193317398428917,-0.03271712362766266,0.08661461621522903,PREDICTED
10,AMES,0,11,C,-0.06597922742366791,-0.0019472106359899044,-0.06792643666267395,PREDICTED
10,AMES,0,12,C,-0.027054306119680405,-0.00048435176722705364,-0.027538657188415527,PREDICTED
10,AMES,0,13,C,-0.09313766658306122,-0.009793337434530258,-0.10293100774288177,PREDICTED
10,AMES,0,14,C,0.04674527794122696,-0.003880747128278017,0.04286453127861023,PREDICTED
10,AMES,0,15,C,0.02993185818195343,0.003733200952410698,0.03366506099700928,PREDICTED
10,AMES,0,16,C,0.01460426114499569,0.009323039092123508,0.023927301168441772,PREDICTED
10,AMES,0,17,C,0.0503171868622303,-0.005782562308013439,0.04453462362289429,PREDICTED
10,AMES,0,18,C,-0.016664745286107063,0.005254510790109634,-0.011410234495997429,PREDICTED
10,AMES,0,19,C,0.008459910750389099,-0.005971826612949371,0.002488084137439728,PREDICTED
10,AMES,0,20,O,-0.04431547969579697,0.003319192212074995,-0.040996287018060684,PREDICTED
10,AMES,0,21,C,-0.036150526255369186,0.00827614776790142,-0.027874378487467766,PREDICTED
10,AMES,0,22,O,-0.18979071080684662,-0.017196930944919586,-0.2069876492023468,PREDICTED
10,AMES,0,23,O,-0.11225555837154388,-0.0033725688699632883,-0.11562813073396683,PREDICTED
10,AMES,0,24,C,-0.017856111750006676,-0.003972654230892658,-0.02182876691222191,PREDICTED
10,Skin_Reaction,0,0,C,-0.02082667499780655,-0.0009530975949019194,-0.021779771894216537,PREDICTED
10,Skin_Reaction,0,1,C,0.02136887237429619,-0.011984497308731079,0.00938437506556511,PREDICTED
10,Skin_Reaction,0,2,C,-0.044925566762685776,-0.009019878692924976,-0.05394544452428818,PREDICTED
10,Skin_Reaction,0,3,C,0.013702454045414925,0.002513430779799819,0.016215885058045387,PREDICTED
10,Skin_Reaction,0,4,C,0.010503973811864853,-0.0001882833894342184,0.01031569018959999,PREDICTED
10,Skin_Reaction,0,5,C,0.02204401232302189,-0.004088620189577341,0.017955392599105835,PREDICTED
10,Skin_Reaction,0,6,C,-0.003780848579481244,-0.00291437772102654,-0.006695226300507784,PREDICTED
10,Skin_Reaction,0,7,C,-0.014699675142765045,-0.001592002809047699,-0.016291677951812744,PREDICTED
10,Skin_Reaction,0,8,C,-0.02568287029862404,-0.00012514565605670214,-0.02580801583826542,PREDICTED
10,Skin_Reaction,0,9,C,0.05751987174153328,-0.008904790505766869,0.04861508309841156,PREDICTED
10,Skin_Reaction,0,10,O,-0.019326243549585342,-0.018574124202132225,-0.03790036588907242,PREDICTED
10,Skin_Reaction,0,11,C,-0.00033964787144213915,-0.004064451903104782,-0.004404099658131599,PREDICTED
10,Skin_Reaction,0,12,C,0.024953393265604973,0.007782923057675362,0.032736316323280334,PREDICTED
10,Skin_Reaction,0,13,C,0.015108255669474602,0.00259003764949739,0.017698293551802635,PREDICTED
10,Skin_Reaction,0,14,C,0.0008023615810088813,-0.003820548765361309,-0.003018187126144767,PREDICTED
10,Skin_Reaction,0,15,C,0.013968966901302338,-0.003731792327016592,0.010237174108624458,PREDICTED
10,Skin_Reaction,0,16,C,-0.011710419319570065,-0.0028985661920160055,-0.014608985744416714,PREDICTED
10,Skin_Reaction,0,17,C,-0.005038468167185783,-0.002372956369072199,-0.007411424536257982,PREDICTED
10,Skin_Reaction,0,18,C,-0.007944382727146149,-0.0027967379428446293,-0.01074112020432949,PREDICTED
10,Skin_Reaction,0,19,C,-0.016602974385023117,-0.005344446748495102,-0.02194742113351822,PREDICTED
10,Skin_Reaction,0,20,O,-0.06643179804086685,0.0034037912264466286,-0.0630280077457428,PREDICTED
10,Skin_Reaction,0,21,C,-0.03496773540973663,0.003151471260935068,-0.0318162627518177,PREDICTED
10,Skin_Reaction,0,22,O,-0.04450397938489914,-0.002652121242135763,-0.04715609923005104,PREDICTED
10,Skin_Reaction,0,23,O,-0.01973772421479225,-0.0010522707598283887,-0.020789995789527893,PREDICTED
10,Skin_Reaction,0,24,C,-0.02082667499780655,-0.0009530975949019194,-0.021779771894216537,PREDICTED
10,Carcinogens_Lagunin,0,0,C,0.03040359914302826,0.00013995628978591412,0.030543554574251175,PREDICTED
10,Carcinogens_Lagunin,0,1,C,-0.055310655385255814,0.0015214284649118781,-0.053789228200912476,PREDICTED
10,Carcinogens_Lagunin,0,2,C,-0.04288734495639801,-0.001547084073536098,-0.044434428215026855,PREDICTED
10,Carcinogens_Lagunin,0,3,C,0.0026504278648644686,-0.0020310634281486273,0.0006193644367158413,PREDICTED
10,Carcinogens_Lagunin,0,4,C,-0.033447109162807465,-0.0009196886094287038,-0.03436679765582085,PREDICTED
10,Carcinogens_Lagunin,0,5,C,-0.02254260703921318,-0.001319343689829111,-0.023861950263381004,PREDICTED
10,Carcinogens_Lagunin,0,6,C,-0.023820344358682632,-0.0034365695901215076,-0.027256913483142853,PREDICTED
10,Carcinogens_Lagunin,0,7,C,-0.014617799781262875,-0.00040268857264891267,-0.015020488761365414,PREDICTED
10,Carcinogens_Lagunin,0,8,C,-0.03212761506438255,-0.0004664217121899128,-0.03259403631091118,PREDICTED
10,Carcinogens_Lagunin,0,9,C,-0.01590644381940365,-0.0016469130059704185,-0.017553357407450676,PREDICTED
10,Carcinogens_Lagunin,0,10,O,0.03967216983437538,0.0006088445661589503,0.040281012654304504,PREDICTED
10,Carcinogens_Lagunin,0,11,C,-0.03702647611498833,6.201310316100717e-05,-0.03696446120738983,PREDICTED
10,Carcinogens_Lagunin,0,12,C,-0.028286421671509743,-0.006221423856914043,-0.03450784459710121,PREDICTED
10,Carcinogens_Lagunin,0,13,C,-0.04711814224720001,-0.004454546608030796,-0.051572687923908234,PREDICTED
10,Carcinogens_Lagunin,0,14,C,-0.017813613638281822,-0.0022125979885458946,-0.020026210695505142,PREDICTED
10,Carcinogens_Lagunin,0,15,C,-0.024513550102710724,-0.0007918052142485976,-0.025305354967713356,PREDICTED
10,Carcinogens_Lagunin,0,16,C,-0.029621481895446777,-0.002165925456210971,-0.03178740665316582,PREDICTED
10,Carcinogens_Lagunin,0,17,C,-0.027702216058969498,-0.00192254688590765,-0.029624763876199722,PREDICTED
10,Carcinogens_Lagunin,0,18,C,-0.02097955532371998,-0.0013473645085468888,-0.022326920181512833,PREDICTED
10,Carcinogens_Lagunin,0,19,C,-0.008661646395921707,-0.0023652196396142244,-0.011026865802705288,PREDICTED
10,Carcinogens_Lagunin,0,20,O,-0.0006786920130252838,-0.0024790060706436634,-0.0031576980836689472,PREDICTED
10,Carcinogens_Lagunin,0,21,C,-0.02109271101653576,-0.00023578538093715906,-0.02132849581539631,PREDICTED
10,Carcinogens_Lagunin,0,22,O,0.062191374599933624,0.001543858670629561,0.063735231757164,PREDICTED
10,Carcinogens_Lagunin,0,23,O,0.06485170871019363,0.002085639862343669,0.06693734973669052,PREDICTED
10,Carcinogens_Lagunin,0,24,C,0.03040359914302826,0.00013995628978591412,0.030543554574251175,PREDICTED
11,AMES,0,0,C,0.02339358441531658,-0.0035309146624058485,0.019862670451402664,PREDICTED
11,AMES,0,1,C,-0.11660780757665634,0.027152791619300842,-0.0894550159573555,PREDICTED
11,AMES,0,2,C,-0.05661623179912567,0.02136308327317238,-0.03525314852595329,PREDICTED
11,AMES,0,3,C,0.005954931024461985,-0.01301354169845581,-0.007058610673993826,PREDICTED
11,AMES,0,4,C,0.17134322226047516,-0.03745722770690918,0.13388599455356598,PREDICTED
11,AMES,0,5,C,0.06151966378092766,0.025353502482175827,0.08687316626310349,PREDICTED
11,AMES,0,6,O,-0.03170778229832649,0.050562575459480286,0.018854793161153793,PREDICTED
11,AMES,0,7,C,-0.0647139698266983,-0.006710314657539129,-0.07142428308725357,PREDICTED
11,AMES,0,8,C,-0.07534027844667435,-0.0060256714932620525,-0.08136595040559769,PREDICTED
11,AMES,0,9,C,0.01592070609331131,0.002934115007519722,0.018854821100831032,PREDICTED
11,AMES,0,10,C,0.159931942820549,-0.045069947838783264,0.11486199498176575,PREDICTED
11,AMES,0,11,O,0.15346068143844604,-0.026527544483542442,0.12693314254283905,PREDICTED
11,AMES,0,12,C,-0.03584449365735054,0.016492528840899467,-0.019351964816451073,PREDICTED
11,AMES,0,13,C,0.08819064497947693,-0.00634709931910038,0.0818435475230217,PREDICTED
11,AMES,0,14,C,-0.05564255267381668,-0.00409215223044157,-0.059734705835580826,PREDICTED
11,AMES,0,15,C,0.024628862738609314,-0.00431298092007637,0.020315881818532944,PREDICTED
11,AMES,0,16,C,0.015405962243676186,0.0070706941187381744,0.02247665636241436,PREDICTED
11,AMES,0,17,C,0.02393275313079357,0.012369997799396515,0.036302752792835236,PREDICTED
11,AMES,0,18,C,0.06156408414244652,-0.003661627881228924,0.05790245532989502,PREDICTED
11,AMES,0,19,C,-0.027898836880922318,0.007569832261651754,-0.020329004153609276,PREDICTED
11,AMES,0,20,C,-0.0196475088596344,-0.00506057683378458,-0.024708084762096405,PREDICTED
11,AMES,0,21,O,-0.05908254534006119,0.004666757769882679,-0.05441578850150108,PREDICTED
11,AMES,0,22,C,-0.05278855934739113,0.00943824928253889,-0.04335030913352966,PREDICTED
11,AMES,0,23,O,-0.30529075860977173,-0.022548625245690346,-0.32783937454223633,PREDICTED
11,AMES,0,24,C,0.02339358441531658,-0.0035309146624058485,0.019862670451402664,PREDICTED
11,Skin_Reaction,0,0,C,-0.03980378806591034,-0.0005781245417892933,-0.040381912142038345,PREDICTED
11,Skin_Reaction,0,1,C,-0.0013966900296509266,0.011189941316843033,0.009793251752853394,PREDICTED
11,Skin_Reaction,0,2,C,0.0032871640287339687,0.003822389291599393,0.007109553553164005,PREDICTED
11,Skin_Reaction,0,3,C,-0.011866751126945019,-0.0029494063928723335,-0.014816157519817352,PREDICTED
11,Skin_Reaction,0,4,C,0.035547886043787,-0.007752515375614166,0.027795370668172836,PREDICTED
11,Skin_Reaction,0,5,C,0.013711315579712391,0.004288624972105026,0.017999939620494843,PREDICTED
11,Skin_Reaction,0,6,O,-0.045180805027484894,0.01807408779859543,-0.027106717228889465,PREDICTED
11,Skin_Reaction,0,7,C,-0.017723435536026955,-0.002817525528371334,-0.020540960133075714,PREDICTED
11,Skin_Reaction,0,8,C,-0.02121538296341896,-0.001254875911399722,-0.02247025817632675,PREDICTED
11,Skin_Reaction,0,9,C,-0.02443382889032364,0.004310936667025089,-0.020122893154621124,PREDICTED
11,Skin_Reaction,0,10,C,0.043946053832769394,-0.007889666594564915,0.036056388169527054,PREDICTED
11,Skin_Reaction,0,11,O,-0.010278252884745598,-0.014785563573241234,-0.02506381645798683,PREDICTED
11,Skin_Reaction,0,12,C,0.0008905453141778708,0.0022392538376152515,0.0031297991517931223,PREDICTED
11,Skin_Reaction,0,13,C,-0.005829400848597288,0.010758964344859123,0.004929563496261835,PREDICTED
11,Skin_Reaction,0,14,C,0.010713960975408554,0.006811006460338831,0.017524966970086098,PREDICTED
11,Skin_Reaction,0,15,C,-0.01807425543665886,-0.00738523481413722,-0.025459490716457367,PREDICTED
11,Skin_Reaction,0,16,C,0.010751638561487198,-0.004642519634217024,0.006109118927270174,PREDICTED
11,Skin_Reaction,0,17,C,-0.01189167145639658,-0.002783306408673525,-0.014674978330731392,PREDICTED
11,Skin_Reaction,0,18,C,-0.00891442783176899,-0.0025772028602659702,-0.011491630226373672,PREDICTED
11,Skin_Reaction,0,19,C,-0.009646069258451462,-0.0023216689005494118,-0.011967738159000874,PREDICTED
11,Skin_Reaction,0,20,C,-0.02112598717212677,-0.005119321867823601,-0.02624530903995037,PREDICTED
11,Skin_Reaction,0,21,O,-0.0721001923084259,0.002772232750430703,-0.0693279579281807,PREDICTED
11,Skin_Reaction,0,22,C,-0.04311884194612503,0.002805446507409215,-0.040313396602869034,PREDICTED
11,Skin_Reaction,0,23,O,-0.03145157918334007,-0.0017959742108359933,-0.03324755281209946,PREDICTED
11,Skin_Reaction,0,24,C,-0.03980378806591034,-0.0005781245417892933,-0.040381912142038345,PREDICTED
11,Carcinogens_Lagunin,0,0,C,0.01576603762805462,-0.0007951804436743259,0.01497085765004158,PREDICTED
11,Carcinogens_Lagunin,0,1,C,-0.03081720881164074,-0.001202332554385066,-0.032019540667533875,PREDICTED
11,Carcinogens_Lagunin,0,2,C,-0.037198588252067566,-0.007512475363910198,-0.04471106454730034,PREDICTED
11,Carcinogens_Lagunin,0,3,C,-0.03579191491007805,-0.006639090366661549,-0.04243100434541702,PREDICTED
11,Carcinogens_Lagunin,0,4,C,-0.027468523010611534,0.003324091900140047,-0.024144431576132774,PREDICTED
11,Carcinogens_Lagunin,0,5,C,-0.026221156120300293,0.005026312544941902,-0.02119484357535839,PREDICTED
11,Carcinogens_Lagunin,0,6,O,0.024701733142137527,0.004624733701348305,0.029326466843485832,PREDICTED
11,Carcinogens_Lagunin,0,7,C,-0.010989985428750515,-0.0013482687063515186,-0.012338254600763321,PREDICTED
11,Carcinogens_Lagunin,0,8,C,-0.008538363501429558,-0.0003093181294389069,-0.008847681805491447,PREDICTED
11,Carcinogens_Lagunin,0,9,C,-0.023243311792612076,0.0026353171560913324,-0.020607994869351387,PREDICTED
11,Carcinogens_Lagunin,0,10,C,-0.021085083484649658,0.0009980492759495974,-0.02008703351020813,PREDICTED
11,Carcinogens_Lagunin,0,11,O,0.018713897094130516,0.001981731504201889,0.020695628598332405,PREDICTED
11,Carcinogens_Lagunin,0,12,C,-0.02684592455625534,8.48984345793724e-05,-0.026761025190353394,PREDICTED
11,Carcinogens_Lagunin,0,13,C,-0.041944775730371475,-0.00546642579138279,-0.047411203384399414,PREDICTED
11,Carcinogens_Lagunin,0,14,C,-0.0373324491083622,0.0004994360497221351,-0.0368330143392086,PREDICTED
11,Carcinogens_Lagunin,0,15,C,-0.013900178484618664,-0.002425527898594737,-0.016325706616044044,PREDICTED
11,Carcinogens_Lagunin,0,16,C,-0.018299881368875504,-0.0016800351440906525,-0.019979916512966156,PREDICTED
11,Carcinogens_Lagunin,0,17,C,-0.02453264221549034,-0.0016251916531473398,-0.026157833635807037,PREDICTED
11,Carcinogens_Lagunin,0,18,C,-0.023937532678246498,-0.001336005050688982,-0.025273537263274193,PREDICTED
11,Carcinogens_Lagunin,0,19,C,-0.016572952270507812,-0.0007261924911290407,-0.017299145460128784,PREDICTED
11,Carcinogens_Lagunin,0,20,C,-0.010676340200006962,-0.0009574816795065999,-0.01163382176309824,PREDICTED
11,Carcinogens_Lagunin,0,21,O,0.0032921447418630123,-0.002116645220667124,0.0011754995211958885,PREDICTED
11,Carcinogens_Lagunin,0,22,C,-0.014114567078649998,-0.000241872388869524,-0.014356439933180809,PREDICTED
11,Carcinogens_Lagunin,0,23,O,0.05908171832561493,0.000868551607709378,0.059950269758701324,PREDICTED
11,Carcinogens_Lagunin,0,24,C,0.01576603762805462,-0.0007951804436743259,0.01497085765004158,PREDICTED
13,AMES,0,0,C,-0.08330819755792618,-0.01931002363562584,-0.10261821746826172,PREDICTED
13,AMES,0,1,C,-0.02060883119702339,-0.012927117757499218,-0.033535949885845184,PREDICTED
13,AMES,0,2,C,-0.045027777552604675,-0.007448161020874977,-0.0524759367108345,PREDICTED
13,AMES,0,3,O,0.12336452305316925,-0.020893463864922523,0.10247106105089188,PREDICTED
13,AMES,0,4,C,0.09760072827339172,-0.028763718903064728,0.068837009370327,PREDICTED
13,AMES,0,5,C,0.016202503815293312,-0.01322925090789795,0.002973252907395363,PREDICTED
13,AMES,0,6,C,0.007630994077771902,-0.00435318099334836,0.003277813084423542,PREDICTED
13,AMES,0,7,C,0.0122905932366848,0.0014987534377723932,0.013789346441626549,PREDICTED
13,AMES,0,8,C,-0.022494690492749214,-0.005005747079849243,-0.027500437572598457,PREDICTED
13,AMES,0,9,C,0.017511649057269096,-0.003582935081794858,0.013928714208304882,PREDICTED
13,AMES,0,10,O,-0.18171703815460205,-0.01712830923497677,-0.19884534180164337,PREDICTED
13,AMES,0,11,C,0.09805242717266083,-0.003643317613750696,0.09440910816192627,PREDICTED
13,AMES,0,12,C,0.0487484484910965,-0.01823323965072632,0.030515208840370178,PREDICTED
13,AMES,0,13,C,0.05875011160969734,-0.00016220356337726116,0.05858790874481201,PREDICTED
13,AMES,0,14,C,0.020098064094781876,-0.015560917556285858,0.0045371465384960175,PREDICTED
13,AMES,0,15,C,0.02232375741004944,0.00939648225903511,0.03172023966908455,PREDICTED
13,AMES,0,16,C,0.061722610145807266,-0.008771399967372417,0.052951209247112274,PREDICTED
13,AMES,0,17,O,-0.21299678087234497,-0.022368155419826508,-0.23536494374275208,PREDICTED
13,AMES,0,18,O,-0.2849154770374298,-0.027169857174158096,-0.3120853304862976,PREDICTED
13,Skin_Reaction,0,0,C,0.013800754211843014,0.0022672952618449926,0.016068048775196075,PREDICTED
13,Skin_Reaction,0,1,C,0.01988547295331955,0.00486057298257947,0.024746045470237732,PREDICTED
13,Skin_Reaction,0,2,C,-0.0014612022787332535,-0.0008959532715380192,-0.0023571555502712727,PREDICTED
13,Skin_Reaction,0,3,O,-0.012166311964392662,-0.0049184211529791355,-0.01708473265171051,PREDICTED
13,Skin_Reaction,0,4,C,0.02751324512064457,-0.004252574406564236,0.02326067164540291,PREDICTED
13,Skin_Reaction,0,5,C,-0.017116833478212357,-0.004757490940392017,-0.0218743234872818,PREDICTED
13,Skin_Reaction,0,6,C,-0.010055020451545715,-0.003014195943251252,-0.013069216161966324,PREDICTED
13,Skin_Reaction,0,7,C,-0.003414982696995139,-0.0017566020833328366,-0.005171584896743298,PREDICTED
13,Skin_Reaction,0,8,C,0.006118727847933769,-0.0028991345316171646,0.0032195933163166046,PREDICTED
13,Skin_Reaction,0,9,C,-0.008445251733064651,-0.002407983411103487,-0.010853234678506851,PREDICTED
13,Skin_Reaction,0,10,O,-0.0036330977454781532,-0.00014593233936466277,-0.0037790301721543074,PREDICTED
13,Skin_Reaction,0,11,C,0.016486410051584244,-0.0021514168474823236,0.014334993436932564,PREDICTED
13,Skin_Reaction,0,12,C,0.0063565196469426155,-0.0010287528857588768,0.005327766761183739,PREDICTED
13,Skin_Reaction,0,13,C,-0.0007421152549795806,-0.0014496567891910672,-0.002191771985962987,PREDICTED
13,Skin_Reaction,0,14,C,0.004459640011191368,-0.00628774706274271,-0.001828107051551342,PREDICTED
13,Skin_Reaction,0,15,C,0.006378713995218277,-9.624299127608538e-05,0.006282471120357513,PREDICTED
13,Skin_Reaction,0,16,C,0.0006300183013081551,-0.0025649359449744225,-0.0019349176436662674,PREDICTED
13,Skin_Reaction,0,17,O,-0.017973732203245163,-0.0030632272828370333,-0.021036960184574127,PREDICTED
13,Skin_Reaction,0,18,O,-0.050226353108882904,-0.0034521862398833036,-0.05367853865027428,PREDICTED
13,Carcinogens_Lagunin,0,0,C,-0.038680195808410645,-0.006543488707393408,-0.04522368311882019,PREDICTED
13,Carcinogens_Lagunin,0,1,C,-0.036413319408893585,-0.010953848250210285,-0.047367166727781296,PREDICTED
13,Carcinogens_Lagunin,0,2,C,-0.02788456529378891,-0.0027682443615049124,-0.030652809888124466,PREDICTED
13,Carcinogens_Lagunin,0,3,O,0.0499742329120636,-0.002098281169310212,0.04787595197558403,PREDICTED
13,Carcinogens_Lagunin,0,4,C,-0.03305394574999809,-0.001807080814614892,-0.03486102819442749,PREDICTED
13,Carcinogens_Lagunin,0,5,C,-0.03945866972208023,2.367207343922928e-05,-0.039434999227523804,PREDICTED
13,Carcinogens_Lagunin,0,6,C,-0.01710151694715023,-0.001545455539599061,-0.018646972253918648,PREDICTED
13,Carcinogens_Lagunin,0,7,C,-0.022713590413331985,-0.005111320875585079,-0.02782491222023964,PREDICTED
13,Carcinogens_Lagunin,0,8,C,-0.034581851214170456,-0.006383934989571571,-0.040965788066387177,PREDICTED
13,Carcinogens_Lagunin,0,9,C,-0.01429525762796402,-0.0006738172960467637,-0.014969075098633766,PREDICTED
13,Carcinogens_Lagunin,0,10,O,0.05042370408773422,-0.002618687227368355,0.04780501872301102,PREDICTED
13,Carcinogens_Lagunin,0,11,C,-0.018480071797966957,-0.0038246125914156437,-0.022304683923721313,PREDICTED
13,Carcinogens_Lagunin,0,12,C,-0.020679226145148277,-0.0033325213007628918,-0.024011747911572456,PREDICTED
13,Carcinogens_Lagunin,0,13,C,-0.021260956302285194,-0.00391473900526762,-0.02517569437623024,PREDICTED
13,Carcinogens_Lagunin,0,14,C,-0.028514163568615913,-0.00921530369669199,-0.03772946819663048,PREDICTED
13,Carcinogens_Lagunin,0,15,C,-0.02433914877474308,-0.004634425975382328,-0.028973575681447983,PREDICTED
13,Carcinogens_Lagunin,0,16,C,-0.00415784353390336,-0.0011027372675016522,-0.005260580684989691,PREDICTED
13,Carcinogens_Lagunin,0,17,O,0.05492588132619858,-0.0029151570051908493,0.05201072245836258,PREDICTED
13,Carcinogens_Lagunin,0,18,O,0.036727987229824066,-0.0007457042811438441,0.03598228469491005,PREDICTED
14,AMES,0,0,C,0.006261004135012627,-0.001627112738788128,0.004633891396224499,PREDICTED
14,AMES,0,1,C,-0.10731445997953415,-0.003912453539669514,-0.11122691631317139,PREDICTED
14,AMES,0,2,C,-0.11564113199710846,-0.0058322506956756115,-0.12147337943315506,PREDICTED
14,AMES,0,3,C,-0.01242142915725708,-0.007956329733133316,-0.020377758890390396,PREDICTED
14,AMES,0,4,C,0.02520839311182499,0.013351114466786385,0.038559507578611374,PREDICTED
14,AMES,0,5,C,0.02070930041372776,0.016293495893478394,0.037002794444561005,PREDICTED
14,AMES,0,6,C,-9.286451677326113e-05,0.0023427011910825968,0.002249836688861251,PREDICTED
14,AMES,0,7,C,-0.02135082148015499,-0.0012676171027123928,-0.02261843904852867,PREDICTED
14,AMES,0,8,C,-0.0048570334911346436,-0.004438398405909538,-0.009295431897044182,PREDICTED
14,AMES,0,9,C,0.12139113247394562,-0.02625541016459465,0.09513571858406067,PREDICTED
14,AMES,0,10,O,0.1084686666727066,-0.02202654629945755,0.08644212037324905,PREDICTED
14,AMES,0,11,C,-0.02373853698372841,0.00668979762122035,-0.01704873889684677,PREDICTED
14,AMES,0,12,C,0.1263631135225296,-0.0025088286492973566,0.12385428696870804,PREDICTED
14,AMES,0,13,C,-0.04460100084543228,-0.01074190903455019,-0.0553429089486599,PREDICTED
14,AMES,0,14,C,0.05700162425637245,-0.0023623304441571236,0.0546392947435379,PREDICTED
14,AMES,0,15,C,0.03039448894560337,-0.01752038300037384,0.01287410594522953,PREDICTED
14,AMES,0,16,C,0.0629756897687912,-0.0020899479277431965,0.06088574230670929,PREDICTED
14,AMES,0,17,C,0.024947883561253548,-0.015467053279280663,0.009480830281972885,PREDICTED
14,AMES,0,18,C,0.02399674616754055,0.010504660196602345,0.03450140729546547,PREDICTED
14,AMES,0,19,C,0.054552968591451645,-0.009745011106133461,0.044807955622673035,PREDICTED
14,AMES,0,20,O,-0.22499099373817444,-0.021619968116283417,-0.24661096930503845,PREDICTED
14,AMES,0,21,O,-0.3452892005443573,-0.027552910149097443,-0.37284210324287415,PREDICTED
14,AMES,0,22,O,-0.132911816239357,-0.005172036588191986,-0.13808384537696838,PREDICTED
14,AMES,0,23,C,0.006261004135012627,-0.001627112738788128,0.004633891396224499,PREDICTED
14,Skin_Reaction,0,0,C,-0.037049926817417145,-0.002131822519004345,-0.039181750267744064,PREDICTED
14,Skin_Reaction,0,1,C,0.023658940568566322,-0.011368224397301674,0.012290716171264648,PREDICTED
14,Skin_Reaction,0,2,C,-0.03339030593633652,-0.005535940174013376,-0.038926247507333755,PREDICTED
14,Skin_Reaction,0,3,C,-0.00552526768296957,0.0019325115717947483,-0.003592756111174822,PREDICTED
14,Skin_Reaction,0,4,C,0.019888732582330704,-0.00028269749600440264,0.019606035202741623,PREDICTED
14,Skin_Reaction,0,5,C,0.023796817287802696,-0.0014479558449238539,0.022348862141370773,PREDICTED
14,Skin_Reaction,0,6,C,-0.0012321602553129196,-0.002776308450847864,-0.004008468706160784,PREDICTED
14,Skin_Reaction,0,7,C,-0.012868545949459076,-0.0011370828142389655,-0.014005628414452076,PREDICTED
14,Skin_Reaction,0,8,C,-0.012248820625245571,0.0005610211519524455,-0.011687799356877804,PREDICTED
14,Skin_Reaction,0,9,C,0.058252379298210144,-0.007675677537918091,0.05057670176029205,PREDICTED
14,Skin_Reaction,0,10,O,-0.002510072896257043,-0.014388315379619598,-0.016898388043045998,PREDICTED
14,Skin_Reaction,0,11,C,-0.001658193301409483,-0.00044143572449684143,-0.0020996290259063244,PREDICTED
14,Skin_Reaction,0,12,C,0.006873873993754387,0.00783715769648552,0.014711031690239906,PREDICTED
14,Skin_Reaction,0,13,C,0.009744739159941673,0.0037380680441856384,0.013482807204127312,PREDICTED
14,Skin_Reaction,0,14,C,-0.007533693220466375,-0.008005374111235142,-0.01553906686604023,PREDICTED
14,Skin_Reaction,0,15,C,0.003258679760619998,-0.004597924184054136,-0.0013392444234341383,PREDICTED
14,Skin_Reaction,0,16,C,0.000620880164206028,-0.001802721875719726,-0.001181841711513698,PREDICTED
14,Skin_Reaction,0,17,C,0.003771321615204215,-0.0074587007984519005,-0.0036873791832476854,PREDICTED
14,Skin_Reaction,0,18,C,0.006979065947234631,0.0002631284296512604,0.007242194376885891,PREDICTED
14,Skin_Reaction,0,19,C,0.0006923256441950798,-0.0031231651082634926,-0.0024308394640684128,PREDICTED
14,Skin_Reaction,0,20,O,-0.025922074913978577,-0.00342299765907228,-0.0293450728058815,PREDICTED
14,Skin_Reaction,0,21,O,-0.047625988721847534,-0.003411161247640848,-0.051037151366472244,PREDICTED
14,Skin_Reaction,0,22,O,0.0010756475385278463,0.001249594148248434,0.0023252416867762804,PREDICTED
14,Skin_Reaction,0,23,C,-0.037049926817417145,-0.002131822519004345,-0.039181750267744064,PREDICTED
14,Carcinogens_Lagunin,0,0,C,0.04299616813659668,0.000757327419705689,0.043753497302532196,PREDICTED
14,Carcinogens_Lagunin,0,1,C,-0.06508085131645203,0.0028123916126787663,-0.0622684583067894,PREDICTED
14,Carcinogens_Lagunin,0,2,C,-0.04652111977338791,-0.0023757570888847113,-0.048896875232458115,PREDICTED
14,Carcinogens_Lagunin,0,3,C,0.013608751818537712,-0.0025706570595502853,0.011038094758987427,PREDICTED
14,Carcinogens_Lagunin,0,4,C,-0.043631210923194885,8.232076652348042e-05,-0.043548889458179474,PREDICTED
14,Carcinogens_Lagunin,0,5,C,-0.03006858378648758,-0.001727909897454083,-0.031796492636203766,PREDICTED
14,Carcinogens_Lagunin,0,6,C,-0.025350337848067284,-0.002736248541623354,-0.02808658592402935,PREDICTED
14,Carcinogens_Lagunin,0,7,C,-0.013485226780176163,-0.0007502530934289098,-0.01423547975718975,PREDICTED
14,Carcinogens_Lagunin,0,8,C,-0.05069124326109886,0.0020986050367355347,-0.04859263822436333,PREDICTED
14,Carcinogens_Lagunin,0,9,C,-0.023103097453713417,-0.0013413262786343694,-0.024444423615932465,PREDICTED
14,Carcinogens_Lagunin,0,10,O,0.03318597376346588,0.0016967470292001963,0.034882720559835434,PREDICTED
14,Carcinogens_Lagunin,0,11,C,-0.03162427246570587,-2.6847701519727707e-06,-0.03162695840001106,PREDICTED
14,Carcinogens_Lagunin,0,12,C,-0.027149204164743423,-0.0077431658282876015,-0.03489236906170845,PREDICTED
14,Carcinogens_Lagunin,0,13,C,-0.04787144437432289,-0.0016160932136699557,-0.04948753863573074,PREDICTED
14,Carcinogens_Lagunin,0,14,C,-0.025228168815374374,-0.0024785371497273445,-0.027706705033779144,PREDICTED
14,Carcinogens_Lagunin,0,15,C,-0.02217336930334568,-0.004700151272118092,-0.026873521506786346,PREDICTED
14,Carcinogens_Lagunin,0,16,C,-0.027921589091420174,-0.005548455286771059,-0.033470045775175095,PREDICTED
14,Carcinogens_Lagunin,0,17,C,-0.030919793993234634,-0.010007116943597794,-0.04092691093683243,PREDICTED
14,Carcinogens_Lagunin,0,18,C,-0.026800183579325676,-0.004801931791007519,-0.03160211443901062,PREDICTED
14,Carcinogens_Lagunin,0,19,C,-0.004726570099592209,-0.0003150608390569687,-0.0050416309386491776,PREDICTED
14,Carcinogens_Lagunin,0,20,O,0.056999411433935165,-0.002919041318818927,0.05408037081360817,PREDICTED
14,Carcinogens_Lagunin,0,21,O,0.04487375169992447,-0.0010125463595613837,0.043861206620931625,PREDICTED
14,Carcinogens_Lagunin,0,22,O,0.05274311453104019,0.0005281305639073253,0.05327124521136284,PREDICTED
14,Carcinogens_Lagunin,0,23,C,0.04299616813659668,0.000757327419705689,0.043753497302532196,PREDICTED
15,AMES,0,0,C,0.04982179403305054,-0.001542367273941636,0.048279426991939545,PREDICTED
15,AMES,0,1,C,-0.0946580022573471,0.02686460129916668,-0.06779339909553528,PREDICTED
15,AMES,0,2,C,-0.05147930979728699,0.014973362907767296,-0.03650594502687454,PREDICTED
15,AMES,0,3,C,-0.004975481890141964,-0.0162807684391737,-0.021256249397993088,PREDICTED
15,AMES,0,4,C,0.14654779434204102,-0.03205696493387222,0.11449082940816879,PREDICTED
15,AMES,0,5,C,0.048928022384643555,0.02252829819917679,0.07145632058382034,PREDICTED
15,AMES,0,6,O,-0.012774861417710781,0.04386860877275467,0.031093746423721313,PREDICTED
15,AMES,0,7,C,-0.061622247099876404,-0.007480415515601635,-0.06910265982151031,PREDICTED
15,AMES,0,8,C,-0.07009745389223099,-0.006425925064831972,-0.07652337849140167,PREDICTED
15,AMES,0,9,C,0.013682041317224503,-0.0005005644634366035,0.013181476853787899,PREDICTED
15,AMES,0,10,C,0.13796916604042053,-0.0417187437415123,0.09625042229890823,PREDICTED
15,AMES,0,11,O,0.15023568272590637,-0.02668675221502781,0.12354893237352371,PREDICTED
15,AMES,0,12,C,-0.028284162282943726,0.010615634731948376,-0.017668526619672775,PREDICTED
15,AMES,0,13,C,0.13285239040851593,-0.0088215172290802,0.12403087317943573,PREDICTED
15,AMES,0,14,C,-0.04626024514436722,-0.01015052106231451,-0.0564107671380043,PREDICTED
15,AMES,0,15,C,0.05758809670805931,-0.0021234406158328056,0.05546465516090393,PREDICTED
15,AMES,0,16,C,0.049307260662317276,-0.02209658920764923,0.027210671454668045,PREDICTED
15,AMES,0,17,C,0.09375761449337006,0.0034682080149650574,0.09722582250833511,PREDICTED
15,AMES,0,18,C,0.0336369089782238,-0.01646815612912178,0.01716875284910202,PREDICTED
15,AMES,0,19,C,0.03866429254412651,0.016699424013495445,0.05536371469497681,PREDICTED
15,AMES,0,20,C,0.0342211090028286,-0.008999938145279884,0.025221170857548714,PREDICTED
15,AMES,0,21,O,-0.3517763614654541,-0.031230606138706207,-0.3830069601535797,PREDICTED
15,AMES,0,22,O,-0.4649330973625183,-0.03959982469677925,-0.5045329332351685,PREDICTED
15,AMES,0,23,C,0.04982179403305054,-0.001542367273941636,0.048279426991939545,PREDICTED
15,Skin_Reaction,0,0,C,-0.05195893719792366,-0.0014288967940956354,-0.0533878356218338,PREDICTED
15,Skin_Reaction,0,1,C,-0.0005778594641014934,0.008368727751076221,0.007790868170559406,PREDICTED
15,Skin_Reaction,0,2,C,0.012734191492199898,0.0063017550855875015,0.0190359465777874,PREDICTED
15,Skin_Reaction,0,3,C,0.0009159238543361425,-0.0009517893195152283,-3.586546517908573e-05,PREDICTED
15,Skin_Reaction,0,4,C,0.04198531433939934,-0.010589392855763435,0.03139591962099075,PREDICTED
15,Skin_Reaction,0,5,C,0.02179156243801117,0.002173065673559904,0.02396462857723236,PREDICTED
15,Skin_Reaction,0,6,O,-0.04606156796216965,0.01593012921512127,-0.030131438747048378,PREDICTED
15,Skin_Reaction,0,7,C,-0.017644565552473068,-0.002709481632336974,-0.020354047417640686,PREDICTED
15,Skin_Reaction,0,8,C,-0.019328085705637932,-0.0014886388089507818,-0.020816724747419357,PREDICTED
15,Skin_Reaction,0,9,C,-0.011941662058234215,0.002895958488807082,-0.009045703336596489,PREDICTED
15,Skin_Reaction,0,10,C,0.050328049808740616,-0.008684913627803326,0.041643135249614716,PREDICTED
15,Skin_Reaction,0,11,O,-0.00567307835444808,-0.014245658181607723,-0.019918736070394516,PREDICTED
15,Skin_Reaction,0,12,C,-0.0020203646272420883,0.00022149085998535156,-0.0017988737672567368,PREDICTED
15,Skin_Reaction,0,13,C,0.006134642753750086,0.007994068786501884,0.014128711074590683,PREDICTED
15,Skin_Reaction,0,14,C,0.007462598849087954,0.003943970892578363,0.011406569741666317,PREDICTED
15,Skin_Reaction,0,15,C,-0.006061863154172897,-0.00624301191419363,-0.012304875068366528,PREDICTED
15,Skin_Reaction,0,16,C,0.005119796842336655,-0.003931954503059387,0.0011878423392772675,PREDICTED
15,Skin_Reaction,0,17,C,-0.0004919480415992439,-0.0015853284858167171,-0.002077276585623622,PREDICTED
15,Skin_Reaction,0,18,C,0.007232984062284231,-0.007325140759348869,-9.215669706463814e-05,PREDICTED
15,Skin_Reaction,0,19,C,0.005529855843633413,0.001123765716329217,0.006653621792793274,PREDICTED
15,Skin_Reaction,0,20,C,-0.0071742176078259945,-0.00289126206189394,-0.010065479204058647,PREDICTED
15,Skin_Reaction,0,21,O,-0.03997191786766052,-0.004002494737505913,-0.043974414467811584,PREDICTED
15,Skin_Reaction,0,22,O,-0.05801704525947571,-0.004303616471588612,-0.062320660799741745,PREDICTED
15,Skin_Reaction,0,23,C,-0.05195893719792366,-0.0014288967940956354,-0.0533878356218338,PREDICTED
15,Carcinogens_Lagunin,0,0,C,0.023794356733560562,-0.000530701014213264,0.023263655602931976,PREDICTED
15,Carcinogens_Lagunin,0,1,C,-0.03364989534020424,-0.0010905261151492596,-0.034740421921014786,PREDICTED
15,Carcinogens_Lagunin,0,2,C,-0.04252949357032776,-0.008882535621523857,-0.051412031054496765,PREDICTED
15,Carcinogens_Lagunin,0,3,C,-0.04127146676182747,-0.007685841992497444,-0.04895731061697006,PREDICTED
15,Carcinogens_Lagunin,0,4,C,-0.031421542167663574,0.004107976332306862,-0.027313565835356712,PREDICTED
15,Carcinogens_Lagunin,0,5,C,-0.030665425583720207,0.005870463326573372,-0.024794962257146835,PREDICTED
15,Carcinogens_Lagunin,0,6,O,0.028254559263586998,0.004822586663067341,0.03307714685797691,PREDICTED
15,Carcinogens_Lagunin,0,7,C,-0.011430498212575912,-0.0013547880807891488,-0.012785286642611027,PREDICTED
15,Carcinogens_Lagunin,0,8,C,-0.008905869908630848,-0.0001818416640162468,-0.009087711572647095,PREDICTED
15,Carcinogens_Lagunin,0,9,C,-0.026067987084388733,0.0028936269227415323,-0.023174360394477844,PREDICTED
15,Carcinogens_Lagunin,0,10,C,-0.025673819705843925,0.0012394965160638094,-0.024434322491288185,PREDICTED
15,Carcinogens_Lagunin,0,11,O,0.020022524520754814,0.0024389636237174273,0.022461488842964172,PREDICTED
15,Carcinogens_Lagunin,0,12,C,-0.02498256042599678,0.0003603000659495592,-0.02462225966155529,PREDICTED
15,Carcinogens_Lagunin,0,13,C,-0.049588534981012344,-0.006235916167497635,-0.05582445114850998,PREDICTED
15,Carcinogens_Lagunin,0,14,C,-0.037614233791828156,0.0004983851686120033,-0.03711584955453873,PREDICTED
15,Carcinogens_Lagunin,0,15,C,-0.01735127903521061,-0.0034154735039919615,-0.02076675184071064,PREDICTED
15,Carcinogens_Lagunin,0,16,C,-0.01569024845957756,-0.0034603129606693983,-0.019150560721755028,PREDICTED
15,Carcinogens_Lagunin,0,17,C,-0.023821504786610603,-0.004828291013836861,-0.028649795800447464,PREDICTED
15,Carcinogens_Lagunin,0,18,C,-0.02523692697286606,-0.007697874214500189,-0.032934799790382385,PREDICTED
15,Carcinogens_Lagunin,0,19,C,-0.021630359813570976,-0.004039210267364979,-0.02566957101225853,PREDICTED
15,Carcinogens_Lagunin,0,20,C,-0.011134580709040165,-0.0008209230145439506,-0.01195550337433815,PREDICTED
15,Carcinogens_Lagunin,0,21,O,0.0578601211309433,-0.001426765345968306,0.056433357298374176,PREDICTED
15,Carcinogens_Lagunin,0,22,O,0.04102294147014618,-0.000551293371245265,0.040471646934747696,PREDICTED
15,Carcinogens_Lagunin,0,23,C,0.023794356733560562,-0.000530701014213264,0.023263655602931976,PREDICTED
9,AMES,1,0,C,-0.11198748648166656,-0.0033918838016688824,-0.11537937074899673,PREDICTED
9,AMES,1,1,O,0.02016008272767067,0.006869085598737001,0.027029167860746384,PREDICTED
9,AMES,1,2,C,0.10260165482759476,0.026659799739718437,0.12926144897937775,PREDICTED
9,AMES,1,3,C,0.06384240090847015,0.04670824855566025,0.1105506494641304,PREDICTED
9,AMES,1,4,C,-0.10467692464590073,0.023972071707248688,-0.08070485293865204,PREDICTED
9,AMES,1,5,C,0.019750922918319702,0.0525384284555912,0.0722893476486206,PREDICTED
9,AMES,1,6,C,0.021044664084911346,0.017387425526976585,0.03843209147453308,PREDICTED
9,AMES,1,7,C,-0.0067809997126460075,0.0032068262808024883,-0.003574173431843519,PREDICTED
9,AMES,1,8,C,-0.02454611286520958,0.01558258943259716,-0.008963523432612419,PREDICTED
9,AMES,1,9,C,-0.18609026074409485,-0.0011790227144956589,-0.18726928532123566,PREDICTED
9,AMES,1,10,C,0.08293480426073074,0.022362545132637024,0.10529734939336777,PREDICTED
9,AMES,1,11,C,0.04951297119259834,0.03950875997543335,0.0890217274427414,PREDICTED
9,AMES,1,12,C,0.014452032744884491,0.03180762380361557,0.04625965654850006,PREDICTED
9,AMES,1,13,C,-0.10034691542387009,-0.0008674934506416321,-0.10121440887451172,PREDICTED
9,AMES,1,14,C,-0.019899632781744003,0.01911960169672966,-0.0007800310850143433,PREDICTED
9,AMES,1,15,C,-0.07097239047288895,0.011975303292274475,-0.05899708718061447,PREDICTED
9,AMES,1,16,O,-0.25101661682128906,-0.046339478343725204,-0.29735609889030457,PREDICTED
9,AMES,1,17,O,0.15747374296188354,0.010643906891345978,0.16811764240264893,PREDICTED
9,AMES,1,18,C,-0.15493948757648468,0.0034480877220630646,-0.15149140357971191,PREDICTED
9,AMES,1,19,O,-0.27486419677734375,-0.04440402612090111,-0.31926822662353516,PREDICTED
9,Skin_Reaction,1,0,C,-0.057004060596227646,0.0012158886529505253,-0.05578817054629326,PREDICTED
9,Skin_Reaction,1,1,O,-0.03532309830188751,0.00023284158669412136,-0.03509025648236275,PREDICTED
9,Skin_Reaction,1,2,C,0.012244593352079391,0.0004398454912006855,0.01268443837761879,PREDICTED
9,Skin_Reaction,1,3,C,0.022207675501704216,0.004321010783314705,0.02652868628501892,PREDICTED
9,Skin_Reaction,1,4,C,0.0020477180369198322,-0.0037773731164634228,-0.0017296550795435905,PREDICTED
9,Skin_Reaction,1,5,C,-0.007946444675326347,0.004430487751960754,-0.003515956923365593,PREDICTED
9,Skin_Reaction,1,6,C,0.0010141275124624372,0.001303880475461483,0.0023180078715085983,PREDICTED
9,Skin_Reaction,1,7,C,0.010030473582446575,0.001451512216590345,0.011481985449790955,PREDICTED
9,Skin_Reaction,1,8,C,0.0432719849050045,-0.003703441470861435,0.039568543434143066,PREDICTED
9,Skin_Reaction,1,9,C,-0.0019030369585379958,-0.007459945976734161,-0.009362982586026192,PREDICTED
9,Skin_Reaction,1,10,C,0.024770110845565796,-0.005889189895242453,0.018880920484662056,PREDICTED
9,Skin_Reaction,1,11,C,0.0010677349055185914,-0.0038459468632936478,-0.002778212074190378,PREDICTED
9,Skin_Reaction,1,12,C,0.008039208129048347,0.00024024862796068192,0.00827945675700903,PREDICTED
9,Skin_Reaction,1,13,C,-0.00932815670967102,-0.010367827489972115,-0.019695984199643135,PREDICTED
9,Skin_Reaction,1,14,C,0.009642880409955978,0.0026048114523291588,0.012247691862285137,PREDICTED
9,Skin_Reaction,1,15,C,-0.002996913157403469,0.0001033598673529923,-0.0028935533482581377,PREDICTED
9,Skin_Reaction,1,16,O,-0.05478688329458237,-0.014624329283833504,-0.06941121071577072,PREDICTED
9,Skin_Reaction,1,17,O,-0.008008782751858234,-0.005054273642599583,-0.013063056394457817,PREDICTED
9,Skin_Reaction,1,18,C,-0.0036823509726673365,-0.005688909441232681,-0.009371260181069374,PREDICTED
9,Skin_Reaction,1,19,O,-0.04639284312725067,-0.010420515201985836,-0.05681335926055908,PREDICTED
9,Carcinogens_Lagunin,1,0,C,-0.05129222199320793,-0.0018993370467796922,-0.05319155752658844,PREDICTED
9,Carcinogens_Lagunin,1,1,O,-0.013094942085444927,-0.004211293533444405,-0.017306234687566757,PREDICTED
9,Carcinogens_Lagunin,1,2,C,-0.023799890652298927,0.0022266232408583164,-0.021573267877101898,PREDICTED
9,Carcinogens_Lagunin,1,3,C,-0.0007383041083812714,0.0009146060911007226,0.0001763019827194512,PREDICTED
9,Carcinogens_Lagunin,1,4,C,-0.00561962416395545,-0.0002742091310210526,-0.005893833469599485,PREDICTED
9,Carcinogens_Lagunin,1,5,C,-0.008986424654722214,0.002265485469251871,-0.006720939185470343,PREDICTED
9,Carcinogens_Lagunin,1,6,C,-0.005596830975264311,0.0011084717698395252,-0.004488359205424786,PREDICTED
9,Carcinogens_Lagunin,1,7,C,-0.00259748799726367,0.0017039722297340631,-0.0008935157675296068,PREDICTED
9,Carcinogens_Lagunin,1,8,C,-0.007222781889140606,-0.0018262745579704642,-0.009049056097865105,PREDICTED
9,Carcinogens_Lagunin,1,9,C,-0.027237743139266968,-0.0004127561114728451,-0.0276504997164011,PREDICTED
9,Carcinogens_Lagunin,1,10,C,-0.011700141243636608,0.006331583019345999,-0.005368558224290609,PREDICTED
9,Carcinogens_Lagunin,1,11,C,-0.025665367022156715,0.001782117411494255,-0.02388324961066246,PREDICTED
9,Carcinogens_Lagunin,1,12,C,-0.00538603775203228,-0.0018587519880384207,-0.007244789972901344,PREDICTED
9,Carcinogens_Lagunin,1,13,C,-0.007201861590147018,-0.0026590239722281694,-0.009860885329544544,PREDICTED
9,Carcinogens_Lagunin,1,14,C,-0.006478914991021156,-0.0008109532645903528,-0.00728986831381917,PREDICTED
9,Carcinogens_Lagunin,1,15,C,-0.005646016448736191,0.0015436818357557058,-0.004102334380149841,PREDICTED
9,Carcinogens_Lagunin,1,16,O,0.017574775964021683,-0.0014499013777822256,0.016124874353408813,PREDICTED
9,Carcinogens_Lagunin,1,17,O,-0.002795256907120347,-0.0007718214765191078,-0.003567078383639455,PREDICTED
9,Carcinogens_Lagunin,1,18,C,-0.02978224866092205,0.0010857335291802883,-0.028696514666080475,PREDICTED
9,Carcinogens_Lagunin,1,19,O,0.005813871044665575,-0.0012370941694825888,0.00457677710801363,PREDICTED
10,AMES,1,0,C,-0.0692548081278801,-0.00010345474584028125,-0.06935825943946838,PREDICTED
10,AMES,1,1,C,-0.09449246525764465,0.016108781099319458,-0.0783836841583252,PREDICTED
10,AMES,1,2,C,-0.12210956960916519,-0.00397290987893939,-0.12608247995376587,PREDICTED
10,AMES,1,3,C,-0.06268878281116486,-0.03189272806048393,-0.09458151459693909,PREDICTED
10,AMES,1,4,C,-0.06110221520066261,0.08452706784009933,0.023424852639436722,PREDICTED
10,AMES,1,5,C,-0.06513889878988266,0.03668949753046036,-0.028449401259422302,PREDICTED
10,AMES,1,6,C,0.018813161179423332,0.01566360704600811,0.03447676822543144,PREDICTED
10,AMES,1,7,C,-0.03365989401936531,0.008130199275910854,-0.02552969381213188,PREDICTED
10,AMES,1,8,C,0.011036796495318413,0.029085714370012283,0.04012250900268555,PREDICTED
10,AMES,1,9,C,0.004025285132229328,0.09302127361297607,0.09704656153917313,PREDICTED
10,AMES,1,10,O,0.04138157516717911,0.006170166656374931,0.04755174368619919,PREDICTED
10,AMES,1,11,C,-0.12894950807094574,-0.007263660430908203,-0.13621316850185394,PREDICTED
10,AMES,1,12,C,-0.010094327852129936,-0.0014345578383654356,-0.011528885923326015,PREDICTED
10,AMES,1,13,C,-0.1709795594215393,-0.006745065562427044,-0.17772462964057922,PREDICTED
10,AMES,1,14,C,0.06405241787433624,0.044419243931770325,0.10847166180610657,PREDICTED
10,AMES,1,15,C,-0.08357233554124832,0.021943598985671997,-0.061628736555576324,PREDICTED
10,AMES,1,16,C,0.05090983957052231,0.03419511765241623,0.08510495722293854,PREDICTED
10,AMES,1,17,C,0.05833298712968826,0.021840129047632217,0.08017311990261078,PREDICTED
10,AMES,1,18,C,-0.0079721137881279,0.0033060694113373756,-0.0046660443767905235,PREDICTED
10,AMES,1,19,C,0.015746669843792915,0.014114941470324993,0.029861610382795334,PREDICTED
10,AMES,1,20,O,0.016284778714179993,0.003856292925775051,0.02014107257127762,PREDICTED
10,AMES,1,21,C,-0.12302570790052414,-0.003466404043138027,-0.12649211287498474,PREDICTED
10,AMES,1,22,O,-0.16998350620269775,-0.028336580842733383,-0.19832009077072144,PREDICTED
10,AMES,1,23,O,-0.11644736677408218,-0.01877600885927677,-0.1352233737707138,PREDICTED
10,AMES,1,24,C,-0.0692548081278801,-0.00010345474584028125,-0.06935825943946838,PREDICTED
10,Skin_Reaction,1,0,C,-0.05318112671375275,0.00011818241910077631,-0.05306294560432434,PREDICTED
10,Skin_Reaction,1,1,C,0.0029255698900669813,0.004196469206362963,0.0071220388635993,PREDICTED
10,Skin_Reaction,1,2,C,0.0263957716524601,-0.0009454904939047992,0.02545028179883957,PREDICTED
10,Skin_Reaction,1,3,C,0.01888233609497547,-0.005612185224890709,0.013270150870084763,PREDICTED
10,Skin_Reaction,1,4,C,-0.017315316945314407,0.013872611336410046,-0.0034427056089043617,PREDICTED
10,Skin_Reaction,1,5,C,-0.010280552320182323,0.0022307531908154488,-0.008049799129366875,PREDICTED
10,Skin_Reaction,1,6,C,0.013035525567829609,0.0022195170167833567,0.015255042351782322,PREDICTED
10,Skin_Reaction,1,7,C,-0.0007513159653171897,-0.000437048525782302,-0.0011883644619956613,PREDICTED
10,Skin_Reaction,1,8,C,0.01926826685667038,0.002350269351154566,0.021618535742163658,PREDICTED
10,Skin_Reaction,1,9,C,-0.013608290813863277,0.016726622357964516,0.0031183315441012383,PREDICTED
10,Skin_Reaction,1,10,O,-0.03478758782148361,-0.002924584783613682,-0.03771217167377472,PREDICTED
10,Skin_Reaction,1,11,C,-0.006334390491247177,-0.007703433278948069,-0.014037823304533958,PREDICTED
10,Skin_Reaction,1,12,C,0.03915946185588837,-0.005948718637228012,0.033210743218660355,PREDICTED
10,Skin_Reaction,1,13,C,-0.006200798787176609,-0.007147298660129309,-0.01334809698164463,PREDICTED
10,Skin_Reaction,1,14,C,-0.005677919369190931,0.002618035301566124,-0.0030598840676248074,PREDICTED
10,Skin_Reaction,1,15,C,0.00028699683025479317,-0.003279886208474636,-0.002992889378219843,PREDICTED
10,Skin_Reaction,1,16,C,0.0188345517963171,0.0020995691884309053,0.020934121683239937,PREDICTED
10,Skin_Reaction,1,17,C,0.0007654947694391012,-0.0004369474481791258,0.00032854732125997543,PREDICTED
10,Skin_Reaction,1,18,C,0.007917176932096481,0.0012724825646728277,0.009189659729599953,PREDICTED
10,Skin_Reaction,1,19,C,0.0015266991686075926,0.0005104208830744028,0.0020371200516819954,PREDICTED
10,Skin_Reaction,1,20,O,-0.03708591312170029,-0.0006914298282936215,-0.03777734190225601,PREDICTED
10,Skin_Reaction,1,21,C,-0.0604245625436306,0.001179494196549058,-0.059245068579912186,PREDICTED
10,Skin_Reaction,1,22,O,-0.022057663649320602,-0.00702262669801712,-0.029080290347337723,PREDICTED
10,Skin_Reaction,1,23,O,-0.008989510126411915,-0.006303139962255955,-0.01529265008866787,PREDICTED
10,Skin_Reaction,1,24,C,-0.05318112671375275,0.00011818241910077631,-0.05306294560432434,PREDICTED
10,Carcinogens_Lagunin,1,0,C,-0.010370845906436443,-0.0004001349734608084,-0.010770981200039387,PREDICTED
10,Carcinogens_Lagunin,1,1,C,-0.024272792041301727,-0.0009178996551781893,-0.025190692394971848,PREDICTED
10,Carcinogens_Lagunin,1,2,C,-0.02014927752315998,-0.0022374826949089766,-0.022386759519577026,PREDICTED
10,Carcinogens_Lagunin,1,3,C,-0.015022522769868374,-0.003824713407084346,-0.018847236409783363,PREDICTED
10,Carcinogens_Lagunin,1,4,C,-0.015809038653969765,0.009722068905830383,-0.006086969748139381,PREDICTED
10,Carcinogens_Lagunin,1,5,C,-0.007801332976669073,0.006506558042019606,-0.0012947749346494675,PREDICTED
10,Carcinogens_Lagunin,1,6,C,-0.0038311888929456472,0.00034299163962714374,-0.003488197224214673,PREDICTED
10,Carcinogens_Lagunin,1,7,C,-0.0018582518678158522,0.0012988727539777756,-0.0005593791138380766,PREDICTED
10,Carcinogens_Lagunin,1,8,C,-0.01147143542766571,0.00826241634786129,-0.0032090190798044205,PREDICTED
10,Carcinogens_Lagunin,1,9,C,-0.010501000098884106,0.011883124709129333,0.0013821246102452278,PREDICTED
10,Carcinogens_Lagunin,1,10,O,-0.013211745768785477,0.00087340222671628,-0.012338344007730484,PREDICTED
10,Carcinogens_Lagunin,1,11,C,-0.028997525572776794,0.000658598612062633,-0.028338927775621414,PREDICTED
10,Carcinogens_Lagunin,1,12,C,-0.007989956997334957,-0.0016011166153475642,-0.009591073729097843,PREDICTED
10,Carcinogens_Lagunin,1,13,C,-0.034102145582437515,0.0005868421867489815,-0.03351530432701111,PREDICTED
10,Carcinogens_Lagunin,1,14,C,-0.001987115480005741,0.0029448592104017735,0.0009577437303960323,PREDICTED
10,Carcinogens_Lagunin,1,15,C,-0.006197734270244837,0.0011841385858133435,-0.005013595800846815,PREDICTED
10,Carcinogens_Lagunin,1,16,C,0.00034496240550652146,0.000690192449837923,0.0010351547971367836,PREDICTED
10,Carcinogens_Lagunin,1,17,C,-0.025835204869508743,0.0022244795691221952,-0.02361072599887848,PREDICTED
10,Carcinogens_Lagunin,1,18,C,-0.002435687929391861,0.0018476198893040419,-0.0005880680400878191,PREDICTED
10,Carcinogens_Lagunin,1,19,C,-0.004149912856519222,0.0013931803405284882,-0.002756732515990734,PREDICTED
10,Carcinogens_Lagunin,1,20,O,-0.016263481229543686,-0.004498550668358803,-0.02076203189790249,PREDICTED
10,Carcinogens_Lagunin,1,21,C,-0.0504271574318409,-0.0019664380233734846,-0.0523935966193676,PREDICTED
10,Carcinogens_Lagunin,1,22,O,0.016870863735675812,0.0003009419306181371,0.01717180572450161,PREDICTED
10,Carcinogens_Lagunin,1,23,O,0.01936810091137886,7.907437975518405e-05,0.019447175785899162,PREDICTED
10,Carcinogens_Lagunin,1,24,C,-0.010370845906436443,-0.0004001349734608084,-0.010770981200039387,PREDICTED
11,AMES,1,0,C,-0.12906038761138916,-0.0069087473675608635,-0.1359691321849823,PREDICTED
11,AMES,1,1,C,-0.06382264196872711,0.028792142868041992,-0.03503049910068512,PREDICTED
11,AMES,1,2,C,-0.13010074198246002,0.034619975835084915,-0.0954807698726654,PREDICTED
11,AMES,1,3,C,-0.057569488883018494,0.04778027534484863,-0.00978921353816986,PREDICTED
11,AMES,1,4,C,-0.07284408062696457,0.07195164263248444,-0.0008924379944801331,PREDICTED
11,AMES,1,5,C,-0.11570636183023453,0.05927037447690964,-0.05643598735332489,PREDICTED
11,AMES,1,6,O,-0.04095611721277237,0.08041210472583771,0.03945598751306534,PREDICTED
11,AMES,1,7,C,-0.016970975324511528,0.0006382951978594065,-0.016332680359482765,PREDICTED
11,AMES,1,8,C,-0.011150381527841091,0.02294687181711197,0.011796490289270878,PREDICTED
11,AMES,1,9,C,-0.0653981938958168,0.059793584048748016,-0.005604609847068787,PREDICTED
11,AMES,1,10,C,0.04650823026895523,0.09166620671749115,0.13817444443702698,PREDICTED
11,AMES,1,11,O,0.076113760471344,0.026730164885520935,0.10284392535686493,PREDICTED
11,AMES,1,12,C,-0.15417072176933289,0.02088993415236473,-0.13328078389167786,PREDICTED
11,AMES,1,13,C,0.33198800683021545,0.0034475503489375114,0.33543556928634644,PREDICTED
11,AMES,1,14,C,-0.21755801141262054,0.020568668842315674,-0.19698934257030487,PREDICTED
11,AMES,1,15,C,-0.10949567705392838,0.04044577479362488,-0.0690499022603035,PREDICTED
11,AMES,1,16,C,-0.08863386511802673,0.021989144384860992,-0.06664472073316574,PREDICTED
11,AMES,1,17,C,0.057214390486478806,0.04363756254315376,0.10085195302963257,PREDICTED
11,AMES,1,18,C,0.07459477335214615,0.03546328470110893,0.11005805432796478,PREDICTED
11,AMES,1,19,C,-0.010873503051698208,0.00706541258841753,-0.003808090463280678,PREDICTED
11,AMES,1,20,C,0.0471324622631073,0.03593127802014351,0.08306373655796051,PREDICTED
11,AMES,1,21,O,0.034900642931461334,0.007456554099917412,0.042357198894023895,PREDICTED
11,AMES,1,22,C,-0.144556924700737,-0.0057664792984724045,-0.15032340586185455,PREDICTED
11,AMES,1,23,O,-0.28534188866615295,-0.039126716554164886,-0.32446861267089844,PREDICTED
11,AMES,1,24,C,-0.12906038761138916,-0.0069087473675608635,-0.1359691321849823,PREDICTED
11,Skin_Reaction,1,0,C,-0.04797128587961197,0.00012465918553061783,-0.04784662649035454,PREDICTED
11,Skin_Reaction,1,1,C,0.0039006820879876614,-0.004155258648097515,-0.00025457656010985374,PREDICTED
11,Skin_Reaction,1,2,C,0.001322466880083084,0.002306706504896283,0.0036291733849793673,PREDICTED
11,Skin_Reaction,1,3,C,0.00026564544532448053,0.005587688647210598,0.005853333976119757,PREDICTED
11,Skin_Reaction,1,4,C,0.0019435383146628737,0.004949765279889107,0.006893303710967302,PREDICTED
11,Skin_Reaction,1,5,C,-0.007152612321078777,0.002928554080426693,-0.004224058240652084,PREDICTED
11,Skin_Reaction,1,6,O,-0.0517503097653389,0.0018892174120992422,-0.04986109212040901,PREDICTED
11,Skin_Reaction,1,7,C,0.014587539248168468,-9.165587835013866e-05,0.014495883136987686,PREDICTED
11,Skin_Reaction,1,8,C,-8.337644976563752e-05,0.00027773366309702396,0.00019435721333138645,PREDICTED
11,Skin_Reaction,1,9,C,-0.010268381796777248,0.004698307253420353,-0.0055700745433568954,PREDICTED
11,Skin_Reaction,1,10,C,0.016722893342375755,0.02163940668106079,0.038362301886081696,PREDICTED
11,Skin_Reaction,1,11,O,-0.06041685864329338,0.0012637344188988209,-0.05915312469005585,PREDICTED
11,Skin_Reaction,1,12,C,-0.007781870663166046,-0.005327673628926277,-0.013109544292092323,PREDICTED
11,Skin_Reaction,1,13,C,0.037748679518699646,-9.443750604987144e-05,0.037654243409633636,PREDICTED
11,Skin_Reaction,1,14,C,-0.0011494895443320274,-0.00495171919465065,-0.0061012087389826775,PREDICTED
11,Skin_Reaction,1,15,C,-0.019457124173641205,-0.003412945894524455,-0.02287006936967373,PREDICTED
11,Skin_Reaction,1,16,C,-0.004858459811657667,-0.003428105264902115,-0.00828656554222107,PREDICTED
11,Skin_Reaction,1,17,C,0.02136063575744629,0.002141434233635664,0.02350207045674324,PREDICTED
11,Skin_Reaction,1,18,C,0.005209064576774836,0.0009920905577018857,0.0062011550180613995,PREDICTED
11,Skin_Reaction,1,19,C,0.008769486099481583,0.0014019415248185396,0.010171427391469479,PREDICTED
11,Skin_Reaction,1,20,C,0.005839707795530558,-0.0011829857248812914,0.004656721837818623,PREDICTED
11,Skin_Reaction,1,21,O,-0.04256226494908333,0.0007124701514840126,-0.04184979572892189,PREDICTED
11,Skin_Reaction,1,22,C,-0.06871289759874344,0.000991322216577828,-0.06772157549858093,PREDICTED
11,Skin_Reaction,1,23,O,-0.015807529911398888,-0.00429835170507431,-0.020105881616473198,PREDICTED
11,Skin_Reaction,1,24,C,-0.04797128587961197,0.00012465918553061783,-0.04784662649035454,PREDICTED
11,Carcinogens_Lagunin,1,0,C,-0.02293848991394043,-0.0010983318788930774,-0.024036820977926254,PREDICTED
11,Carcinogens_Lagunin,1,1,C,-0.012418048456311226,0.0021868846379220486,-0.01023116335272789,PREDICTED
11,Carcinogens_Lagunin,1,2,C,-0.016713660210371017,-0.0008380765793845057,-0.017551736906170845,PREDICTED
11,Carcinogens_Lagunin,1,3,C,-0.017452850937843323,-0.0017585582099854946,-0.019211409613490105,PREDICTED
11,Carcinogens_Lagunin,1,4,C,-0.005832788068801165,0.006335689686238766,0.0005029016174376011,PREDICTED
11,Carcinogens_Lagunin,1,5,C,-0.021383581683039665,0.009264999069273472,-0.012118582613766193,PREDICTED
11,Carcinogens_Lagunin,1,6,O,-0.012062210589647293,0.008028499782085419,-0.004033710807561874,PREDICTED
11,Carcinogens_Lagunin,1,7,C,-0.004699164070188999,0.00105592655017972,-0.0036432375200092793,PREDICTED
11,Carcinogens_Lagunin,1,8,C,-0.0020104111172258854,0.0010532839223742485,-0.0009571271948516369,PREDICTED
11,Carcinogens_Lagunin,1,9,C,-0.0048305802047252655,0.0038086280692368746,-0.001021952135488391,PREDICTED
11,Carcinogens_Lagunin,1,10,C,0.0014400091022253036,0.005816870369017124,0.007256879471242428,PREDICTED
11,Carcinogens_Lagunin,1,11,O,-0.015262119472026825,0.0007493305602110922,-0.014512788504362106,PREDICTED
11,Carcinogens_Lagunin,1,12,C,-0.022973474115133286,0.0019055583979934454,-0.021067915484309196,PREDICTED
11,Carcinogens_Lagunin,1,13,C,-0.00970256607979536,-0.001347687211818993,-0.011050253175199032,PREDICTED
11,Carcinogens_Lagunin,1,14,C,-0.025546768680214882,-0.0004854873986914754,-0.026032255962491035,PREDICTED
11,Carcinogens_Lagunin,1,15,C,-0.013113310560584068,0.0015719133662059903,-0.0115413973107934,PREDICTED
11,Carcinogens_Lagunin,1,16,C,-0.0029068568255752325,0.0012504863552749157,-0.0016563704703003168,PREDICTED
11,Carcinogens_Lagunin,1,17,C,0.000288367155008018,0.0009346049628220499,0.001222972059622407,PREDICTED
11,Carcinogens_Lagunin,1,18,C,-0.02193446084856987,0.0022416645660996437,-0.0196927972137928,PREDICTED
11,Carcinogens_Lagunin,1,19,C,-0.002001404296606779,0.0017684483900666237,-0.0002329559065401554,PREDICTED
11,Carcinogens_Lagunin,1,20,C,0.0018535568378865719,0.0019389116205275059,0.0037924684584140778,PREDICTED
11,Carcinogens_Lagunin,1,21,O,-0.013334793969988823,-0.0041235098615288734,-0.01745830476284027,PREDICTED
11,Carcinogens_Lagunin,1,22,C,-0.047162093222141266,-0.0019340412691235542,-0.049096133559942245,PREDICTED
11,Carcinogens_Lagunin,1,23,O,0.016686758026480675,0.0009576597949489951,0.01764441840350628,PREDICTED
11,Carcinogens_Lagunin,1,24,C,-0.02293848991394043,-0.0010983318788930774,-0.024036820977926254,PREDICTED
13,AMES,1,0,C,-0.16953860223293304,-0.002719513140618801,-0.17225810885429382,PREDICTED
13,AMES,1,1,C,-0.014749553054571152,0.015279209241271019,0.0005296561866998672,PREDICTED
13,AMES,1,2,C,-0.14807672798633575,0.0027784276753664017,-0.1452983021736145,PREDICTED
13,AMES,1,3,O,0.14026278257369995,0.006392979063093662,0.14665576815605164,PREDICTED
13,AMES,1,4,C,0.039870478212833405,0.02998575195670128,0.06985622644424438,PREDICTED
13,AMES,1,5,C,0.07218433916568756,0.015623192302882671,0.08780752867460251,PREDICTED
13,AMES,1,6,C,-0.06777723133563995,0.009146864525973797,-0.05863036587834358,PREDICTED
13,AMES,1,7,C,-0.020966392010450363,0.015588365495204926,-0.005378026515245438,PREDICTED
13,AMES,1,8,C,-0.08875292539596558,-0.001901242882013321,-0.0906541645526886,PREDICTED
13,AMES,1,9,C,0.005192939657717943,0.02667081356048584,0.031863752752542496,PREDICTED
13,AMES,1,10,O,-0.23390144109725952,-0.04075874015688896,-0.2746601700782776,PREDICTED
13,AMES,1,11,C,0.03001876175403595,0.03524109348654747,0.06525985896587372,PREDICTED
13,AMES,1,12,C,0.02249659225344658,0.016286909580230713,0.03878350183367729,PREDICTED
13,AMES,1,13,C,0.03986240178346634,0.058304958045482635,0.09816735982894897,PREDICTED
13,AMES,1,14,C,0.0513707771897316,-0.007061067968606949,0.04430970922112465,PREDICTED
13,AMES,1,15,C,0.005807682406157255,0.01714712753891945,0.02295481041073799,PREDICTED
13,AMES,1,16,C,-0.01593002863228321,0.01897875964641571,0.0030487310141324997,PREDICTED
13,AMES,1,17,O,-0.2466410994529724,-0.04313741624355316,-0.28977853059768677,PREDICTED
13,AMES,1,18,O,-0.2073008120059967,-0.037845633924007416,-0.24514645338058472,PREDICTED
13,Skin_Reaction,1,0,C,0.004219644702970982,-0.007212575525045395,-0.0029929308220744133,PREDICTED
13,Skin_Reaction,1,1,C,0.04051277041435242,-0.0034029521048069,0.03710981830954552,PREDICTED
13,Skin_Reaction,1,2,C,0.0022750378120690584,-0.00666086608543992,-0.004385828040540218,PREDICTED
13,Skin_Reaction,1,3,O,-0.007497106678783894,-0.006350760813802481,-0.013847867026925087,PREDICTED
13,Skin_Reaction,1,4,C,0.006940286140888929,-0.004172967281192541,0.0027673188596963882,PREDICTED
13,Skin_Reaction,1,5,C,0.02537127025425434,-0.005824405699968338,0.019546864554286003,PREDICTED
13,Skin_Reaction,1,6,C,-0.005468008574098349,-3.501650644466281e-05,-0.005503024905920029,PREDICTED
13,Skin_Reaction,1,7,C,0.007514749653637409,0.002452293410897255,0.009967043064534664,PREDICTED
13,Skin_Reaction,1,8,C,-0.006969779264181852,-0.009885279461741447,-0.016855059191584587,PREDICTED
13,Skin_Reaction,1,9,C,0.006143381353467703,0.000638006255030632,0.006781387608498335,PREDICTED
13,Skin_Reaction,1,10,O,-0.058539994060993195,-0.014430887997150421,-0.07297088205814362,PREDICTED
13,Skin_Reaction,1,11,C,-0.0070173898711800575,0.0023897269275039434,-0.00462766271084547,PREDICTED
13,Skin_Reaction,1,12,C,0.009968258440494537,-0.0038448143750429153,0.006123444065451622,PREDICTED
13,Skin_Reaction,1,13,C,0.019814686849713326,0.00916521530598402,0.02897990122437477,PREDICTED
13,Skin_Reaction,1,14,C,0.01242789812386036,-0.00991469994187355,0.0025131981819868088,PREDICTED
13,Skin_Reaction,1,15,C,0.015376844443380833,0.0027860375121235847,0.018162881955504417,PREDICTED
13,Skin_Reaction,1,16,C,-0.006876619067043066,0.0014530913904309273,-0.005423527676612139,PREDICTED
13,Skin_Reaction,1,17,O,-0.05424393713474274,-0.013967663049697876,-0.06821160018444061,PREDICTED
13,Skin_Reaction,1,18,O,-0.05297074466943741,-0.011631742119789124,-0.06460248678922653,PREDICTED
13,Carcinogens_Lagunin,1,0,C,-0.027267901226878166,-6.134412251412868e-05,-0.02732924558222294,PREDICTED
13,Carcinogens_Lagunin,1,1,C,-0.008149830624461174,-0.002611048985272646,-0.010760879144072533,PREDICTED
13,Carcinogens_Lagunin,1,2,C,-0.029460102319717407,0.0013307547196745872,-0.028129346668720245,PREDICTED
13,Carcinogens_Lagunin,1,3,O,-0.005393410101532936,-0.001228431472554803,-0.006621841341257095,PREDICTED
13,Carcinogens_Lagunin,1,4,C,-0.025732751935720444,0.0019374082330614328,-0.023795343935489655,PREDICTED
13,Carcinogens_Lagunin,1,5,C,-0.014364348724484444,0.007611125707626343,-0.006753223016858101,PREDICTED
13,Carcinogens_Lagunin,1,6,C,-0.007770969998091459,0.001573883811943233,-0.0061970860697329044,PREDICTED
13,Carcinogens_Lagunin,1,7,C,-0.008671299554407597,-0.0010916637256741524,-0.009762963280081749,PREDICTED
13,Carcinogens_Lagunin,1,8,C,-0.006377873942255974,-0.004616194404661655,-0.01099406834691763,PREDICTED
13,Carcinogens_Lagunin,1,9,C,-0.007404515985399485,-0.0017789200646802783,-0.009183435700833797,PREDICTED
13,Carcinogens_Lagunin,1,10,O,0.010400663129985332,-0.0034148646518588066,0.006985798478126526,PREDICTED
13,Carcinogens_Lagunin,1,11,C,-0.017945481464266777,0.0015802799025550485,-0.016365202143788338,PREDICTED
13,Carcinogens_Lagunin,1,12,C,-0.021504968404769897,0.0015541382599622011,-0.019950829446315765,PREDICTED
13,Carcinogens_Lagunin,1,13,C,0.00027947797207161784,0.0012617198517546058,0.0015411977656185627,PREDICTED
13,Carcinogens_Lagunin,1,14,C,-0.016511430963873863,-0.002667112508788705,-0.019178543239831924,PREDICTED
13,Carcinogens_Lagunin,1,15,C,-0.009579009376466274,-0.0014819594798609614,-0.011060968972742558,PREDICTED
13,Carcinogens_Lagunin,1,16,C,-0.010490740649402142,0.00033238690230064094,-0.010158353485167027,PREDICTED
13,Carcinogens_Lagunin,1,17,O,0.020061157643795013,-0.001507774693891406,0.01855338364839554,PREDICTED
13,Carcinogens_Lagunin,1,18,O,-0.002806747332215309,-0.0033111651428043842,-0.006117912475019693,PREDICTED
14,AMES,1,0,C,-0.06851537525653839,0.00017987284809350967,-0.06833550333976746,PREDICTED
14,AMES,1,1,C,-0.08818226307630539,0.016953689977526665,-0.07122857123613358,PREDICTED
14,AMES,1,2,C,-0.12473422288894653,-0.0015317879151552916,-0.1262660175561905,PREDICTED
14,AMES,1,3,C,-0.06416092813014984,-0.029204796999692917,-0.09336572885513306,PREDICTED
14,AMES,1,4,C,-0.060826439410448074,0.08381891250610352,0.02299247309565544,PREDICTED
14,AMES,1,5,C,-0.05840575695037842,0.029054123908281326,-0.02935163304209709,PREDICTED
14,AMES,1,6,C,0.012300875037908554,0.022057335823774338,0.03435821086168289,PREDICTED
14,AMES,1,7,C,-0.0326671302318573,0.014466489665210247,-0.018200639635324478,PREDICTED
14,AMES,1,8,C,-0.060237202793359756,0.036720916628837585,-0.02351628616452217,PREDICTED
14,AMES,1,9,C,0.015194443054497242,0.08535299450159073,0.1005474403500557,PREDICTED
14,AMES,1,10,O,0.05345560982823372,0.00955737754702568,0.0630129873752594,PREDICTED
14,AMES,1,11,C,-0.08024239540100098,0.0020290017127990723,-0.0782133936882019,PREDICTED
14,AMES,1,12,C,0.1901574581861496,-0.005722926929593086,0.18443453311920166,PREDICTED
14,AMES,1,13,C,-0.1333264261484146,0.007822748273611069,-0.12550367414951324,PREDICTED
14,AMES,1,14,C,0.024297215044498444,0.023526160046458244,0.04782337695360184,PREDICTED
14,AMES,1,15,C,-0.004893730394542217,0.011479392647743225,0.006585662253201008,PREDICTED
14,AMES,1,16,C,0.04058527201414108,0.04804612696170807,0.08863139897584915,PREDICTED
14,AMES,1,17,C,0.0126205924898386,0.0001756083220243454,0.012796200811862946,PREDICTED
14,AMES,1,18,C,-0.0010907333344221115,0.01750498265028,0.016414249315857887,PREDICTED
14,AMES,1,19,C,-0.018932964652776718,0.017429878935217857,-0.0015030857175588608,PREDICTED
14,AMES,1,20,O,-0.17552010715007782,-0.03193944692611694,-0.20745955407619476,PREDICTED
14,AMES,1,21,O,-0.20305117964744568,-0.034088004380464554,-0.23713918030261993,PREDICTED
14,AMES,1,22,O,-0.16871339082717896,-0.02482038363814354,-0.1935337781906128,PREDICTED
14,AMES,1,23,C,-0.06851537525653839,0.00017987284809350967,-0.06833550333976746,PREDICTED
14,Skin_Reaction,1,0,C,-0.05509623885154724,-8.952704956755042e-05,-0.05518576502799988,PREDICTED
14,Skin_Reaction,1,1,C,0.011805620975792408,0.00537137221544981,0.017176993191242218,PREDICTED
14,Skin_Reaction,1,2,C,0.03393486142158508,-0.000482268282212317,0.0334525927901268,PREDICTED
14,Skin_Reaction,1,3,C,0.01836332120001316,-0.006898743100464344,0.011464578099548817,PREDICTED
14,Skin_Reaction,1,4,C,-0.015683472156524658,0.013180251233279705,-0.002503220923244953,PREDICTED
14,Skin_Reaction,1,5,C,-0.0064573269337415695,-0.001462383195757866,-0.007919710129499435,PREDICTED
14,Skin_Reaction,1,6,C,0.015334447845816612,0.003161116037517786,0.01849556341767311,PREDICTED
14,Skin_Reaction,1,7,C,-0.0035058618523180485,0.00011031678877770901,-0.0033955450635403395,PREDICTED
14,Skin_Reaction,1,8,C,0.0024101256858557463,0.005149185657501221,0.007559311576187611,PREDICTED
14,Skin_Reaction,1,9,C,-0.0017653638496994972,0.016607172787189484,0.014841808937489986,PREDICTED
14,Skin_Reaction,1,10,O,-0.044600263237953186,-0.004007538314908743,-0.04860780015587807,PREDICTED
14,Skin_Reaction,1,11,C,0.010579248890280724,-0.006300654262304306,0.0042785946279764175,PREDICTED
14,Skin_Reaction,1,12,C,0.04504977539181709,0.0006946526118554175,0.04574442654848099,PREDICTED
14,Skin_Reaction,1,13,C,0.012825775891542435,-0.0017302128253504634,0.01109556294977665,PREDICTED
14,Skin_Reaction,1,14,C,-0.01443756278604269,0.00010504669626243412,-0.014332516118884087,PREDICTED
14,Skin_Reaction,1,15,C,0.006572172045707703,-0.0068475608713924885,-0.00027538882568478584,PREDICTED
14,Skin_Reaction,1,16,C,0.017774127423763275,0.005900168791413307,0.023674296215176582,PREDICTED
14,Skin_Reaction,1,17,C,0.008621422573924065,-0.010760294273495674,-0.0021388716995716095,PREDICTED
14,Skin_Reaction,1,18,C,0.01576833240687847,0.0027501522563397884,0.018518485128879547,PREDICTED
14,Skin_Reaction,1,19,C,-0.008208044804632664,0.00013119264622218907,-0.008076852187514305,PREDICTED
14,Skin_Reaction,1,20,O,-0.04963746666908264,-0.013247407972812653,-0.0628848746418953,PREDICTED
14,Skin_Reaction,1,21,O,-0.055285315960645676,-0.011039311066269875,-0.0663246288895607,PREDICTED
14,Skin_Reaction,1,22,O,-0.035616666078567505,-0.009874166920781136,-0.04549083113670349,PREDICTED
14,Skin_Reaction,1,23,C,-0.05509623885154724,-8.952704956755042e-05,-0.05518576502799988,PREDICTED
14,Carcinogens_Lagunin,1,0,C,-0.01136385090649128,-0.00038257736014202237,-0.011746427975594997,PREDICTED
14,Carcinogens_Lagunin,1,1,C,-0.018492724746465683,9.610160486772656e-05,-0.01839662343263626,PREDICTED
14,Carcinogens_Lagunin,1,2,C,-0.013340211473405361,-0.0014277950394898653,-0.014768006280064583,PREDICTED
14,Carcinogens_Lagunin,1,3,C,-0.014085940085351467,-0.0040765609592199326,-0.018162500113248825,PREDICTED
14,Carcinogens_Lagunin,1,4,C,-0.016855472698807716,0.008017278276383877,-0.00883819442242384,PREDICTED
14,Carcinogens_Lagunin,1,5,C,-0.005917408503592014,0.0016640741378068924,-0.004253334365785122,PREDICTED
14,Carcinogens_Lagunin,1,6,C,-0.004797054920345545,0.0008791618165560067,-0.003917892929166555,PREDICTED
14,Carcinogens_Lagunin,1,7,C,-0.003089450765401125,0.0015862325672060251,-0.0015032181981950998,PREDICTED
14,Carcinogens_Lagunin,1,8,C,-0.01902056112885475,0.010009463876485825,-0.009011097252368927,PREDICTED
14,Carcinogens_Lagunin,1,9,C,-0.007603769190609455,0.010083121247589588,0.002479352056980133,PREDICTED
14,Carcinogens_Lagunin,1,10,O,-0.016473939642310143,0.0006768264574930072,-0.015797113999724388,PREDICTED
14,Carcinogens_Lagunin,1,11,C,-0.021514715626835823,0.0009000245481729507,-0.020614691078662872,PREDICTED
14,Carcinogens_Lagunin,1,12,C,-0.009560713544487953,-0.0023717768490314484,-0.011932490393519402,PREDICTED
14,Carcinogens_Lagunin,1,13,C,-0.02841726318001747,0.0022967245895415545,-0.026120537891983986,PREDICTED
14,Carcinogens_Lagunin,1,14,C,-0.013793379999697208,0.002065827837213874,-0.011727551929652691,PREDICTED
14,Carcinogens_Lagunin,1,15,C,-0.01429029181599617,0.0012914908584207296,-0.012998800724744797,PREDICTED
14,Carcinogens_Lagunin,1,16,C,-0.00046170526184141636,0.0015426692552864552,0.0010809639934450388,PREDICTED
14,Carcinogens_Lagunin,1,17,C,-0.014009752310812473,-0.0023844491224735975,-0.016394201666116714,PREDICTED
14,Carcinogens_Lagunin,1,18,C,-0.00917815137654543,-0.0009906819323077798,-0.010168833658099174,PREDICTED
14,Carcinogens_Lagunin,1,19,C,-0.006355634890496731,0.000622823485173285,-0.005732811521738768,PREDICTED
14,Carcinogens_Lagunin,1,20,O,0.01641790196299553,-0.0019749400671571493,0.014442961663007736,PREDICTED
14,Carcinogens_Lagunin,1,21,O,-0.0017773816362023354,-0.002976929070428014,-0.0047543104737997055,PREDICTED
14,Carcinogens_Lagunin,1,22,O,-0.00520910881459713,-0.00433220574632287,-0.009541314095258713,PREDICTED
14,Carcinogens_Lagunin,1,23,C,-0.01136385090649128,-0.00038257736014202237,-0.011746427975594997,PREDICTED
15,AMES,1,0,C,-0.11527992784976959,-0.005966016557067633,-0.12124594300985336,PREDICTED
15,AMES,1,1,C,-0.048150766640901566,0.026820138096809387,-0.02133062854409218,PREDICTED
15,AMES,1,2,C,-0.12004263699054718,0.02907232567667961,-0.09097030758857727,PREDICTED
15,AMES,1,3,C,-0.0535566471517086,0.04088262468576431,-0.01267402246594429,PREDICTED
15,AMES,1,4,C,-0.06279339641332626,0.061314504593610764,-0.0014788918197154999,PREDICTED
15,AMES,1,5,C,-0.109943687915802,0.04919730871915817,-0.06074637919664383,PREDICTED
15,AMES,1,6,O,-0.02404436469078064,0.07141677290201187,0.04737240821123123,PREDICTED
15,AMES,1,7,C,-0.024920297786593437,-0.001938222674652934,-0.02685851976275444,PREDICTED
15,AMES,1,8,C,-0.013770309276878834,0.018992086872458458,0.005221777595579624,PREDICTED
15,AMES,1,9,C,-0.04084770381450653,0.046811722218990326,0.005964018404483795,PREDICTED
15,AMES,1,10,C,0.033606965094804764,0.07198145240545273,0.10558842122554779,PREDICTED
15,AMES,1,11,O,0.08352832496166229,0.018329156562685966,0.10185748338699341,PREDICTED
15,AMES,1,12,C,-0.13536939024925232,0.015507228672504425,-0.1198621615767479,PREDICTED
15,AMES,1,13,C,0.28620606660842896,-0.00021241605281829834,0.28599363565444946,PREDICTED
15,AMES,1,14,C,-0.1895493119955063,0.014470458030700684,-0.1750788539648056,PREDICTED
15,AMES,1,15,C,-0.0819813683629036,0.0279141366481781,-0.054067231714725494,PREDICTED
15,AMES,1,16,C,-0.006322444416582584,0.009672891348600388,0.003350446932017803,PREDICTED
15,AMES,1,17,C,0.04301987588405609,0.059583358466625214,0.1026032343506813,PREDICTED
15,AMES,1,18,C,0.03885341063141823,0.0038617514073848724,0.0427151620388031,PREDICTED
15,AMES,1,19,C,0.00010700954589992762,0.022269699722528458,0.022376708686351776,PREDICTED
15,AMES,1,20,C,0.008676952682435513,0.03782381862401962,0.04650077223777771,PREDICTED
15,AMES,1,21,O,-0.20127519965171814,-0.036816902458667755,-0.2380920946598053,PREDICTED
15,AMES,1,22,O,-0.29187333583831787,-0.04658132046461105,-0.3384546637535095,PREDICTED
15,AMES,1,23,C,-0.11527992784976959,-0.005966016557067633,-0.12124594300985336,PREDICTED
15,Skin_Reaction,1,0,C,-0.04354897886514664,0.0001305060723097995,-0.04341847449541092,PREDICTED
15,Skin_Reaction,1,1,C,0.011187367141246796,-0.004335680045187473,0.006851687096059322,PREDICTED
15,Skin_Reaction,1,2,C,0.00288760126568377,0.0005737175233662128,0.003461318789049983,PREDICTED
15,Skin_Reaction,1,3,C,0.0008620525477454066,0.004067465662956238,0.004929518327116966,PREDICTED
15,Skin_Reaction,1,4,C,0.003092855680733919,0.0033740303479135036,0.006466886028647423,PREDICTED
15,Skin_Reaction,1,5,C,-0.004536240827292204,0.0002734013833105564,-0.0042628394439816475,PREDICTED
15,Skin_Reaction,1,6,O,-0.04254787415266037,0.00012282264651730657,-0.04242505133152008,PREDICTED
15,Skin_Reaction,1,7,C,0.01270028855651617,-0.0006924504414200783,0.012007838115096092,PREDICTED
15,Skin_Reaction,1,8,C,-8.701239130459726e-05,0.00013282406143844128,4.581167013384402e-05,PREDICTED
15,Skin_Reaction,1,9,C,-6.890107761137187e-05,0.0024354099296033382,0.002366508822888136,PREDICTED
15,Skin_Reaction,1,10,C,0.01573084108531475,0.015990719199180603,0.0317215621471405,PREDICTED
15,Skin_Reaction,1,11,O,-0.05110779032111168,-0.0019301085267215967,-0.05303790047764778,PREDICTED
15,Skin_Reaction,1,12,C,0.006658691447228193,-0.007618641015142202,-0.0009599495679140091,PREDICTED
15,Skin_Reaction,1,13,C,0.03565404564142227,-0.0025507756508886814,0.03310326859354973,PREDICTED
15,Skin_Reaction,1,14,C,0.013662189245223999,-0.006442548241466284,0.007219641003757715,PREDICTED
15,Skin_Reaction,1,15,C,-0.014314922504127026,-0.003631674451753497,-0.017946597188711166,PREDICTED
15,Skin_Reaction,1,16,C,-0.006938432343304157,-0.007566551212221384,-0.014504984021186829,PREDICTED
15,Skin_Reaction,1,17,C,0.020759349688887596,0.005429137498140335,0.02618848718702793,PREDICTED
15,Skin_Reaction,1,18,C,0.008110446855425835,-0.008782204240560532,-0.000671757385134697,PREDICTED
15,Skin_Reaction,1,19,C,0.01403831411153078,0.0026198537088930607,0.01665816828608513,PREDICTED
15,Skin_Reaction,1,20,C,-0.0033180906902998686,0.00016274838708341122,-0.0031553423032164574,PREDICTED
15,Skin_Reaction,1,21,O,-0.03586504980921745,-0.011102056130766869,-0.04696710407733917,PREDICTED
15,Skin_Reaction,1,22,O,-0.04831215739250183,-0.009975150227546692,-0.05828730762004852,PREDICTED
15,Skin_Reaction,1,23,C,-0.04354897886514664,0.0001305060723097995,-0.04341847449541092,PREDICTED
15,Carcinogens_Lagunin,1,0,C,-0.022970369085669518,-0.0007745542097836733,-0.023744923993945122,PREDICTED
15,Carcinogens_Lagunin,1,1,C,-0.00808463990688324,0.0016059214249253273,-0.0064787184819579124,PREDICTED
15,Carcinogens_Lagunin,1,2,C,-0.015673154965043068,-0.0027675132732838392,-0.018440667539834976,PREDICTED
15,Carcinogens_Lagunin,1,3,C,-0.01755783148109913,-0.004377893637865782,-0.021935725584626198,PREDICTED
15,Carcinogens_Lagunin,1,4,C,-0.002551452722400427,0.005340533796697855,0.002789081074297428,PREDICTED
15,Carcinogens_Lagunin,1,5,C,-0.02302829548716545,0.00941423885524273,-0.013614056631922722,PREDICTED
15,Carcinogens_Lagunin,1,6,O,-0.01634703390300274,0.006862930487841368,-0.009484102949500084,PREDICTED
15,Carcinogens_Lagunin,1,7,C,-0.004492816980928183,0.001280315569601953,-0.0032125012949109077,PREDICTED
15,Carcinogens_Lagunin,1,8,C,-0.0014525891747325659,0.0009669286664575338,-0.00048566050827503204,PREDICTED
15,Carcinogens_Lagunin,1,9,C,0.0029637226834893227,0.002194867003709078,0.0051585896871984005,PREDICTED
15,Carcinogens_Lagunin,1,10,C,0.00460606487467885,0.004303446970880032,0.008909512311220169,PREDICTED
15,Carcinogens_Lagunin,1,11,O,-0.017831381410360336,-0.0006932633696123958,-0.018524644896388054,PREDICTED
15,Carcinogens_Lagunin,1,12,C,-0.01687408983707428,0.0001514118630439043,-0.016722677275538445,PREDICTED
15,Carcinogens_Lagunin,1,13,C,-0.021223273128271103,-0.003864496946334839,-0.025087770074605942,PREDICTED
15,Carcinogens_Lagunin,1,14,C,-0.019104890525341034,-0.0028048749081790447,-0.021909765899181366,PREDICTED
15,Carcinogens_Lagunin,1,15,C,-0.016358155757188797,0.0002673722628969699,-0.01609078422188759,PREDICTED
15,Carcinogens_Lagunin,1,16,C,-0.016640804708003998,0.0012224229285493493,-0.015418381430208683,PREDICTED
15,Carcinogens_Lagunin,1,17,C,0.0029208678752183914,0.00028253288473933935,0.0032034008763730526,PREDICTED
15,Carcinogens_Lagunin,1,18,C,-0.014606977812945843,-0.0010047705145552754,-0.015611748211085796,PREDICTED
15,Carcinogens_Lagunin,1,19,C,-0.008570672012865543,-0.0009506081696599722,-0.00952128041535616,PREDICTED
15,Carcinogens_Lagunin,1,20,C,-0.004996777046471834,0.0005270241526886821,-0.00446975277736783,PREDICTED
15,Carcinogens_Lagunin,1,21,O,0.03194820135831833,0.00033927446929737926,0.03228747472167015,PREDICTED
15,Carcinogens_Lagunin,1,22,O,0.006354483310133219,-0.0016488091787323356,0.004705674014985561,PREDICTED
15,Carcinogens_Lagunin,1,23,C,-0.022970369085669518,-0.0007745542097836733,-0.023744923993945122,PREDICTED
9,AMES,2,0,C,-0.04763849079608917,0.0052504222840070724,-0.04238806664943695,PREDICTED
9,AMES,2,1,O,-0.03699450567364693,0.0018934495747089386,-0.03510105609893799,PREDICTED
9,AMES,2,2,C,0.02385159768164158,-0.0029579754918813705,0.020893622189760208,PREDICTED
9,AMES,2,3,C,-0.035553716123104095,0.005417743697762489,-0.030135972425341606,PREDICTED
9,AMES,2,4,C,0.0585051067173481,-0.020122136920690536,0.03838296979665756,PREDICTED
9,AMES,2,5,C,-0.004040677100419998,0.002988524502143264,-0.0010521525982767344,PREDICTED
9,AMES,2,6,C,-0.029619507491588593,-0.0026207242626696825,-0.03224023059010506,PREDICTED
9,AMES,2,7,C,-0.039889201521873474,0.008641510270535946,-0.031247690320014954,PREDICTED
9,AMES,2,8,C,-0.10472603142261505,-0.00832892395555973,-0.11305495351552963,PREDICTED
9,AMES,2,9,C,-0.1129436045885086,-0.0033383662812411785,-0.11628197133541107,PREDICTED
9,AMES,2,10,C,0.13823208212852478,-0.029357699677348137,0.1088743805885315,PREDICTED
9,AMES,2,11,C,0.07198547571897507,-0.03688473999500275,0.03510073572397232,PREDICTED
9,AMES,2,12,C,-0.04660950228571892,-0.027004070580005646,-0.07361356914043427,PREDICTED
9,AMES,2,13,C,-0.026346789672970772,-0.028563441708683968,-0.05491023138165474,PREDICTED
9,AMES,2,14,C,-0.07826360315084457,-0.004724584985524416,-0.0829881876707077,PREDICTED
9,AMES,2,15,C,-0.019640231505036354,-0.008865251205861568,-0.028505481779575348,PREDICTED
9,AMES,2,16,O,-0.04939050227403641,-0.02551683597266674,-0.0749073401093483,PREDICTED
9,AMES,2,17,O,0.2879025638103485,-0.011050033383071423,0.2768525183200836,PREDICTED
9,AMES,2,18,C,-0.07080212235450745,-0.037745166569948196,-0.10854728519916534,PREDICTED
9,AMES,2,19,O,-0.1371830701828003,-0.029976820573210716,-0.16715988516807556,PREDICTED
9,Skin_Reaction,2,0,C,-0.05276074633002281,1.4883233234286308e-05,-0.05274586379528046,PREDICTED
9,Skin_Reaction,2,1,O,-0.04924840107560158,-0.00012511981185525656,-0.04937352240085602,PREDICTED
9,Skin_Reaction,2,2,C,-0.01571010984480381,-0.00011688331142067909,-0.015826992690563202,PREDICTED
9,Skin_Reaction,2,3,C,0.0010941544314846396,0.0023667016066610813,0.003460856154561043,PREDICTED
9,Skin_Reaction,2,4,C,0.01021941751241684,0.00030790921300649643,0.010527326725423336,PREDICTED
9,Skin_Reaction,2,5,C,0.003109993878751993,-0.0013735895045101643,0.001736404374241829,PREDICTED
9,Skin_Reaction,2,6,C,-0.008760507218539715,-0.0008168367203325033,-0.009577344171702862,PREDICTED
9,Skin_Reaction,2,7,C,0.0020888776052743196,0.0020040287636220455,0.004092906601727009,PREDICTED
9,Skin_Reaction,2,8,C,-0.004755892790853977,0.00336062372662127,-0.001395269064232707,PREDICTED
9,Skin_Reaction,2,9,C,0.0033016123343259096,0.008841835893690586,0.012143447995185852,PREDICTED
9,Skin_Reaction,2,10,C,-0.011064080521464348,-0.002481041243299842,-0.013545121997594833,PREDICTED
9,Skin_Reaction,2,11,C,0.0012893478851765394,-0.008921514265239239,-0.007632166147232056,PREDICTED
9,Skin_Reaction,2,12,C,0.005673702340573072,-0.0024556047283113003,0.003218097612261772,PREDICTED
9,Skin_Reaction,2,13,C,1.9170111045241356e-06,0.0022393628023564816,0.0022412799298763275,PREDICTED
9,Skin_Reaction,2,14,C,0.006936421152204275,0.0022439563181251287,0.00918037723749876,PREDICTED
9,Skin_Reaction,2,15,C,0.01216648705303669,-0.0028790337964892387,0.009287453256547451,PREDICTED
9,Skin_Reaction,2,16,O,-0.02702157199382782,-0.0021133581176400185,-0.029134929180145264,PREDICTED
9,Skin_Reaction,2,17,O,-0.018606897443532944,-0.0014610299840569496,-0.02006792649626732,PREDICTED
9,Skin_Reaction,2,18,C,0.009980297647416592,-0.002388038206845522,0.00759225944057107,PREDICTED
9,Skin_Reaction,2,19,O,-0.030737942084670067,-0.003282013349235058,-0.03401995450258255,PREDICTED
9,Carcinogens_Lagunin,2,0,C,-0.03396375849843025,-0.00025416724383831024,-0.03421792387962341,PREDICTED
9,Carcinogens_Lagunin,2,1,O,-0.008738811127841473,-0.004371928051114082,-0.013110739178955555,PREDICTED
9,Carcinogens_Lagunin,2,2,C,-0.004721714183688164,-0.008779799565672874,-0.013501513749361038,PREDICTED
9,Carcinogens_Lagunin,2,3,C,-0.015775764361023903,-0.004886134061962366,-0.02066189795732498,PREDICTED
9,Carcinogens_Lagunin,2,4,C,0.004580186679959297,-0.009210311807692051,-0.004630125127732754,PREDICTED
9,Carcinogens_Lagunin,2,5,C,0.000737585942260921,-0.005017750430852175,-0.004280164372175932,PREDICTED
9,Carcinogens_Lagunin,2,6,C,-0.016058454290032387,-0.0021336765494197607,-0.01819213107228279,PREDICTED
9,Carcinogens_Lagunin,2,7,C,-0.014736213721334934,-0.0028659659437835217,-0.01760217919945717,PREDICTED
9,Carcinogens_Lagunin,2,8,C,-0.030516916885972023,-0.0005836345953866839,-0.031100550666451454,PREDICTED
9,Carcinogens_Lagunin,2,9,C,-0.02556493505835533,0.00016202575352508575,-0.025402909144759178,PREDICTED
9,Carcinogens_Lagunin,2,10,C,-0.0060269637033343315,-0.003568681888282299,-0.00959564559161663,PREDICTED
9,Carcinogens_Lagunin,2,11,C,-0.001567174564115703,-0.008575036190450191,-0.010142210870981216,PREDICTED
9,Carcinogens_Lagunin,2,12,C,-0.013729417696595192,-0.00840016920119524,-0.022129587829113007,PREDICTED
9,Carcinogens_Lagunin,2,13,C,-0.0033615801949054003,-0.009238917380571365,-0.012600497342646122,PREDICTED
9,Carcinogens_Lagunin,2,14,C,-0.013715476728975773,-0.003944502677768469,-0.017659978941082954,PREDICTED
9,Carcinogens_Lagunin,2,15,C,-0.012897218577563763,-0.002849726239219308,-0.015746945515275,PREDICTED
9,Carcinogens_Lagunin,2,16,O,-0.018623560667037964,-0.0026333394926041365,-0.02125689946115017,PREDICTED
9,Carcinogens_Lagunin,2,17,O,0.033346425741910934,-0.0012838093098253012,0.03206261619925499,PREDICTED
9,Carcinogens_Lagunin,2,18,C,-0.019737130030989647,-0.0003546392254065722,-0.020091768354177475,PREDICTED
9,Carcinogens_Lagunin,2,19,O,-0.028275270015001297,-0.0027940203435719013,-0.03106928989291191,PREDICTED
10,AMES,2,0,C,0.004575488157570362,-0.004110244102776051,0.0004652440547943115,PREDICTED
10,AMES,2,1,C,-0.13801927864551544,-0.008237352594733238,-0.14625662565231323,PREDICTED
10,AMES,2,2,C,0.0054818736389279366,-0.0019440960604697466,0.00353777757845819,PREDICTED
10,AMES,2,3,C,-0.07385878264904022,0.002119682962074876,-0.07173909991979599,PREDICTED
10,AMES,2,4,C,0.10582130402326584,0.019310802221298218,0.12513211369514465,PREDICTED
10,AMES,2,5,C,-0.062259480357170105,0.007822154089808464,-0.05443732440471649,PREDICTED
10,AMES,2,6,C,-0.032116714864969254,0.02637556940317154,-0.005741145461797714,PREDICTED
10,AMES,2,7,C,-0.013687586411833763,0.012446191161870956,-0.0012413952499628067,PREDICTED
10,AMES,2,8,C,0.04230872169137001,0.01871531642973423,0.06102403998374939,PREDICTED
10,AMES,2,9,C,-0.04138999804854393,0.04041663929820061,-0.0009733587503433228,PREDICTED
10,AMES,2,10,O,0.139825239777565,1.4500226825475693e-05,0.13983973860740662,PREDICTED
10,AMES,2,11,C,-0.0825725868344307,-0.04224902391433716,-0.12482161074876785,PREDICTED
10,AMES,2,12,C,-0.11393662542104721,-0.0058435359969735146,-0.11978016048669815,PREDICTED
10,AMES,2,13,C,-0.11447515338659286,0.008548448793590069,-0.10592670738697052,PREDICTED
10,AMES,2,14,C,0.02497461438179016,0.0009553562849760056,0.025929970666766167,PREDICTED
10,AMES,2,15,C,0.0543392077088356,-0.02042117342352867,0.03391803428530693,PREDICTED
10,AMES,2,16,C,-0.032911382615566254,0.0040341331623494625,-0.028877248987555504,PREDICTED
10,AMES,2,17,C,0.020705154165625572,-0.003938939888030291,0.01676621474325657,PREDICTED
10,AMES,2,18,C,-0.03560056909918785,0.007667127065360546,-0.02793344110250473,PREDICTED
10,AMES,2,19,C,-0.02308664657175541,-0.004211364779621363,-0.027298010885715485,PREDICTED
10,AMES,2,20,O,-0.04465992748737335,0.0007789379451423883,-0.04388098791241646,PREDICTED
10,AMES,2,21,C,-0.05215691775083542,0.004620819352567196,-0.04753609746694565,PREDICTED
10,AMES,2,22,O,-0.1210843175649643,-0.026551628485322,-0.14763595163822174,PREDICTED
10,AMES,2,23,O,-0.04074037820100784,-0.016706744208931923,-0.05744712054729462,PREDICTED
10,AMES,2,24,C,0.004575488157570362,-0.004110244102776051,0.0004652440547943115,PREDICTED
10,Skin_Reaction,2,0,C,-0.023851998150348663,0.0009295969503000379,-0.022922400385141373,PREDICTED
10,Skin_Reaction,2,1,C,-0.027468059211969376,0.0035733752883970737,-0.02389468438923359,PREDICTED
10,Skin_Reaction,2,2,C,0.01595628820359707,0.001218582852743566,0.017174871638417244,PREDICTED
10,Skin_Reaction,2,3,C,0.00906074047088623,-0.0016494293231517076,0.0074113113805651665,PREDICTED
10,Skin_Reaction,2,4,C,0.02227693609893322,0.0002771221334114671,0.022554058581590652,PREDICTED
10,Skin_Reaction,2,5,C,-0.018854208290576935,0.00541040301322937,-0.013443805277347565,PREDICTED
10,Skin_Reaction,2,6,C,0.01645873859524727,0.009121064096689224,0.025579802691936493,PREDICTED
10,Skin_Reaction,2,7,C,0.010418334975838661,0.0031447948422282934,0.013563130050897598,PREDICTED
10,Skin_Reaction,2,8,C,-0.022176219150424004,0.008601149544119835,-0.013575069606304169,PREDICTED
10,Skin_Reaction,2,9,C,-0.009097530506551266,0.008554333820939064,-0.0005431966856122017,PREDICTED
10,Skin_Reaction,2,10,O,-0.027787184342741966,0.001402843277901411,-0.026384340599179268,PREDICTED
10,Skin_Reaction,2,11,C,0.004298106767237186,-0.005293847993016243,-0.0009957412257790565,PREDICTED
10,Skin_Reaction,2,12,C,-0.004763389937579632,0.0007572867325507104,-0.0040061031468212605,PREDICTED
10,Skin_Reaction,2,13,C,-0.0014527858002111316,0.00775043573230505,0.0062976498156785965,PREDICTED
10,Skin_Reaction,2,14,C,0.008623136207461357,-0.0031713524367660284,0.005451783537864685,PREDICTED
10,Skin_Reaction,2,15,C,0.00999384094029665,-0.00061394227668643,0.009379899129271507,PREDICTED
10,Skin_Reaction,2,16,C,0.00027140742167830467,0.0010905277449637651,0.0013619351666420698,PREDICTED
10,Skin_Reaction,2,17,C,-0.015858856961131096,-0.001656966982409358,-0.017515823245048523,PREDICTED
10,Skin_Reaction,2,18,C,0.0017911364557221532,0.001077453838661313,0.002868590410798788,PREDICTED
10,Skin_Reaction,2,19,C,-0.0062190773896873,-0.0020829071290791035,-0.008301984518766403,PREDICTED
10,Skin_Reaction,2,20,O,-0.05538920313119888,-0.0006727522704750299,-0.05606195703148842,PREDICTED
10,Skin_Reaction,2,21,C,-0.05690852180123329,2.2082938812673092e-05,-0.05688643828034401,PREDICTED
10,Skin_Reaction,2,22,O,-0.026300396770238876,-0.0020890110172331333,-0.028389407321810722,PREDICTED
10,Skin_Reaction,2,23,O,-0.012652330100536346,-0.001180577091872692,-0.013832907192409039,PREDICTED
10,Skin_Reaction,2,24,C,-0.023851998150348663,0.0009295969503000379,-0.022922400385141373,PREDICTED
10,Carcinogens_Lagunin,2,0,C,-0.010436400771141052,-0.0001315378030994907,-0.010567938908934593,PREDICTED
10,Carcinogens_Lagunin,2,1,C,-0.013668611645698547,0.0010224494617432356,-0.012646161951124668,PREDICTED
10,Carcinogens_Lagunin,2,2,C,-0.01211689505726099,0.0007622118573635817,-0.011354682967066765,PREDICTED
10,Carcinogens_Lagunin,2,3,C,-0.02554909884929657,0.0014233296969905496,-0.02412576973438263,PREDICTED
10,Carcinogens_Lagunin,2,4,C,0.028172766789793968,-0.00544098112732172,0.022731784731149673,PREDICTED
10,Carcinogens_Lagunin,2,5,C,0.0031553066801279783,-0.011832917109131813,-0.008677610196173191,PREDICTED
10,Carcinogens_Lagunin,2,6,C,-0.006368348840624094,-0.004042794927954674,-0.01041114330291748,PREDICTED
10,Carcinogens_Lagunin,2,7,C,-0.009023238904774189,-0.0011472949991002679,-0.010170534253120422,PREDICTED
10,Carcinogens_Lagunin,2,8,C,-0.0122130261734128,-0.0004396260774228722,-0.012652652338147163,PREDICTED
10,Carcinogens_Lagunin,2,9,C,-0.007767833303660154,-0.0018363514682278037,-0.00960418488830328,PREDICTED
10,Carcinogens_Lagunin,2,10,O,0.026936298236250877,-0.0026038731448352337,0.024332424625754356,PREDICTED
10,Carcinogens_Lagunin,2,11,C,-0.017763430252671242,-0.0030946205370128155,-0.020858051255345345,PREDICTED
10,Carcinogens_Lagunin,2,12,C,-0.031723231077194214,-0.00038812251295894384,-0.03211135417222977,PREDICTED
10,Carcinogens_Lagunin,2,13,C,-0.024781115353107452,0.00021566133364103734,-0.024565454572439194,PREDICTED
10,Carcinogens_Lagunin,2,14,C,0.009418834932148457,-0.005505939945578575,0.0039128949865698814,PREDICTED
10,Carcinogens_Lagunin,2,15,C,0.005754728801548481,-0.00936916284263134,-0.003614434041082859,PREDICTED
10,Carcinogens_Lagunin,2,16,C,-0.014883431605994701,-0.005438043270260096,-0.020321475341916084,PREDICTED
10,Carcinogens_Lagunin,2,17,C,-0.004407721105962992,-0.009489351883530617,-0.013897072523832321,PREDICTED
10,Carcinogens_Lagunin,2,18,C,-0.013548517599701881,-0.0032789213582873344,-0.01682743802666664,PREDICTED
10,Carcinogens_Lagunin,2,19,C,-0.015722213312983513,-0.0026985416188836098,-0.018420755863189697,PREDICTED
10,Carcinogens_Lagunin,2,20,O,-0.011128190904855728,-0.004717446863651276,-0.015845637768507004,PREDICTED
10,Carcinogens_Lagunin,2,21,C,-0.03644407168030739,-0.00035892787855118513,-0.036802999675273895,PREDICTED
10,Carcinogens_Lagunin,2,22,O,-0.025046173483133316,-0.002061237581074238,-0.02710741013288498,PREDICTED
10,Carcinogens_Lagunin,2,23,O,-0.018603995442390442,-0.00191908935084939,-0.020523084327578545,PREDICTED
10,Carcinogens_Lagunin,2,24,C,-0.010436400771141052,-0.0001315378030994907,-0.010567938908934593,PREDICTED
11,AMES,2,0,C,-0.06312055885791779,-0.005502081010490656,-0.0686226412653923,PREDICTED
11,AMES,2,1,C,-0.13649585843086243,-0.0007448852993547916,-0.13724073767662048,PREDICTED
11,AMES,2,2,C,-0.07839486002922058,0.07887023687362671,0.00047537684440612793,PREDICTED
11,AMES,2,3,C,0.03942912071943283,0.09530551731586456,0.1347346305847168,PREDICTED
11,AMES,2,4,C,0.04722699522972107,-0.0035938387736678123,0.04363315552473068,PREDICTED
11,AMES,2,5,C,0.07168775796890259,-0.03502889350056648,0.036658864468336105,PREDICTED
11,AMES,2,6,O,0.011850301176309586,-0.01067909225821495,0.001171208918094635,PREDICTED
11,AMES,2,7,C,-0.03828937187790871,-0.011058857664465904,-0.04934822767972946,PREDICTED
11,AMES,2,8,C,0.021784840151667595,0.004424510523676872,0.026209350675344467,PREDICTED
11,AMES,2,9,C,0.13438402116298676,-0.004521537106484175,0.1298624873161316,PREDICTED
11,AMES,2,10,C,0.06421331316232681,-0.017306646332144737,0.046906664967536926,PREDICTED
11,AMES,2,11,O,0.144951730966568,-0.03133413568139076,0.11361759901046753,PREDICTED
11,AMES,2,12,C,-0.0759749487042427,-0.06566544622182846,-0.14164039492607117,PREDICTED
11,AMES,2,13,C,0.0665626972913742,-0.003996254876255989,0.06256644427776337,PREDICTED
11,AMES,2,14,C,-0.15556539595127106,0.004690734203904867,-0.15087465941905975,PREDICTED
11,AMES,2,15,C,0.041417889297008514,0.014327649027109146,0.05574553832411766,PREDICTED
11,AMES,2,16,C,0.059579379856586456,-0.029421377927064896,0.03015800192952156,PREDICTED
11,AMES,2,17,C,-0.027350302785634995,0.009879911318421364,-0.01747039146721363,PREDICTED
11,AMES,2,18,C,0.02552684023976326,-0.003543903585523367,0.021982936188578606,PREDICTED
11,AMES,2,19,C,-0.033890578895807266,0.011558166705071926,-0.022332411259412766,PREDICTED
11,AMES,2,20,C,-0.07605267316102982,-0.007397358771413565,-0.08345003426074982,PREDICTED
11,AMES,2,21,O,-0.03405771404504776,0.00171213923022151,-0.03234557434916496,PREDICTED
11,AMES,2,22,C,-0.0577331967651844,0.005085812881588936,-0.05264738202095032,PREDICTED
11,AMES,2,23,O,-0.2409781813621521,-0.05574722960591316,-0.29672542214393616,PREDICTED
11,AMES,2,24,C,-0.06312055885791779,-0.005502081010490656,-0.0686226412653923,PREDICTED
11,Skin_Reaction,2,0,C,-0.04014946147799492,-0.0004860105109401047,-0.04063547030091286,PREDICTED
11,Skin_Reaction,2,1,C,-0.021460751071572304,-0.005344002973288298,-0.02680475451052189,PREDICTED
11,Skin_Reaction,2,2,C,0.0065033212304115295,0.0095923887565732,0.016095709055662155,PREDICTED
11,Skin_Reaction,2,3,C,0.0035143429413437843,0.01319133210927248,0.016705675050616264,PREDICTED
11,Skin_Reaction,2,4,C,-0.0005836747004650533,-0.0045636859722435474,-0.005147360730916262,PREDICTED
11,Skin_Reaction,2,5,C,7.335038390010595e-05,-0.004485710524022579,-0.004412360023707151,PREDICTED
11,Skin_Reaction,2,6,O,-0.049351856112480164,-0.00536517146974802,-0.05471702665090561,PREDICTED
11,Skin_Reaction,2,7,C,0.018728485330939293,0.004583906847983599,0.023312391713261604,PREDICTED
11,Skin_Reaction,2,8,C,0.030354078859090805,0.0021042698062956333,0.0324583500623703,PREDICTED
11,Skin_Reaction,2,9,C,-0.02710065059363842,0.003906950354576111,-0.02319370023906231,PREDICTED
11,Skin_Reaction,2,10,C,-0.009636322036385536,-0.002715839771553874,-0.012352162040770054,PREDICTED
11,Skin_Reaction,2,11,O,-0.026308510452508926,-0.010628923773765564,-0.03693743422627449,PREDICTED
11,Skin_Reaction,2,12,C,0.02067536860704422,-0.014521212317049503,0.006154156289994717,PREDICTED
11,Skin_Reaction,2,13,C,-0.030570974573493004,0.0013492993311956525,-0.0292216744273901,PREDICTED
11,Skin_Reaction,2,14,C,0.020072361454367638,0.010692156851291656,0.030764518305659294,PREDICTED
11,Skin_Reaction,2,15,C,-0.005273045971989632,-0.0013955221511423588,-0.00666856812313199,PREDICTED
11,Skin_Reaction,2,16,C,0.0012948450166732073,-0.005810275673866272,-0.004515430890023708,PREDICTED
11,Skin_Reaction,2,17,C,0.00739291962236166,0.00467961048707366,0.012072529643774033,PREDICTED
11,Skin_Reaction,2,18,C,-0.026162544265389442,-0.0001581002725288272,-0.026320643723011017,PREDICTED
11,Skin_Reaction,2,19,C,0.002658289158716798,0.0017803728114813566,0.0044386619701981544,PREDICTED
11,Skin_Reaction,2,20,C,-0.016384894028306007,-0.0019300789572298527,-0.018314972519874573,PREDICTED
11,Skin_Reaction,2,21,O,-0.05776962637901306,-0.0008036907529458404,-0.058573316782712936,PREDICTED
11,Skin_Reaction,2,22,C,-0.05310946702957153,0.00028455385472625494,-0.05282491445541382,PREDICTED
11,Skin_Reaction,2,23,O,-0.0697907879948616,-0.012892921455204487,-0.08268371224403381,PREDICTED
11,Skin_Reaction,2,24,C,-0.04014946147799492,-0.0004860105109401047,-0.04063547030091286,PREDICTED
11,Carcinogens_Lagunin,2,0,C,-0.03060363046824932,-0.0009553751442581415,-0.03155900537967682,PREDICTED
11,Carcinogens_Lagunin,2,1,C,-0.013283118605613708,-0.006391473114490509,-0.019674591720104218,PREDICTED
11,Carcinogens_Lagunin,2,2,C,-0.013962154276669025,-0.0014153823722153902,-0.015377536416053772,PREDICTED
11,Carcinogens_Lagunin,2,3,C,-0.016991186887025833,0.0015728399157524109,-0.015418346971273422,PREDICTED
11,Carcinogens_Lagunin,2,4,C,-0.001434576348401606,-0.0039040890987962484,-0.005338665563613176,PREDICTED
11,Carcinogens_Lagunin,2,5,C,0.002208925783634186,-0.005024023354053497,-0.0028150975704193115,PREDICTED
11,Carcinogens_Lagunin,2,6,O,-0.0046325610019266605,-0.0029670014046132565,-0.007599562406539917,PREDICTED
11,Carcinogens_Lagunin,2,7,C,-0.008800510317087173,-0.0016709223855286837,-0.010471432469785213,PREDICTED
11,Carcinogens_Lagunin,2,8,C,-0.001021415344439447,-0.001233664806932211,-0.0022550802677869797,PREDICTED
11,Carcinogens_Lagunin,2,9,C,-7.000967161729932e-05,-0.0028316788375377655,-0.002901688450947404,PREDICTED
11,Carcinogens_Lagunin,2,10,C,-0.0022325003519654274,-0.00404392322525382,-0.006276423577219248,PREDICTED
11,Carcinogens_Lagunin,2,11,O,0.023565899580717087,-0.004832768812775612,0.018733130767941475,PREDICTED
11,Carcinogens_Lagunin,2,12,C,-0.02336973324418068,-0.006542447488754988,-0.029912181198596954,PREDICTED
11,Carcinogens_Lagunin,2,13,C,-0.040990669280290604,-0.0028895647265017033,-0.04388023540377617,PREDICTED
11,Carcinogens_Lagunin,2,14,C,-0.032114747911691666,-0.0011000254889950156,-0.03321477398276329,PREDICTED
11,Carcinogens_Lagunin,2,15,C,0.013148078694939613,-0.003659326583147049,0.009488752111792564,PREDICTED
11,Carcinogens_Lagunin,2,16,C,0.0026849291753023863,-0.006177125498652458,-0.003492196323350072,PREDICTED
11,Carcinogens_Lagunin,2,17,C,-0.014740931801497936,-0.0042478060349822044,-0.01898873783648014,PREDICTED
11,Carcinogens_Lagunin,2,18,C,-0.008681772276759148,-0.006113057490438223,-0.014794830232858658,PREDICTED
11,Carcinogens_Lagunin,2,19,C,-0.013942008838057518,-0.001695459010079503,-0.015637468546628952,PREDICTED
11,Carcinogens_Lagunin,2,20,C,-0.01851646788418293,-0.0005310942069627345,-0.019047562032938004,PREDICTED
11,Carcinogens_Lagunin,2,21,O,-0.013400068506598473,-0.003708727192133665,-0.017108796164393425,PREDICTED
11,Carcinogens_Lagunin,2,22,C,-0.03991367295384407,-0.0008655815618112683,-0.04077925533056259,PREDICTED
11,Carcinogens_Lagunin,2,23,O,0.008299141190946102,-3.498130536172539e-05,0.00826415978372097,PREDICTED
11,Carcinogens_Lagunin,2,24,C,-0.03060363046824932,-0.0009553751442581415,-0.03155900537967682,PREDICTED
13,AMES,2,0,C,-0.11353491991758347,-0.0046847304329276085,-0.11821965128183365,PREDICTED
13,AMES,2,1,C,-0.06719041615724564,-0.009665108285844326,-0.07685552537441254,PREDICTED
13,AMES,2,2,C,-0.07441500574350357,-0.03580363839864731,-0.11021864414215088,PREDICTED
13,AMES,2,3,O,0.2572101354598999,-0.01186098251491785,0.24534915387630463,PREDICTED
13,AMES,2,4,C,0.06395213305950165,-0.036206237971782684,0.027745895087718964,PREDICTED
13,AMES,2,5,C,0.12680736184120178,-0.028006237000226974,0.09880112111568451,PREDICTED
13,AMES,2,6,C,-0.018658392131328583,-0.008916919119656086,-0.027575310319662094,PREDICTED
13,AMES,2,7,C,-0.07132681459188461,-0.005940929986536503,-0.07726774364709854,PREDICTED
13,AMES,2,8,C,-0.021066833287477493,-0.02388416789472103,-0.044950999319553375,PREDICTED
13,AMES,2,9,C,-0.04443872347474098,-0.02574124187231064,-0.07017996907234192,PREDICTED
13,AMES,2,10,O,-0.024287760257720947,-0.019102701917290688,-0.043390460312366486,PREDICTED
13,AMES,2,11,C,0.04730641096830368,-0.006811767816543579,0.0404946431517601,PREDICTED
13,AMES,2,12,C,0.023682016879320145,-0.03934898599982262,-0.015666969120502472,PREDICTED
13,AMES,2,13,C,-0.07296083867549896,-0.017477519810199738,-0.0904383584856987,PREDICTED
13,AMES,2,14,C,-0.005213732831180096,-0.025675654411315918,-0.030889388173818588,PREDICTED
13,AMES,2,15,C,-0.052976395934820175,-0.0031660147942602634,-0.0561424121260643,PREDICTED
13,AMES,2,16,C,-0.06024469807744026,-0.01306223776191473,-0.07330693304538727,PREDICTED
13,AMES,2,17,O,0.015701353549957275,-0.017894363030791283,-0.0021930094808340073,PREDICTED
13,AMES,2,18,O,-0.08911234885454178,-0.02355872094631195,-0.11267106980085373,PREDICTED
13,Skin_Reaction,2,0,C,0.006802437826991081,0.006075473967939615,0.01287791132926941,PREDICTED
13,Skin_Reaction,2,1,C,0.006860855966806412,0.0028906851075589657,0.009751541540026665,PREDICTED
13,Skin_Reaction,2,2,C,0.0113750621676445,-0.0028494494035840034,0.008525612764060497,PREDICTED
13,Skin_Reaction,2,3,O,-0.017357345670461655,-0.002332413336262107,-0.019689759239554405,PREDICTED
13,Skin_Reaction,2,4,C,0.001389991957694292,-0.008551051840186119,-0.007161059882491827,PREDICTED
13,Skin_Reaction,2,5,C,-0.005662339739501476,-0.003143360372632742,-0.008805699646472931,PREDICTED
13,Skin_Reaction,2,6,C,0.011384452693164349,-0.002625484950840473,0.008758967742323875,PREDICTED
13,Skin_Reaction,2,7,C,0.007251339964568615,0.001422944013029337,0.00867428444325924,PREDICTED
13,Skin_Reaction,2,8,C,0.0006207601400092244,0.0019099507480859756,0.0025307107716798782,PREDICTED
13,Skin_Reaction,2,9,C,0.0058295284397900105,-0.0027715046890079975,0.003058023750782013,PREDICTED
13,Skin_Reaction,2,10,O,-0.018540581688284874,-0.0009041697485372424,-0.019444750621914864,PREDICTED
13,Skin_Reaction,2,11,C,0.011851024813950062,-0.0021212424617260695,0.009729782119393349,PREDICTED
13,Skin_Reaction,2,12,C,-0.011909477412700653,0.00010919198393821716,-0.011800285428762436,PREDICTED
13,Skin_Reaction,2,13,C,0.0022071637213230133,0.005372128449380398,0.007579292170703411,PREDICTED
13,Skin_Reaction,2,14,C,-0.007409605197608471,0.0012336233630776405,-0.00617598183453083,PREDICTED
13,Skin_Reaction,2,15,C,0.008063617162406445,0.0012483004247769713,0.00931191723793745,PREDICTED
13,Skin_Reaction,2,16,C,-0.010261635296046734,-0.0046071503311395645,-0.014868785627186298,PREDICTED
13,Skin_Reaction,2,17,O,-0.026163408532738686,-0.0030485368333756924,-0.029211945831775665,PREDICTED
13,Skin_Reaction,2,18,O,-0.0318131186068058,-0.003512241877615452,-0.03532535955309868,PREDICTED
13,Carcinogens_Lagunin,2,0,C,-0.02173103205859661,7.49354949221015e-05,-0.0216560959815979,PREDICTED
13,Carcinogens_Lagunin,2,1,C,-0.026247825473546982,-0.0007732725935056806,-0.027021098881959915,PREDICTED
13,Carcinogens_Lagunin,2,2,C,-0.016415100544691086,-0.0004675161326304078,-0.01688261702656746,PREDICTED
13,Carcinogens_Lagunin,2,3,O,0.032622843980789185,-0.0014394212048500776,0.031183423474431038,PREDICTED
13,Carcinogens_Lagunin,2,4,C,-0.00043002484017051756,-0.008799801580607891,-0.009229826740920544,PREDICTED
13,Carcinogens_Lagunin,2,5,C,-0.005805434659123421,-0.00370578421279788,-0.009511219337582588,PREDICTED
13,Carcinogens_Lagunin,2,6,C,-0.012434780597686768,-0.002696834970265627,-0.015131615102291107,PREDICTED
13,Carcinogens_Lagunin,2,7,C,-0.012251341715455055,-0.00352782616391778,-0.015779167413711548,PREDICTED
13,Carcinogens_Lagunin,2,8,C,-0.0018127943621948361,-0.009761061519384384,-0.011573855765163898,PREDICTED
13,Carcinogens_Lagunin,2,9,C,-0.012701009400188923,-0.0077899848110973835,-0.020490994676947594,PREDICTED
13,Carcinogens_Lagunin,2,10,O,-0.029866378754377365,-0.0038955321069806814,-0.03376191109418869,PREDICTED
13,Carcinogens_Lagunin,2,11,C,0.00032246572664007545,-0.004913788288831711,-0.0045913225039839745,PREDICTED
13,Carcinogens_Lagunin,2,12,C,0.004030905198305845,-0.01367438118904829,-0.009643476456403732,PREDICTED
13,Carcinogens_Lagunin,2,13,C,-0.012797008268535137,-0.008943676948547363,-0.021740686148405075,PREDICTED
13,Carcinogens_Lagunin,2,14,C,-0.003083491697907448,-0.00925260130316019,-0.012336093001067638,PREDICTED
13,Carcinogens_Lagunin,2,15,C,-0.011452439241111279,-0.0024118199944496155,-0.013864259235560894,PREDICTED
13,Carcinogens_Lagunin,2,16,C,-0.019084850326180458,-0.0027623497880995274,-0.021847199648618698,PREDICTED
13,Carcinogens_Lagunin,2,17,O,-0.028438013046979904,-0.0041422671638429165,-0.03258027881383896,PREDICTED
13,Carcinogens_Lagunin,2,18,O,-0.045001015067100525,-0.004759323317557573,-0.04976033791899681,PREDICTED
14,AMES,2,0,C,-0.0015787347219884396,-0.0034170541912317276,-0.004995788913220167,PREDICTED
14,AMES,2,1,C,-0.128742054104805,-0.0065884944051504135,-0.13533054292201996,PREDICTED
14,AMES,2,2,C,0.0009209364652633667,-0.00326246814802289,-0.0023415316827595234,PREDICTED
14,AMES,2,3,C,-0.07299438118934631,0.000641068909317255,-0.0723533108830452,PREDICTED
14,AMES,2,4,C,0.10307814180850983,0.015805218368768692,0.11888335645198822,PREDICTED
14,AMES,2,5,C,-0.06292479485273361,0.004817040637135506,-0.058107756078243256,PREDICTED
14,AMES,2,6,C,-0.024289937689900398,0.025528669357299805,0.0012387316673994064,PREDICTED
14,AMES,2,7,C,-0.012097612954676151,0.006243811920285225,-0.005853801034390926,PREDICTED
14,AMES,2,8,C,0.045597244054079056,-0.009410634636878967,0.03618660941720009,PREDICTED
14,AMES,2,9,C,-0.019620388746261597,0.03438986837863922,0.014769479632377625,PREDICTED
14,AMES,2,10,O,0.19892409443855286,0.0003404498565942049,0.1992645412683487,PREDICTED
14,AMES,2,11,C,-0.14366324245929718,-0.03631358966231346,-0.17997683584690094,PREDICTED
14,AMES,2,12,C,0.14677217602729797,-0.0004592742770910263,0.1463129073381424,PREDICTED
14,AMES,2,13,C,-0.11401336640119553,-0.01666633039712906,-0.13067969679832458,PREDICTED
14,AMES,2,14,C,0.04076952859759331,0.003227546811103821,0.04399707540869713,PREDICTED
14,AMES,2,15,C,0.008774416521191597,-0.04507560282945633,-0.03630118817090988,PREDICTED
14,AMES,2,16,C,-0.06822262704372406,-0.014417546801269054,-0.08264017105102539,PREDICTED
14,AMES,2,17,C,-0.005132606253027916,-0.026729164645075798,-0.031861770898103714,PREDICTED
14,AMES,2,18,C,-0.04472612962126732,-0.004582731053233147,-0.049308858811855316,PREDICTED
14,AMES,2,19,C,-0.0828244686126709,-0.019008807837963104,-0.101833276450634,PREDICTED
14,AMES,2,20,O,-0.011403605341911316,-0.02131015434861183,-0.03271375969052315,PREDICTED
14,AMES,2,21,O,-0.11150789260864258,-0.03441891819238663,-0.1459268033504486,PREDICTED
14,AMES,2,22,O,-0.03198707103729248,-0.015872707590460777,-0.04785978049039841,PREDICTED
14,AMES,2,23,C,-0.0015787347219884396,-0.0034170541912317276,-0.004995788913220167,PREDICTED
14,Skin_Reaction,2,0,C,-0.020891180261969566,0.0008237127913162112,-0.020067468285560608,PREDICTED
14,Skin_Reaction,2,1,C,-0.020635327324271202,0.002838746178895235,-0.017796581611037254,PREDICTED
14,Skin_Reaction,2,2,C,0.01609071157872677,0.0007403402123600245,0.01683105155825615,PREDICTED
14,Skin_Reaction,2,3,C,0.006431673653423786,-0.0016091600991785526,0.0048225135542452335,PREDICTED
14,Skin_Reaction,2,4,C,0.020248480141162872,-0.0003699352964758873,0.01987854391336441,PREDICTED
14,Skin_Reaction,2,5,C,-0.01412252802401781,0.004240238107740879,-0.009882289916276932,PREDICTED
14,Skin_Reaction,2,6,C,0.01631026156246662,0.0076385242864489555,0.023948784917593002,PREDICTED
14,Skin_Reaction,2,7,C,0.010860346257686615,0.001609964994713664,0.012470311485230923,PREDICTED
14,Skin_Reaction,2,8,C,-0.0023037483915686607,-0.0001602056436240673,-0.002463954035192728,PREDICTED
14,Skin_Reaction,2,9,C,-0.0023921981919556856,0.0032256287522614002,0.0008334305603057146,PREDICTED
14,Skin_Reaction,2,10,O,-0.01684453710913658,-0.00035684643080458045,-0.017201382666826248,PREDICTED
14,Skin_Reaction,2,11,C,0.00013311303337104619,-0.0038498034700751305,-0.0037166904658079147,PREDICTED
14,Skin_Reaction,2,12,C,0.008535739034414291,0.0009174000006169081,0.009453139267861843,PREDICTED
14,Skin_Reaction,2,13,C,0.00521100265905261,0.0027852458879351616,0.007996248081326485,PREDICTED
14,Skin_Reaction,2,14,C,0.011108254082500935,-0.005769873969256878,0.005338380113244057,PREDICTED
14,Skin_Reaction,2,15,C,-0.011369818821549416,-0.0011278260499238968,-0.012497644871473312,PREDICTED
14,Skin_Reaction,2,16,C,0.005983201786875725,0.0075010815635323524,0.013484283350408077,PREDICTED
14,Skin_Reaction,2,17,C,-0.007604679558426142,0.00225587235763669,-0.005348807200789452,PREDICTED
14,Skin_Reaction,2,18,C,0.01071249134838581,0.0021910693030804396,0.012903560884296894,PREDICTED
14,Skin_Reaction,2,19,C,-0.013881735503673553,-0.0068282876163721085,-0.020710023120045662,PREDICTED
14,Skin_Reaction,2,20,O,-0.028369702398777008,-0.003354231594130397,-0.03172393515706062,PREDICTED
14,Skin_Reaction,2,21,O,-0.037554673850536346,-0.006471649277955294,-0.04402632266283035,PREDICTED
14,Skin_Reaction,2,22,O,-0.012476839125156403,-0.0010192051995545626,-0.013496044091880322,PREDICTED
14,Skin_Reaction,2,23,C,-0.020891180261969566,0.0008237127913162112,-0.020067468285560608,PREDICTED
14,Carcinogens_Lagunin,2,0,C,-0.011187352240085602,-0.00012868929479736835,-0.011316041462123394,PREDICTED
14,Carcinogens_Lagunin,2,1,C,-0.009488850831985474,0.001134584192186594,-0.008354267105460167,PREDICTED
14,Carcinogens_Lagunin,2,2,C,-0.008765013888478279,0.0009991442784667015,-0.007765869610011578,PREDICTED
14,Carcinogens_Lagunin,2,3,C,-0.02266763150691986,0.0017226752825081348,-0.020944956690073013,PREDICTED
14,Carcinogens_Lagunin,2,4,C,0.02542523480951786,-0.006574787199497223,0.018850447610020638,PREDICTED
14,Carcinogens_Lagunin,2,5,C,0.004695717245340347,-0.014343715272843838,-0.00964799802750349,PREDICTED
14,Carcinogens_Lagunin,2,6,C,-0.0058930967934429646,-0.0038170318584889174,-0.009710128419101238,PREDICTED
14,Carcinogens_Lagunin,2,7,C,-0.009523787535727024,-0.0014923588605597615,-0.011016146279871464,PREDICTED
14,Carcinogens_Lagunin,2,8,C,-0.005931369494646788,-0.003880982520058751,-0.009812352247536182,PREDICTED
14,Carcinogens_Lagunin,2,9,C,-0.00504688685759902,-0.0036612132098525763,-0.008708099834620953,PREDICTED
14,Carcinogens_Lagunin,2,10,O,0.03438182920217514,-0.0043111746199429035,0.030070655047893524,PREDICTED
14,Carcinogens_Lagunin,2,11,C,-0.019334519281983376,-0.0061385054141283035,-0.02547302469611168,PREDICTED
14,Carcinogens_Lagunin,2,12,C,-0.012895934283733368,-0.0013972956221550703,-0.014293230138719082,PREDICTED
14,Carcinogens_Lagunin,2,13,C,-0.026282943785190582,-0.003661993658170104,-0.02994493767619133,PREDICTED
14,Carcinogens_Lagunin,2,14,C,0.013866494409739971,-0.003786621615290642,0.01007987279444933,PREDICTED
14,Carcinogens_Lagunin,2,15,C,0.004776257090270519,-0.015387616120278835,-0.010611359030008316,PREDICTED
14,Carcinogens_Lagunin,2,16,C,-0.011732744984328747,-0.009890482760965824,-0.02162322774529457,PREDICTED
14,Carcinogens_Lagunin,2,17,C,-0.0017002291278913617,-0.009488886222243309,-0.011189115233719349,PREDICTED
14,Carcinogens_Lagunin,2,18,C,-0.01010832842439413,-0.0027220402844250202,-0.012830369174480438,PREDICTED
14,Carcinogens_Lagunin,2,19,C,-0.023201685398817062,-0.004010801203548908,-0.027212485671043396,PREDICTED
14,Carcinogens_Lagunin,2,20,O,-0.028064889833331108,-0.0037710596807301044,-0.031835950911045074,PREDICTED
14,Carcinogens_Lagunin,2,21,O,-0.042700134217739105,-0.005925801582634449,-0.04862593486905098,PREDICTED
14,Carcinogens_Lagunin,2,22,O,-0.03783570975065231,-0.004409722983837128,-0.04224543273448944,PREDICTED
14,Carcinogens_Lagunin,2,23,C,-0.011187352240085602,-0.00012868929479736835,-0.011316041462123394,PREDICTED
15,AMES,2,0,C,-0.05481646582484245,-0.00440199812874198,-0.05921846255660057,PREDICTED
15,AMES,2,1,C,-0.1155710518360138,-0.0002762963995337486,-0.11584734916687012,PREDICTED
15,AMES,2,2,C,-0.06945076584815979,0.06945838034152985,7.614493370056152e-06,PREDICTED
15,AMES,2,3,C,0.03685599938035011,0.08383700251579285,0.12069299817085266,PREDICTED
15,AMES,2,4,C,0.04477758705615997,-0.005667425692081451,0.03911016136407852,PREDICTED
15,AMES,2,5,C,0.07019655406475067,-0.03497590497136116,0.03522064909338951,PREDICTED
15,AMES,2,6,O,0.013447888195514679,-0.011439403519034386,0.0020084846764802933,PREDICTED
15,AMES,2,7,C,-0.03375523164868355,-0.012014769949018955,-0.04577000066637993,PREDICTED
15,AMES,2,8,C,0.021841760724782944,0.0025834247935563326,0.024425186216831207,PREDICTED
15,AMES,2,9,C,0.13416631519794464,-0.006324737798422575,0.12784157693386078,PREDICTED
15,AMES,2,10,C,0.05850357562303543,-0.018279602751135826,0.040223971009254456,PREDICTED
15,AMES,2,11,O,0.12962335348129272,-0.03186513110995293,0.0977582186460495,PREDICTED
15,AMES,2,12,C,-0.07847967743873596,-0.06157475709915161,-0.14005443453788757,PREDICTED
15,AMES,2,13,C,0.04646065831184387,-0.00614507868885994,0.04031557962298393,PREDICTED
15,AMES,2,14,C,-0.1495385766029358,0.0004158671945333481,-0.1491227149963379,PREDICTED
15,AMES,2,15,C,0.09195058792829514,0.0003781472332775593,0.09232873469591141,PREDICTED
15,AMES,2,16,C,0.02279198355972767,-0.05055685341358185,-0.02776486985385418,PREDICTED
15,AMES,2,17,C,-0.06495999544858932,-0.014853771775960922,-0.07981376349925995,PREDICTED
15,AMES,2,18,C,-0.010464699938893318,-0.03363563120365143,-0.0441003292798996,PREDICTED
15,AMES,2,19,C,-0.04880790784955025,-0.0023372904397547245,-0.051145199686288834,PREDICTED
15,AMES,2,20,C,-0.08436048775911331,-0.018634382635354996,-0.1029948741197586,PREDICTED
15,AMES,2,21,O,-0.04294639080762863,-0.029420142993330956,-0.07236653566360474,PREDICTED
15,AMES,2,22,O,-0.1573798954486847,-0.04112569987773895,-0.19850559532642365,PREDICTED
15,AMES,2,23,C,-0.05481646582484245,-0.00440199812874198,-0.05921846255660057,PREDICTED
15,Skin_Reaction,2,0,C,-0.045222219079732895,-0.0008746301755309105,-0.04609685018658638,PREDICTED
15,Skin_Reaction,2,1,C,-0.025478845462203026,-0.00821761041879654,-0.033696457743644714,PREDICTED
15,Skin_Reaction,2,2,C,0.0032865707762539387,0.007944824174046516,0.011231394484639168,PREDICTED
15,Skin_Reaction,2,3,C,0.005289205349981785,0.014036492444574833,0.019325697794556618,PREDICTED
15,Skin_Reaction,2,4,C,0.01735050603747368,-0.006113294046372175,0.011237211525440216,PREDICTED
15,Skin_Reaction,2,5,C,0.014272705651819706,-0.00957763846963644,0.004695067182183266,PREDICTED
15,Skin_Reaction,2,6,O,-0.04804522544145584,-0.006908979266881943,-0.054954204708337784,PREDICTED
15,Skin_Reaction,2,7,C,0.013635518960654736,0.0016986045520752668,0.015334123745560646,PREDICTED
15,Skin_Reaction,2,8,C,0.031809352338314056,0.0013868712121620774,0.03319622203707695,PREDICTED
15,Skin_Reaction,2,9,C,-0.007842835038900375,0.001718269195407629,-0.006124565843492746,PREDICTED
15,Skin_Reaction,2,10,C,0.00705056544393301,-0.005488357972353697,0.0015622074715793133,PREDICTED
15,Skin_Reaction,2,11,O,-0.027668282389640808,-0.015287430956959724,-0.04295571148395538,PREDICTED
15,Skin_Reaction,2,12,C,0.009495618753135204,-0.01895080879330635,-0.009455190040171146,PREDICTED
15,Skin_Reaction,2,13,C,-0.026532746851444244,-0.00017864094115793705,-0.026711387559771538,PREDICTED
15,Skin_Reaction,2,14,C,0.004345662891864777,0.008555132895708084,0.01290079578757286,PREDICTED
15,Skin_Reaction,2,15,C,0.020699309185147285,-0.00358936982229352,0.017109939828515053,PREDICTED
15,Skin_Reaction,2,16,C,-0.02251710183918476,-0.003204961773008108,-0.025722064077854156,PREDICTED
15,Skin_Reaction,2,17,C,0.007765237241983414,0.0069106509909033775,0.014675888232886791,PREDICTED
15,Skin_Reaction,2,18,C,-0.015896033495664597,0.0033727255649864674,-0.012523308396339417,PREDICTED
15,Skin_Reaction,2,19,C,0.010978654958307743,0.001998811960220337,0.01297746691852808,PREDICTED
15,Skin_Reaction,2,20,C,-0.020400261506438255,-0.005778690800070763,-0.026178952306509018,PREDICTED
15,Skin_Reaction,2,21,O,-0.028998658061027527,-0.004141069948673248,-0.033139728009700775,PREDICTED
15,Skin_Reaction,2,22,O,-0.032956965267658234,-0.007409939542412758,-0.04036690294742584,PREDICTED
15,Skin_Reaction,2,23,C,-0.045222219079732895,-0.0008746301755309105,-0.04609685018658638,PREDICTED
15,Carcinogens_Lagunin,2,0,C,-0.027811698615550995,-0.000790284073445946,-0.028601983562111855,PREDICTED
15,Carcinogens_Lagunin,2,1,C,-0.007504334673285484,-0.0059924800880253315,-0.013496814295649529,PREDICTED
15,Carcinogens_Lagunin,2,2,C,-0.010687096044421196,-0.0030099849682301283,-0.013697081245481968,PREDICTED
15,Carcinogens_Lagunin,2,3,C,-0.01619000732898712,-0.0007961727678775787,-0.0169861800968647,PREDICTED
15,Carcinogens_Lagunin,2,4,C,-0.0025927419774234295,-0.00523811811581254,-0.00783086009323597,PREDICTED
15,Carcinogens_Lagunin,2,5,C,0.0011634798720479012,-0.005757892969995737,-0.004594413097947836,PREDICTED
15,Carcinogens_Lagunin,2,6,O,-0.0024660504423081875,-0.0036096679978072643,-0.006075718440115452,PREDICTED
15,Carcinogens_Lagunin,2,7,C,-0.006760266609489918,-0.001960647525265813,-0.008720913901925087,PREDICTED
15,Carcinogens_Lagunin,2,8,C,-0.0002834503829944879,-0.0018165400251746178,-0.002099990379065275,PREDICTED
15,Carcinogens_Lagunin,2,9,C,0.0021873973309993744,-0.0040161265060305595,-0.0018287291750311852,PREDICTED
15,Carcinogens_Lagunin,2,10,C,-0.004856926389038563,-0.0061274184845387936,-0.010984344407916069,PREDICTED
15,Carcinogens_Lagunin,2,11,O,0.02680143155157566,-0.005402865819633007,0.02139856666326523,PREDICTED
15,Carcinogens_Lagunin,2,12,C,-0.015771236270666122,-0.006421743892133236,-0.022192981094121933,PREDICTED
15,Carcinogens_Lagunin,2,13,C,-0.03009721264243126,-0.00307837943546474,-0.03317559137940407,PREDICTED
15,Carcinogens_Lagunin,2,14,C,-0.02424032986164093,-0.0018297903006896377,-0.026070119813084602,PREDICTED
15,Carcinogens_Lagunin,2,15,C,0.010547861456871033,-0.005808960180729628,0.004738901276141405,PREDICTED
15,Carcinogens_Lagunin,2,16,C,-0.0008030264871194959,-0.013923541642725468,-0.014726568013429642,PREDICTED
15,Carcinogens_Lagunin,2,17,C,-0.011754228733479977,-0.009041495621204376,-0.020795725286006927,PREDICTED
15,Carcinogens_Lagunin,2,18,C,-0.006737159565091133,-0.00743686780333519,-0.014174027368426323,PREDICTED
15,Carcinogens_Lagunin,2,19,C,-0.011072112247347832,-0.002586320275440812,-0.013658432289958,PREDICTED
15,Carcinogens_Lagunin,2,20,C,-0.02240489423274994,-0.0029792070854455233,-0.025384102016687393,PREDICTED
15,Carcinogens_Lagunin,2,21,O,-0.011350765824317932,-0.0020822682417929173,-0.013433033600449562,PREDICTED
15,Carcinogens_Lagunin,2,22,O,-0.025972552597522736,-0.003974890802055597,-0.029947442933917046,PREDICTED
15,Carcinogens_Lagunin,2,23,C,-0.027811698615550995,-0.000790284073445946,-0.028601983562111855,PREDICTED
9,AMES,3,0,C,0.053120944648981094,0.008768599480390549,0.06188954412937164,PREDICTED
9,AMES,3,1,O,-0.19010232388973236,0.02758432738482952,-0.1625179946422577,PREDICTED
9,AMES,3,2,C,-0.007733672857284546,0.021115995943546295,0.01338232308626175,PREDICTED
9,AMES,3,3,C,0.05174476280808449,0.003261271631345153,0.055006034672260284,PREDICTED
9,AMES,3,4,C,-0.05245564505457878,0.027967672795057297,-0.024487972259521484,PREDICTED
9,AMES,3,5,C,-0.0390038900077343,0.012369995936751366,-0.026633894070982933,PREDICTED
9,AMES,3,6,C,-0.05460457131266594,0.01976855657994747,-0.03483601659536362,PREDICTED
9,AMES,3,7,C,-0.014342866837978363,0.003539424389600754,-0.01080344244837761,PREDICTED
9,AMES,3,8,C,-0.32080379128456116,0.020512647926807404,-0.30029115080833435,PREDICTED
9,AMES,3,9,C,-0.033271387219429016,-0.012359077110886574,-0.04563046246767044,PREDICTED
9,AMES,3,10,C,0.16782689094543457,-0.05222884565591812,0.11559804528951645,PREDICTED
9,AMES,3,11,C,0.12359870225191116,-0.026236355304718018,0.09736234694719315,PREDICTED
9,AMES,3,12,C,0.0032642590813338757,0.009178408421576023,0.012442667037248611,PREDICTED
9,AMES,3,13,C,0.007088438607752323,0.0031587977427989244,0.010247236117720604,PREDICTED
9,AMES,3,14,C,-0.03336868807673454,-0.0012959949672222137,-0.03466468304395676,PREDICTED
9,AMES,3,15,C,0.04561477527022362,-0.0005783785600215197,0.045036397874355316,PREDICTED
9,AMES,3,16,O,-0.24865493178367615,0.0008233955595642328,-0.2478315383195877,PREDICTED
9,AMES,3,17,O,0.3709312081336975,-0.06147430092096329,0.3094569146633148,PREDICTED
9,AMES,3,18,C,0.00933221448212862,-0.037847600877285004,-0.028515387326478958,PREDICTED
9,AMES,3,19,O,-0.11250225454568863,0.02024373970925808,-0.0922585129737854,PREDICTED
9,Skin_Reaction,3,0,C,-0.03876037895679474,0.0012208360712975264,-0.037539541721343994,PREDICTED
9,Skin_Reaction,3,1,O,-0.048391006886959076,0.011956953443586826,-0.036434054374694824,PREDICTED
9,Skin_Reaction,3,2,C,-0.018491724506020546,0.0022408263757824898,-0.01625089719891548,PREDICTED
9,Skin_Reaction,3,3,C,0.008694191463291645,-0.006280975416302681,0.002413216046988964,PREDICTED
9,Skin_Reaction,3,4,C,-0.008067619986832142,0.0034783724695444107,-0.004589247517287731,PREDICTED
9,Skin_Reaction,3,5,C,0.032477084547281265,-0.01113341748714447,0.021343667060136795,PREDICTED
9,Skin_Reaction,3,6,C,-0.03255445882678032,-0.011283517815172672,-0.04383797571063042,PREDICTED
9,Skin_Reaction,3,7,C,-0.013317754492163658,-0.00927751325070858,-0.022595267742872238,PREDICTED
9,Skin_Reaction,3,8,C,-0.05248074606060982,-0.008206779137253761,-0.06068752706050873,PREDICTED
9,Skin_Reaction,3,9,C,-0.005723938345909119,-0.012048584409058094,-0.017772521823644638,PREDICTED
9,Skin_Reaction,3,10,C,0.06008174642920494,-0.016246292740106583,0.04383545368909836,PREDICTED
9,Skin_Reaction,3,11,C,0.03334485739469528,-0.010779166594147682,0.0225656908005476,PREDICTED
9,Skin_Reaction,3,12,C,-0.0025704163126647472,-0.004244295880198479,-0.006814712192863226,PREDICTED
9,Skin_Reaction,3,13,C,-0.01683804579079151,0.003948241472244263,-0.012889804318547249,PREDICTED
9,Skin_Reaction,3,14,C,-0.009243831969797611,-0.011588754132390022,-0.020832587033510208,PREDICTED
9,Skin_Reaction,3,15,C,-0.010632188990712166,-0.010133982636034489,-0.02076617255806923,PREDICTED
9,Skin_Reaction,3,16,O,0.05435146391391754,0.011488872580230236,0.06584033370018005,PREDICTED
9,Skin_Reaction,3,17,O,0.08985915035009384,-0.02853373810648918,0.06132541224360466,PREDICTED
9,Skin_Reaction,3,18,C,0.006146908272057772,-0.03300102427601814,-0.02685411646962166,PREDICTED
9,Skin_Reaction,3,19,O,0.0897957906126976,0.015075000002980232,0.10487078875303268,PREDICTED
9,Carcinogens_Lagunin,3,0,C,-0.015329644083976746,0.0008336425526067615,-0.014496001414954662,PREDICTED
9,Carcinogens_Lagunin,3,1,O,-0.02999906986951828,-0.0001762410392984748,-0.030175311490893364,PREDICTED
9,Carcinogens_Lagunin,3,2,C,-0.012589830905199051,-0.002145391423255205,-0.014735221862792969,PREDICTED
9,Carcinogens_Lagunin,3,3,C,-0.016010111197829247,-0.0027008834294974804,-0.018710995092988014,PREDICTED
9,Carcinogens_Lagunin,3,4,C,0.004758535418659449,0.003231997601687908,0.007990533486008644,PREDICTED
9,Carcinogens_Lagunin,3,5,C,-0.011857813224196434,-0.0029477851931005716,-0.014805598184466362,PREDICTED
9,Carcinogens_Lagunin,3,6,C,-0.015718840062618256,0.00013669568579643965,-0.015582144260406494,PREDICTED
9,Carcinogens_Lagunin,3,7,C,-0.01390165090560913,-0.0011072640772908926,-0.015008915215730667,PREDICTED
9,Carcinogens_Lagunin,3,8,C,-0.05993800237774849,7.262680446729064e-05,-0.059865374118089676,PREDICTED
9,Carcinogens_Lagunin,3,9,C,-0.03671206906437874,0.006387225352227688,-0.030324842780828476,PREDICTED
9,Carcinogens_Lagunin,3,10,C,-0.006645529065281153,0.003971382975578308,-0.0026741460897028446,PREDICTED
9,Carcinogens_Lagunin,3,11,C,-0.0047217425890266895,0.0018733851611614227,-0.002848357427865267,PREDICTED
9,Carcinogens_Lagunin,3,12,C,-0.018266383558511734,-0.004014813341200352,-0.02228119596838951,PREDICTED
9,Carcinogens_Lagunin,3,13,C,0.007119668647646904,-0.004267397802323103,0.002852270845323801,PREDICTED
9,Carcinogens_Lagunin,3,14,C,-0.010925990529358387,-0.0019064206862822175,-0.01283241156488657,PREDICTED
9,Carcinogens_Lagunin,3,15,C,-0.012632758356630802,-4.329090006649494e-05,-0.012676049023866653,PREDICTED
9,Carcinogens_Lagunin,3,16,O,-0.023760277777910233,0.0006014911341480911,-0.023158786818385124,PREDICTED
9,Carcinogens_Lagunin,3,17,O,-0.0017666728235781193,-0.003381237853318453,-0.005147910676896572,PREDICTED
9,Carcinogens_Lagunin,3,18,C,-0.021603940054774284,-0.0031394832767546177,-0.024743422865867615,PREDICTED
9,Carcinogens_Lagunin,3,19,O,-0.014240065589547157,0.003521708771586418,-0.01071835681796074,PREDICTED
10,AMES,3,0,C,0.02039080113172531,-0.006281981244683266,0.014108819887042046,PREDICTED
10,AMES,3,1,C,-0.07057616114616394,-0.03314937651157379,-0.10372553765773773,PREDICTED
10,AMES,3,2,C,-0.024129170924425125,-0.0030491207726299763,-0.027178291231393814,PREDICTED
10,AMES,3,3,C,-0.09207259863615036,0.028182968497276306,-0.06388963013887405,PREDICTED
10,AMES,3,4,C,0.0672692283987999,0.0832267701625824,0.1504960060119629,PREDICTED
10,AMES,3,5,C,0.007320924196392298,0.032556574791669846,0.039877500385046005,PREDICTED
10,AMES,3,6,C,0.016849637031555176,0.01877698302268982,0.035626620054244995,PREDICTED
10,AMES,3,7,C,-0.018313784152269363,0.00023748655803501606,-0.018076296895742416,PREDICTED
10,AMES,3,8,C,0.1317472904920578,-0.03344591706991196,0.09830137342214584,PREDICTED
10,AMES,3,9,C,0.16298896074295044,0.05501246824860573,0.21800142526626587,PREDICTED
10,AMES,3,10,O,0.2976687550544739,-0.05117640644311905,0.24649235606193542,PREDICTED
10,AMES,3,11,C,-0.0225770752876997,-0.0436125174164772,-0.06618959456682205,PREDICTED
10,AMES,3,12,C,-0.2907365560531616,0.009647916071116924,-0.281088650226593,PREDICTED
10,AMES,3,13,C,-0.03167515993118286,-0.013003218919038773,-0.044678378850221634,PREDICTED
10,AMES,3,14,C,-0.012538643553853035,0.008471991866827011,-0.004066651687026024,PREDICTED
10,AMES,3,15,C,-0.029859956353902817,0.01991885155439377,-0.009941104799509048,PREDICTED
10,AMES,3,16,C,0.051441676914691925,0.001256309449672699,0.052697986364364624,PREDICTED
10,AMES,3,17,C,-0.007356560789048672,0.019175073131918907,0.011818512342870235,PREDICTED
10,AMES,3,18,C,-0.010544016025960445,0.0020116937812417746,-0.008532322011888027,PREDICTED
10,AMES,3,19,C,-0.02535194158554077,0.019519131630659103,-0.005832809954881668,PREDICTED
10,AMES,3,20,O,-0.18798205256462097,0.026152001693844795,-0.16183005273342133,PREDICTED
10,AMES,3,21,C,0.038477569818496704,0.008465532213449478,0.04694310203194618,PREDICTED
10,AMES,3,22,O,-0.12853191792964935,0.01821875385940075,-0.11031316220760345,PREDICTED
10,AMES,3,23,O,-0.28725552558898926,0.003840300254523754,-0.2834152281284332,PREDICTED
10,AMES,3,24,C,0.02039080113172531,-0.006281981244683266,0.014108819887042046,PREDICTED
10,Skin_Reaction,3,0,C,-0.029623351991176605,-0.003732523648068309,-0.03335587680339813,PREDICTED
10,Skin_Reaction,3,1,C,0.0253374632447958,-0.003697474952787161,0.02163998782634735,PREDICTED
10,Skin_Reaction,3,2,C,0.01243616919964552,0.0071465144865214825,0.019582683220505714,PREDICTED
10,Skin_Reaction,3,3,C,0.03568229079246521,0.010398853570222855,0.046081144362688065,PREDICTED
10,Skin_Reaction,3,4,C,0.04005570337176323,0.003527987515553832,0.043583691120147705,PREDICTED
10,Skin_Reaction,3,5,C,0.0011156747350469232,-0.002483455929905176,-0.001367781194858253,PREDICTED
10,Skin_Reaction,3,6,C,0.01181168481707573,-0.002858123742043972,0.008953561075031757,PREDICTED
10,Skin_Reaction,3,7,C,-0.006113231182098389,-0.004379108548164368,-0.010492339730262756,PREDICTED
10,Skin_Reaction,3,8,C,0.02986498549580574,-0.005123489536345005,0.02474149689078331,PREDICTED
10,Skin_Reaction,3,9,C,0.029202677309513092,-0.001271626097150147,0.027931051328778267,PREDICTED
10,Skin_Reaction,3,10,O,0.04642287641763687,-0.017890067771077156,0.028532808646559715,PREDICTED
10,Skin_Reaction,3,11,C,0.006775306072086096,-0.02254888415336609,-0.015773577615618706,PREDICTED
10,Skin_Reaction,3,12,C,-0.03506844490766525,-0.004890539217740297,-0.03995898365974426,PREDICTED
10,Skin_Reaction,3,13,C,0.013374154455959797,-0.005957557819783688,0.007416596636176109,PREDICTED
10,Skin_Reaction,3,14,C,0.01537614967674017,-0.0026206921320408583,0.012755457311868668,PREDICTED
10,Skin_Reaction,3,15,C,-0.016765767708420753,-0.0019851408433169127,-0.018750907853245735,PREDICTED
10,Skin_Reaction,3,16,C,0.009763890877366066,-0.0030020130798220634,0.0067618777975440025,PREDICTED
10,Skin_Reaction,3,17,C,-0.016627194359898567,0.0018358253873884678,-0.014791369438171387,PREDICTED
10,Skin_Reaction,3,18,C,-0.009666393510997295,-0.007255906704813242,-0.016922300681471825,PREDICTED
10,Skin_Reaction,3,19,C,-0.012125816196203232,-0.005680767819285393,-0.017806584015488625,PREDICTED
10,Skin_Reaction,3,20,O,-0.042348649352788925,0.00839912798255682,-0.03394952043890953,PREDICTED
10,Skin_Reaction,3,21,C,-0.01964491605758667,0.0010858753230422735,-0.018559040501713753,PREDICTED
10,Skin_Reaction,3,22,O,0.02555963769555092,0.003149783704429865,0.028709420934319496,PREDICTED
10,Skin_Reaction,3,23,O,-0.009807138703763485,0.0010280210990458727,-0.008779117837548256,PREDICTED
10,Skin_Reaction,3,24,C,-0.029623351991176605,-0.003732523648068309,-0.03335587680339813,PREDICTED
10,Carcinogens_Lagunin,3,0,C,0.0032809621188789606,0.0011697818990796804,0.004450744017958641,PREDICTED
10,Carcinogens_Lagunin,3,1,C,-0.01890048198401928,0.00299800094217062,-0.015902481973171234,PREDICTED
10,Carcinogens_Lagunin,3,2,C,-0.015518872998654842,0.0024168947711586952,-0.013101978227496147,PREDICTED
10,Carcinogens_Lagunin,3,3,C,-0.019698001444339752,0.002588723786175251,-0.017109278589487076,PREDICTED
10,Carcinogens_Lagunin,3,4,C,0.011892182752490044,-0.0020257942378520966,0.009866388514637947,PREDICTED
10,Carcinogens_Lagunin,3,5,C,0.0118238665163517,-0.0008070094045251608,0.011016856878995895,PREDICTED
10,Carcinogens_Lagunin,3,6,C,-0.00843711569905281,-0.00037262734258547425,-0.008809743449091911,PREDICTED
10,Carcinogens_Lagunin,3,7,C,-0.014982317574322224,0.0007392392726615071,-0.014243078418076038,PREDICTED
10,Carcinogens_Lagunin,3,8,C,-0.008328579366207123,0.00456409715116024,-0.0037644822150468826,PREDICTED
10,Carcinogens_Lagunin,3,9,C,0.0024433659855276346,0.005395703483372927,0.007839069701731205,PREDICTED
10,Carcinogens_Lagunin,3,10,O,0.0037410613149404526,-0.0010798912262544036,0.002661169972270727,PREDICTED
10,Carcinogens_Lagunin,3,11,C,-0.024434126913547516,-0.004473105538636446,-0.028907231986522675,PREDICTED
10,Carcinogens_Lagunin,3,12,C,-0.06425533443689346,5.5925920605659485e-06,-0.06424973905086517,PREDICTED
10,Carcinogens_Lagunin,3,13,C,-0.03260147571563721,0.00712660513818264,-0.025474870577454567,PREDICTED
10,Carcinogens_Lagunin,3,14,C,-0.0024063107557594776,-0.003525844309478998,-0.005932155065238476,PREDICTED
10,Carcinogens_Lagunin,3,15,C,0.009192097932100296,0.002588103525340557,0.011780201457440853,PREDICTED
10,Carcinogens_Lagunin,3,16,C,-0.015998300164937973,-0.003600524505600333,-0.01959882490336895,PREDICTED
10,Carcinogens_Lagunin,3,17,C,-0.012109227478504181,-0.0027029993943870068,-0.014812227338552475,PREDICTED
10,Carcinogens_Lagunin,3,18,C,-0.012844907119870186,-0.0012575366999953985,-0.014102444052696228,PREDICTED
10,Carcinogens_Lagunin,3,19,C,-0.016185007989406586,-0.0009316465584561229,-0.01711665466427803,PREDICTED
10,Carcinogens_Lagunin,3,20,O,-0.0312152449041605,-0.0005423410329967737,-0.03175758570432663,PREDICTED
10,Carcinogens_Lagunin,3,21,C,-0.01788436248898506,0.0008493664208799601,-0.017034996300935745,PREDICTED
10,Carcinogens_Lagunin,3,22,O,-0.009270239621400833,0.004383698105812073,-0.00488654151558876,PREDICTED
10,Carcinogens_Lagunin,3,23,O,-0.03234665468335152,0.00337495026178658,-0.028971703723073006,PREDICTED
10,Carcinogens_Lagunin,3,24,C,0.0032809621188789606,0.0011697818990796804,0.004450744017958641,PREDICTED
11,AMES,3,0,C,-0.23435719311237335,-0.00841683242470026,-0.24277402460575104,PREDICTED
11,AMES,3,1,C,-0.11754625290632248,-0.0018646903336048126,-0.11941094696521759,PREDICTED
11,AMES,3,2,C,0.012654307298362255,0.04593008756637573,0.05858439579606056,PREDICTED
11,AMES,3,3,C,0.2053089290857315,0.007492605596780777,0.21280153095722198,PREDICTED
11,AMES,3,4,C,0.0826299786567688,-0.006854988634586334,0.07577499002218246,PREDICTED
11,AMES,3,5,C,0.032129302620887756,-0.0027877315878868103,0.029341571033000946,PREDICTED
11,AMES,3,6,O,0.13208524882793427,0.015612650662660599,0.14769789576530457,PREDICTED
11,AMES,3,7,C,-0.05393571779131889,-0.017975661903619766,-0.07191137969493866,PREDICTED
11,AMES,3,8,C,-0.004080464597791433,-0.0059394254349172115,-0.010019890032708645,PREDICTED
11,AMES,3,9,C,0.1245090663433075,-0.044592782855033875,0.07991628348827362,PREDICTED
11,AMES,3,10,C,0.17402289807796478,0.02615407668054104,0.20017696917057037,PREDICTED
11,AMES,3,11,O,0.4170754551887512,-0.06649123132228851,0.3505842089653015,PREDICTED
11,AMES,3,12,C,-0.05266532301902771,-0.0789092481136322,-0.1315745711326599,PREDICTED
11,AMES,3,13,C,-0.022363757714629173,0.006754821166396141,-0.015608936548233032,PREDICTED
11,AMES,3,14,C,-0.042584724724292755,-0.010813843458890915,-0.05339856818318367,PREDICTED
11,AMES,3,15,C,-0.04471457004547119,0.001843784935772419,-0.04287078604102135,PREDICTED
11,AMES,3,16,C,0.0235952977091074,0.028540942817926407,0.052136242389678955,PREDICTED
11,AMES,3,17,C,0.037523601204156876,0.006543945986777544,0.04406754672527313,PREDICTED
11,AMES,3,18,C,-0.019714297726750374,0.01864481344819069,-0.0010694842785596848,PREDICTED
11,AMES,3,19,C,-0.025103313848376274,0.0002892659977078438,-0.024814046919345856,PREDICTED
11,AMES,3,20,C,-0.03871249407529831,0.016760706901550293,-0.021951787173748016,PREDICTED
11,AMES,3,21,O,-0.23864638805389404,0.03192152827978134,-0.2067248523235321,PREDICTED
11,AMES,3,22,C,0.046748753637075424,0.011478220112621784,0.058226972818374634,PREDICTED
11,AMES,3,23,O,-0.22084951400756836,0.017043640837073326,-0.20380587875843048,PREDICTED
11,AMES,3,24,C,-0.23435719311237335,-0.00841683242470026,-0.24277402460575104,PREDICTED
11,Skin_Reaction,3,0,C,-0.056984610855579376,-0.002537964377552271,-0.05952257663011551,PREDICTED
11,Skin_Reaction,3,1,C,0.010320529341697693,-0.00859426986426115,0.0017262594774365425,PREDICTED
11,Skin_Reaction,3,2,C,0.05227186903357506,0.002414566930383444,0.05468643456697464,PREDICTED
11,Skin_Reaction,3,3,C,0.011362852528691292,-0.0031802738085389137,0.008182578720152378,PREDICTED
11,Skin_Reaction,3,4,C,0.02840598113834858,-0.010879095643758774,0.017526885494589806,PREDICTED
11,Skin_Reaction,3,5,C,0.07859966158866882,-0.010984562337398529,0.0676150992512703,PREDICTED
11,Skin_Reaction,3,6,O,-0.09684401750564575,-0.010944625362753868,-0.10778864473104477,PREDICTED
11,Skin_Reaction,3,7,C,-0.012514135800302029,-0.0037547112442553043,-0.01626884751021862,PREDICTED
11,Skin_Reaction,3,8,C,-0.012485121376812458,-0.007120995782315731,-0.01960611715912819,PREDICTED
11,Skin_Reaction,3,9,C,0.04518316686153412,-0.013302523642778397,0.03188064321875572,PREDICTED
11,Skin_Reaction,3,10,C,0.05977049097418785,-0.001680536661297083,0.058089952915906906,PREDICTED
11,Skin_Reaction,3,11,O,0.04075584560632706,-0.027197422459721565,0.013558423146605492,PREDICTED
11,Skin_Reaction,3,12,C,0.031790222972631454,-0.03734755888581276,-0.005557335913181305,PREDICTED
11,Skin_Reaction,3,13,C,-0.08452004939317703,-0.010104529559612274,-0.0946245789527893,PREDICTED
11,Skin_Reaction,3,14,C,0.03201115131378174,-0.0061430856585502625,0.025868065655231476,PREDICTED
11,Skin_Reaction,3,15,C,-0.00812618713825941,-0.012874671258032322,-0.021000858396291733,PREDICTED
11,Skin_Reaction,3,16,C,0.000544802169315517,-0.0023033367469906807,-0.0017585345776751637,PREDICTED
11,Skin_Reaction,3,17,C,0.008330991491675377,-0.007536644581705332,0.0007943469099700451,PREDICTED
11,Skin_Reaction,3,18,C,-0.03785461187362671,9.411759674549103e-05,-0.03776049613952637,PREDICTED
11,Skin_Reaction,3,19,C,-0.017844324931502342,-0.008508286438882351,-0.02635261043906212,PREDICTED
11,Skin_Reaction,3,20,C,-0.015161664225161076,-0.00850142166018486,-0.02366308495402336,PREDICTED
11,Skin_Reaction,3,21,O,-0.0850268229842186,0.010361806489527225,-0.07466501742601395,PREDICTED
11,Skin_Reaction,3,22,C,-0.029707059264183044,0.0017293657874688506,-0.02797769382596016,PREDICTED
11,Skin_Reaction,3,23,O,0.06362408399581909,0.005783533211797476,0.069407619535923,PREDICTED
11,Skin_Reaction,3,24,C,-0.056984610855579376,-0.002537964377552271,-0.05952257663011551,PREDICTED
11,Carcinogens_Lagunin,3,0,C,-0.021986858919262886,6.29217829555273e-05,-0.021923936903476715,PREDICTED
11,Carcinogens_Lagunin,3,1,C,-0.021800978109240532,-0.0008194403490051627,-0.022620419040322304,PREDICTED
11,Carcinogens_Lagunin,3,2,C,-0.013036361895501614,0.004722238518297672,-0.008314123377203941,PREDICTED
11,Carcinogens_Lagunin,3,3,C,-0.00653998414054513,0.0026704268530011177,-0.003869557287544012,PREDICTED
11,Carcinogens_Lagunin,3,4,C,-0.0016025970689952374,0.0033665341325104237,0.0017639370635151863,PREDICTED
11,Carcinogens_Lagunin,3,5,C,0.003870223183184862,0.0019378396682441235,0.005808062851428986,PREDICTED
11,Carcinogens_Lagunin,3,6,O,-0.00289472215808928,0.0002734390436671674,-0.002621283056214452,PREDICTED
11,Carcinogens_Lagunin,3,7,C,-0.017490945756435394,-0.00032801597262732685,-0.017818961292505264,PREDICTED
11,Carcinogens_Lagunin,3,8,C,-0.015611350536346436,0.00033260227064602077,-0.015278748236596584,PREDICTED
11,Carcinogens_Lagunin,3,9,C,-0.015528125688433647,0.003878831397742033,-0.011649293825030327,PREDICTED
11,Carcinogens_Lagunin,3,10,C,-0.0020039596129208803,0.009169632568955421,0.007165673188865185,PREDICTED
11,Carcinogens_Lagunin,3,11,O,0.0022168320138007402,-0.0007980995578691363,0.001418732455931604,PREDICTED
11,Carcinogens_Lagunin,3,12,C,-0.0194157175719738,-0.0025658286176621914,-0.02198154665529728,PREDICTED
11,Carcinogens_Lagunin,3,13,C,-0.041095882654190063,0.0009386115707457066,-0.040157269686460495,PREDICTED
11,Carcinogens_Lagunin,3,14,C,-0.028756169602274895,0.005504346918314695,-0.023251822218298912,PREDICTED
11,Carcinogens_Lagunin,3,15,C,-0.004923966713249683,-0.004521447233855724,-0.009445413947105408,PREDICTED
11,Carcinogens_Lagunin,3,16,C,0.010624456219375134,-0.00010163243860006332,0.01052282378077507,PREDICTED
11,Carcinogens_Lagunin,3,17,C,-0.01511234138160944,-0.002711603883653879,-0.017823945730924606,PREDICTED
11,Carcinogens_Lagunin,3,18,C,-0.01212290022522211,-0.0023650445509701967,-0.014487944543361664,PREDICTED
11,Carcinogens_Lagunin,3,19,C,-0.013589032925665379,-0.0011205197079107165,-0.014709552749991417,PREDICTED
11,Carcinogens_Lagunin,3,20,C,-0.01640055887401104,-0.0012106854701414704,-0.017611244693398476,PREDICTED
11,Carcinogens_Lagunin,3,21,O,-0.029931753873825073,-0.0003446039045229554,-0.030276358127593994,PREDICTED
11,Carcinogens_Lagunin,3,22,C,-0.012250090949237347,0.0008117968100123107,-0.011438294313848019,PREDICTED
11,Carcinogens_Lagunin,3,23,O,-0.022338366135954857,0.0017824119422584772,-0.020555954426527023,PREDICTED
11,Carcinogens_Lagunin,3,24,C,-0.021986858919262886,6.29217829555273e-05,-0.021923936903476715,PREDICTED
13,AMES,3,0,C,-0.08784507215023041,-0.009989271871745586,-0.09783434122800827,PREDICTED
13,AMES,3,1,C,-0.24650844931602478,0.026071423664689064,-0.22043702006340027,PREDICTED
13,AMES,3,2,C,-0.04628724232316017,-0.027074851095676422,-0.07336209714412689,PREDICTED
13,AMES,3,3,O,0.3543209731578827,-0.04864432290196419,0.3056766390800476,PREDICTED
13,AMES,3,4,C,0.10805533081293106,-0.019102737307548523,0.08895259350538254,PREDICTED
13,AMES,3,5,C,0.1366220861673355,-0.04410168156027794,0.09252040088176727,PREDICTED
13,AMES,3,6,C,0.03993963450193405,0.0008861701935529709,0.04082580655813217,PREDICTED
13,AMES,3,7,C,-0.03266230598092079,0.001994948834180832,-0.03066735714673996,PREDICTED
13,AMES,3,8,C,0.0024076574482023716,0.004801012575626373,0.007208670023828745,PREDICTED
13,AMES,3,9,C,0.007159491069614887,0.012261275202035904,0.019420765340328217,PREDICTED
13,AMES,3,10,O,-0.22405457496643066,-0.0017087198793888092,-0.22576329112052917,PREDICTED
13,AMES,3,11,C,0.010170986875891685,0.024757448583841324,0.03492843359708786,PREDICTED
13,AMES,3,12,C,-0.06501638144254684,0.05117163434624672,-0.013844747096300125,PREDICTED
13,AMES,3,13,C,-0.007258574012666941,0.006173367612063885,-0.001085206400603056,PREDICTED
13,AMES,3,14,C,0.014549844898283482,0.005428281147032976,0.019978126510977745,PREDICTED
13,AMES,3,15,C,-0.0369395986199379,0.0031505743972957134,-0.033789023756980896,PREDICTED
13,AMES,3,16,C,-0.022711779922246933,0.018135916441679,-0.004575863480567932,PREDICTED
13,AMES,3,17,O,-0.2050025314092636,0.0007807467482052743,-0.20422178506851196,PREDICTED
13,AMES,3,18,O,-0.010877758264541626,0.036226291209459305,0.02534853294491768,PREDICTED
13,Skin_Reaction,3,0,C,-0.00803842581808567,-0.009348883293569088,-0.017387308180332184,PREDICTED
13,Skin_Reaction,3,1,C,-0.030072109773755074,-0.005193931981921196,-0.03526604175567627,PREDICTED
13,Skin_Reaction,3,2,C,0.0013391372049227357,-0.021948767825961113,-0.020609630271792412,PREDICTED
13,Skin_Reaction,3,3,O,0.07054213434457779,-0.018241889774799347,0.05230024456977844,PREDICTED
13,Skin_Reaction,3,4,C,0.028396233916282654,-0.0059481170028448105,0.022448116913437843,PREDICTED
13,Skin_Reaction,3,5,C,0.04830348491668701,-0.011875220574438572,0.036428265273571014,PREDICTED
13,Skin_Reaction,3,6,C,-0.0063304901123046875,-0.006691566668450832,-0.01302205678075552,PREDICTED
13,Skin_Reaction,3,7,C,-0.006037651561200619,-0.007287837099283934,-0.013325488194823265,PREDICTED
13,Skin_Reaction,3,8,C,-0.011894876137375832,0.003647012636065483,-0.008247863501310349,PREDICTED
13,Skin_Reaction,3,9,C,-4.304456524550915e-06,-0.0015592214185744524,-0.0015635258750990033,PREDICTED
13,Skin_Reaction,3,10,O,0.03925914317369461,0.0076783448457717896,0.0469374880194664,PREDICTED
13,Skin_Reaction,3,11,C,0.031031643971800804,-0.005448528099805117,0.025583116337656975,PREDICTED
13,Skin_Reaction,3,12,C,-0.01613423600792885,0.006662108935415745,-0.009472127072513103,PREDICTED
13,Skin_Reaction,3,13,C,0.0019628717564046383,-0.00012835441157221794,0.0018345173448324203,PREDICTED
13,Skin_Reaction,3,14,C,-0.01723746955394745,0.007823050953447819,-0.00941441860049963,PREDICTED
13,Skin_Reaction,3,15,C,-0.010837656445801258,-0.006320800632238388,-0.01715845614671707,PREDICTED
13,Skin_Reaction,3,16,C,-0.020865773782134056,-0.0072996960952878,-0.02816547080874443,PREDICTED
13,Skin_Reaction,3,17,O,0.035645149648189545,0.009718911722302437,0.04536405950784683,PREDICTED
13,Skin_Reaction,3,18,O,0.07011733204126358,0.013174801133573055,0.08329213410615921,PREDICTED
13,Carcinogens_Lagunin,3,0,C,-0.03739921748638153,0.0069615645334124565,-0.0304376520216465,PREDICTED
13,Carcinogens_Lagunin,3,1,C,-0.06823144853115082,-0.00032449583522975445,-0.06855594366788864,PREDICTED
13,Carcinogens_Lagunin,3,2,C,-0.022023363038897514,-0.0032343450002372265,-0.025257708504796028,PREDICTED
13,Carcinogens_Lagunin,3,3,O,-0.0019641700200736523,-0.003265857230871916,-0.005230027250945568,PREDICTED
13,Carcinogens_Lagunin,3,4,C,-0.004217500798404217,0.002412799745798111,-0.0018047010526061058,PREDICTED
13,Carcinogens_Lagunin,3,5,C,-0.007540317252278328,0.00453590415418148,-0.0030044130980968475,PREDICTED
13,Carcinogens_Lagunin,3,6,C,-0.01289401762187481,0.000271686352789402,-0.012622331269085407,PREDICTED
13,Carcinogens_Lagunin,3,7,C,-0.0110393725335598,-0.001565708895213902,-0.01260508131235838,PREDICTED
13,Carcinogens_Lagunin,3,8,C,0.007913968525826931,-0.005045047029852867,0.002868921495974064,PREDICTED
13,Carcinogens_Lagunin,3,9,C,-0.018757326528429985,-0.003801453160122037,-0.022558780387043953,PREDICTED
13,Carcinogens_Lagunin,3,10,O,-0.030462030321359634,-0.00030037036049179733,-0.03076240047812462,PREDICTED
13,Carcinogens_Lagunin,3,11,C,-0.00624460494145751,-0.0021564150229096413,-0.008401019498705864,PREDICTED
13,Carcinogens_Lagunin,3,12,C,0.008623108267784119,0.001979673281311989,0.010602781549096107,PREDICTED
13,Carcinogens_Lagunin,3,13,C,-0.019509341567754745,-0.004906521178781986,-0.024415861815214157,PREDICTED
13,Carcinogens_Lagunin,3,14,C,0.004977650474756956,-0.00445124227553606,0.0005264081992208958,PREDICTED
13,Carcinogens_Lagunin,3,15,C,-0.012126024812459946,-0.0013153298059478402,-0.013441354967653751,PREDICTED
13,Carcinogens_Lagunin,3,16,C,-0.011185568757355213,0.001313518499955535,-0.009872050024569035,PREDICTED
13,Carcinogens_Lagunin,3,17,O,-0.03324221074581146,-0.001010994310490787,-0.034253206104040146,PREDICTED
13,Carcinogens_Lagunin,3,18,O,-0.03111967444419861,0.0021425699815154076,-0.028977103531360626,PREDICTED
14,AMES,3,0,C,0.03413718566298485,-0.005813100375235081,0.028324086219072342,PREDICTED
14,AMES,3,1,C,-0.08024962246417999,-0.0319853350520134,-0.11223495751619339,PREDICTED
14,AMES,3,2,C,-0.017529882490634918,-9.439513087272644e-05,-0.017624277621507645,PREDICTED
14,AMES,3,3,C,-0.10485891252756119,0.030846349895000458,-0.07401256263256073,PREDICTED
14,AMES,3,4,C,0.037816960364580154,0.08379971981048584,0.1216166764497757,PREDICTED
14,AMES,3,5,C,-0.006132247857749462,0.031636230647563934,0.025503981858491898,PREDICTED
14,AMES,3,6,C,0.010081115178763866,0.021794065833091736,0.03187518194317818,PREDICTED
14,AMES,3,7,C,-0.01421070285141468,0.0017066462896764278,-0.012504056096076965,PREDICTED
14,AMES,3,8,C,0.04066259786486626,-0.04124481976032257,-0.0005822218954563141,PREDICTED
14,AMES,3,9,C,0.14271032810211182,0.047291480004787445,0.19000181555747986,PREDICTED
14,AMES,3,10,O,0.3582814335823059,-0.04877108335494995,0.30951035022735596,PREDICTED
14,AMES,3,11,C,-0.05606754869222641,-0.057479552924633026,-0.11354710161685944,PREDICTED
14,AMES,3,12,C,-0.008048946969211102,0.009623531252145767,0.0015745842829346657,PREDICTED
14,AMES,3,13,C,-0.09619198739528656,-0.01943005621433258,-0.11562204360961914,PREDICTED
14,AMES,3,14,C,0.050911933183670044,0.02905704267323017,0.07996897399425507,PREDICTED
14,AMES,3,15,C,-0.003230237402021885,0.05683009326457977,0.05359985679388046,PREDICTED
14,AMES,3,16,C,-0.01918545737862587,0.005839116871356964,-0.013346340507268906,PREDICTED
14,AMES,3,17,C,0.0013976553454995155,0.0029484014958143234,0.004346056841313839,PREDICTED
14,AMES,3,18,C,-0.041533175855875015,0.0007178029045462608,-0.04081537202000618,PREDICTED
14,AMES,3,19,C,-0.024291882291436195,0.007708462420850992,-0.01658342033624649,PREDICTED
14,AMES,3,20,O,-0.2541077435016632,-1.894403249025345e-05,-0.2541266977787018,PREDICTED
14,AMES,3,21,O,-0.00791991874575615,0.04129999876022339,0.03338008001446724,PREDICTED
14,AMES,3,22,O,-0.30723220109939575,-0.0014869950246065855,-0.3087191879749298,PREDICTED
14,AMES,3,23,C,0.03413718566298485,-0.005813100375235081,0.028324086219072342,PREDICTED
14,Skin_Reaction,3,0,C,-0.0346093587577343,-0.003485532011836767,-0.038094889372587204,PREDICTED
14,Skin_Reaction,3,1,C,0.024391477927565575,-0.005249327514320612,0.01914215087890625,PREDICTED
14,Skin_Reaction,3,2,C,0.009210982359945774,0.004159637726843357,0.013370620086789131,PREDICTED
14,Skin_Reaction,3,3,C,0.023495158180594444,0.007875162176787853,0.03137031942605972,PREDICTED
14,Skin_Reaction,3,4,C,0.0445626825094223,0.0027653975412249565,0.04732808098196983,PREDICTED
14,Skin_Reaction,3,5,C,0.0010773595422506332,0.0011543951695784926,0.0022317548282444477,PREDICTED
14,Skin_Reaction,3,6,C,0.010251929052174091,-0.0014444156549870968,0.008807513862848282,PREDICTED
14,Skin_Reaction,3,7,C,-0.004484117962419987,-0.0026394198648631573,-0.007123537827283144,PREDICTED
14,Skin_Reaction,3,8,C,0.02495078183710575,-0.005921475123614073,0.01902930624783039,PREDICTED
14,Skin_Reaction,3,9,C,0.03692835196852684,-0.00355684757232666,0.03337150439620018,PREDICTED
14,Skin_Reaction,3,10,O,0.043366800993680954,-0.016102977097034454,0.0272638238966465,PREDICTED
14,Skin_Reaction,3,11,C,0.0002351108705624938,-0.02017599157989025,-0.019940881058573723,PREDICTED
14,Skin_Reaction,3,12,C,-0.0267681572586298,-0.006155078765004873,-0.03292323648929596,PREDICTED
14,Skin_Reaction,3,13,C,-0.0044045234099030495,-0.006226280704140663,-0.010630804114043713,PREDICTED
14,Skin_Reaction,3,14,C,0.013326083309948444,-0.003610944841057062,0.009715138003230095,PREDICTED
14,Skin_Reaction,3,15,C,-0.020126188173890114,0.005155390594154596,-0.014970798045396805,PREDICTED
14,Skin_Reaction,3,16,C,0.0028030581306666136,0.0016999435611069202,0.00450300145894289,PREDICTED
14,Skin_Reaction,3,17,C,-0.019533401355147362,0.006168448831886053,-0.013364952057600021,PREDICTED
14,Skin_Reaction,3,18,C,-0.008791868574917316,-0.005035551730543375,-0.013827420771121979,PREDICTED
14,Skin_Reaction,3,19,C,-0.011053776368498802,-0.006053189747035503,-0.01710696518421173,PREDICTED
14,Skin_Reaction,3,20,O,0.020251885056495667,0.006604888942092657,0.02685677446424961,PREDICTED
14,Skin_Reaction,3,21,O,0.05255281925201416,0.007698976434767246,0.06025179475545883,PREDICTED
14,Skin_Reaction,3,22,O,0.011361315846443176,0.0029383269138634205,0.01429964229464531,PREDICTED
14,Skin_Reaction,3,23,C,-0.0346093587577343,-0.003485532011836767,-0.038094889372587204,PREDICTED
14,Carcinogens_Lagunin,3,0,C,0.004061349667608738,0.0009946837089955807,0.005056033376604319,PREDICTED
14,Carcinogens_Lagunin,3,1,C,-0.01830926723778248,0.003416375257074833,-0.014892891980707645,PREDICTED
14,Carcinogens_Lagunin,3,2,C,-0.014704657718539238,0.002398342825472355,-0.012306314893066883,PREDICTED
14,Carcinogens_Lagunin,3,3,C,-0.02369515597820282,0.0017340787453576922,-0.02196107804775238,PREDICTED
14,Carcinogens_Lagunin,3,4,C,0.012233665212988853,0.00028494978323578835,0.012518614530563354,PREDICTED
14,Carcinogens_Lagunin,3,5,C,0.01164616085588932,-0.0011976363603025675,0.010448524728417397,PREDICTED
14,Carcinogens_Lagunin,3,6,C,-0.009496156126260757,0.00039936427492648363,-0.009096791967749596,PREDICTED
14,Carcinogens_Lagunin,3,7,C,-0.01600118726491928,0.0003083710034843534,-0.01569281704723835,PREDICTED
14,Carcinogens_Lagunin,3,8,C,-0.013706058263778687,0.0022861743345856667,-0.01141988392919302,PREDICTED
14,Carcinogens_Lagunin,3,9,C,0.002491928171366453,0.00603511231020093,0.008527040481567383,PREDICTED
14,Carcinogens_Lagunin,3,10,O,0.005356513429433107,-0.0018270104192197323,0.003529503010213375,PREDICTED
14,Carcinogens_Lagunin,3,11,C,-0.025341585278511047,-0.007120681926608086,-0.03246226906776428,PREDICTED
14,Carcinogens_Lagunin,3,12,C,-0.033393919467926025,-0.0023935730569064617,-0.035787492990493774,PREDICTED
14,Carcinogens_Lagunin,3,13,C,-0.03570268303155899,0.004959222860634327,-0.030743461102247238,PREDICTED
14,Carcinogens_Lagunin,3,14,C,0.0025726452004164457,-0.003896247362717986,-0.0013236021623015404,PREDICTED
14,Carcinogens_Lagunin,3,15,C,0.018964672461152077,-0.0025843100156635046,0.01638036221265793,PREDICTED
14,Carcinogens_Lagunin,3,16,C,-0.019944140687584877,-0.005414457991719246,-0.025358598679304123,PREDICTED
14,Carcinogens_Lagunin,3,17,C,0.005903006996959448,-0.005286306608468294,0.0006167003884911537,PREDICTED
14,Carcinogens_Lagunin,3,18,C,-0.010342308320105076,-0.0015154714928939939,-0.011857779696583748,PREDICTED
14,Carcinogens_Lagunin,3,19,C,-0.010577809065580368,-0.0001944074174389243,-0.010772216133773327,PREDICTED
14,Carcinogens_Lagunin,3,20,O,-0.03840820863842964,-0.002181828720495105,-0.040590036660432816,PREDICTED
14,Carcinogens_Lagunin,3,21,O,-0.03978677839040756,0.0006867570918984711,-0.03910002112388611,PREDICTED
14,Carcinogens_Lagunin,3,22,O,-0.0450260229408741,0.000741001742426306,-0.04428502172231674,PREDICTED
14,Carcinogens_Lagunin,3,23,C,0.004061349667608738,0.0009946837089955807,0.005056033376604319,PREDICTED
15,AMES,3,0,C,-0.20214876532554626,-0.007218108978122473,-0.20936687290668488,PREDICTED
15,AMES,3,1,C,-0.11639820039272308,0.0011936426162719727,-0.11520455777645111,PREDICTED
15,AMES,3,2,C,0.008482759818434715,0.04353811591863632,0.052020877599716187,PREDICTED
15,AMES,3,3,C,0.19336894154548645,0.007276345044374466,0.20064528286457062,PREDICTED
15,AMES,3,4,C,0.06858159601688385,-0.0052201999351382256,0.06336139887571335,PREDICTED
15,AMES,3,5,C,0.019008522853255272,-0.0008494285866618156,0.01815909519791603,PREDICTED
15,AMES,3,6,O,0.13434717059135437,0.01711159013211727,0.1514587551355362,PREDICTED
15,AMES,3,7,C,-0.05008621886372566,-0.016504758968949318,-0.06659097969532013,PREDICTED
15,AMES,3,8,C,-0.0032300068996846676,-0.0048154192045331,-0.00804542563855648,PREDICTED
15,AMES,3,9,C,0.1109117865562439,-0.041110455989837646,0.06980133056640625,PREDICTED
15,AMES,3,10,C,0.15726062655448914,0.024971626698970795,0.18223226070404053,PREDICTED
15,AMES,3,11,O,0.4058144688606262,-0.0605260506272316,0.3452884256839752,PREDICTED
15,AMES,3,12,C,-0.14966365694999695,-0.0683600977063179,-0.21802374720573425,PREDICTED
15,AMES,3,13,C,0.034468185156583786,0.019036423414945602,0.05350460857152939,PREDICTED
15,AMES,3,14,C,-0.14063283801078796,-0.007876187562942505,-0.14850902557373047,PREDICTED
15,AMES,3,15,C,0.023850349709391594,0.01328712236136198,0.037137471139431,PREDICTED
15,AMES,3,16,C,0.014025634154677391,0.060343120247125626,0.07436875253915787,PREDICTED
15,AMES,3,17,C,-0.03328818827867508,0.009487699717283249,-0.02380048856139183,PREDICTED
15,AMES,3,18,C,0.012313738465309143,-0.0007854413706809282,0.011528297327458858,PREDICTED
15,AMES,3,19,C,-0.04853347688913345,0.00040004123002290726,-0.04813343659043312,PREDICTED
15,AMES,3,20,C,-0.005903101991862059,0.010924658738076687,0.005021556746214628,PREDICTED
15,AMES,3,21,O,-0.3028179109096527,-0.004551553167402744,-0.3073694705963135,PREDICTED
15,AMES,3,22,O,-0.06509379297494888,0.042206987738609314,-0.02288680523633957,PREDICTED
15,AMES,3,23,C,-0.20214876532554626,-0.007218108978122473,-0.20936687290668488,PREDICTED
15,Skin_Reaction,3,0,C,-0.041437312960624695,-0.0019824793562293053,-0.043419793248176575,PREDICTED
15,Skin_Reaction,3,1,C,0.010408672504127026,-0.0049968259409070015,0.005411846563220024,PREDICTED
15,Skin_Reaction,3,2,C,0.038348279893398285,0.001441845204681158,0.03979012370109558,PREDICTED
15,Skin_Reaction,3,3,C,0.00651632621884346,-0.0030435367953032255,0.0034727894235402346,PREDICTED
15,Skin_Reaction,3,4,C,0.02686792053282261,-0.00839938223361969,0.01846853829920292,PREDICTED
15,Skin_Reaction,3,5,C,0.05759477615356445,-0.008318902924656868,0.049275875091552734,PREDICTED
15,Skin_Reaction,3,6,O,-0.06465204060077667,-0.006794926710426807,-0.0714469701051712,PREDICTED
15,Skin_Reaction,3,7,C,-0.005332751665264368,-0.002849369775503874,-0.008182121440768242,PREDICTED
15,Skin_Reaction,3,8,C,-0.006388111971318722,-0.005221930332481861,-0.011610042303800583,PREDICTED
15,Skin_Reaction,3,9,C,0.041918158531188965,-0.011413196101784706,0.03050496242940426,PREDICTED
15,Skin_Reaction,3,10,C,0.0518096424639225,-0.002160456497222185,0.0496491864323616,PREDICTED
15,Skin_Reaction,3,11,O,0.03743092715740204,-0.020053470507264137,0.0173774566501379,PREDICTED
15,Skin_Reaction,3,12,C,0.015985026955604553,-0.027259686961770058,-0.011274660006165504,PREDICTED
15,Skin_Reaction,3,13,C,-0.044180989265441895,-0.0067230286076664925,-0.05090401694178581,PREDICTED
15,Skin_Reaction,3,14,C,0.016221003606915474,-0.006529398262500763,0.009691605344414711,PREDICTED
15,Skin_Reaction,3,15,C,0.0024745939299464226,-0.006619442254304886,-0.004144848324358463,PREDICTED
15,Skin_Reaction,3,16,C,-0.02167409472167492,0.00429648207500577,-0.017377613112330437,PREDICTED
15,Skin_Reaction,3,17,C,0.002156164962798357,0.0005319535266608,0.002688118489459157,PREDICTED
15,Skin_Reaction,3,18,C,-0.029336638748645782,0.006822887808084488,-0.022513750940561295,PREDICTED
15,Skin_Reaction,3,19,C,-0.009664749726653099,-0.007160219829529524,-0.01682497002184391,PREDICTED
15,Skin_Reaction,3,20,C,-0.008260254748165607,-0.006515653803944588,-0.014775908552110195,PREDICTED
15,Skin_Reaction,3,21,O,0.03230777010321617,0.00846056267619133,0.0407683327794075,PREDICTED
15,Skin_Reaction,3,22,O,0.04759225621819496,0.00816511269658804,0.055757369846105576,PREDICTED
15,Skin_Reaction,3,23,C,-0.041437312960624695,-0.0019824793562293053,-0.043419793248176575,PREDICTED
15,Carcinogens_Lagunin,3,0,C,-0.02526675909757614,4.727805207949132e-05,-0.02521948143839836,PREDICTED
15,Carcinogens_Lagunin,3,1,C,-0.022061437368392944,-0.0013605745043605566,-0.023422012105584145,PREDICTED
15,Carcinogens_Lagunin,3,2,C,-0.012329240329563618,0.004566836636513472,-0.007762403693050146,PREDICTED
15,Carcinogens_Lagunin,3,3,C,-0.007307296618819237,0.0023623774759471416,-0.004944919142872095,PREDICTED
15,Carcinogens_Lagunin,3,4,C,0.001842641388066113,0.0026605846360325813,0.0045032259076833725,PREDICTED
15,Carcinogens_Lagunin,3,5,C,0.00742171099409461,0.001372029073536396,0.008793739601969719,PREDICTED
15,Carcinogens_Lagunin,3,6,O,-0.0028782973531633615,-0.00016504066297784448,-0.003043337957933545,PREDICTED
15,Carcinogens_Lagunin,3,7,C,-0.01858973316848278,-0.0004600354004651308,-0.019049769267439842,PREDICTED
15,Carcinogens_Lagunin,3,8,C,-0.01688704825937748,0.00023604129091836512,-0.016651006415486336,PREDICTED
15,Carcinogens_Lagunin,3,9,C,-0.013242662884294987,0.00360249076038599,-0.009640172123908997,PREDICTED
15,Carcinogens_Lagunin,3,10,C,0.001435436075553298,0.009046202525496483,0.010481638833880424,PREDICTED
15,Carcinogens_Lagunin,3,11,O,0.0016060417983680964,-0.001524294726550579,8.174707181751728e-05,PREDICTED
15,Carcinogens_Lagunin,3,12,C,-0.01965620368719101,-0.0033035711385309696,-0.022959774360060692,PREDICTED
15,Carcinogens_Lagunin,3,13,C,-0.047064296901226044,0.0008392184972763062,-0.04622507840394974,PREDICTED
15,Carcinogens_Lagunin,3,14,C,-0.029445838183164597,0.005857409909367561,-0.023588428273797035,PREDICTED
15,Carcinogens_Lagunin,3,15,C,0.0023868309799581766,-0.00476995250210166,-0.002383121522143483,PREDICTED
15,Carcinogens_Lagunin,3,16,C,0.011724987998604774,-0.0014637508429586887,0.010261237621307373,PREDICTED
15,Carcinogens_Lagunin,3,17,C,-0.020811880007386208,-0.0051957713440060616,-0.026007652282714844,PREDICTED
15,Carcinogens_Lagunin,3,18,C,0.004417740739881992,-0.004483438562601805,-6.569782271981239e-05,PREDICTED
15,Carcinogens_Lagunin,3,19,C,-0.012339351698756218,-0.002439203206449747,-0.014778554439544678,PREDICTED
15,Carcinogens_Lagunin,3,20,C,-0.0114321019500494,-0.0008942400454543531,-0.012326342053711414,PREDICTED
15,Carcinogens_Lagunin,3,21,O,-0.024306776002049446,-9.354794747196138e-05,-0.024400323629379272,PREDICTED
15,Carcinogens_Lagunin,3,22,O,-0.03589138388633728,0.001061447081156075,-0.03482993692159653,PREDICTED
15,Carcinogens_Lagunin,3,23,C,-0.02526675909757614,4.727805207949132e-05,-0.02521948143839836,PREDICTED
9,AMES,4,0,C,-0.04546025022864342,-0.0056487941183149815,-0.05110904574394226,PREDICTED
9,AMES,4,1,O,-0.03384537994861603,-0.006141079124063253,-0.03998645767569542,PREDICTED
9,AMES,4,2,C,0.03483094274997711,0.009792306460440159,0.044623248279094696,PREDICTED
9,AMES,4,3,C,0.04861387610435486,0.04725253954529762,0.09586641192436218,PREDICTED
9,AMES,4,4,C,0.12467523664236069,0.013937339186668396,0.1386125683784485,PREDICTED
9,AMES,4,5,C,0.11112124472856522,0.044837601482868195,0.1559588462114334,PREDICTED
9,AMES,4,6,C,0.06283363699913025,0.0015191840939223766,0.06435281783342361,PREDICTED
9,AMES,4,7,C,-0.03941884636878967,-0.01082505565136671,-0.05024390295147896,PREDICTED
9,AMES,4,8,C,-0.013368792831897736,-0.0782204121351242,-0.09158920496702194,PREDICTED
9,AMES,4,9,C,-0.026122841984033585,-0.03478589281439781,-0.060908734798431396,PREDICTED
9,AMES,4,10,C,0.01278986968100071,-0.02005898207426071,-0.007269112393260002,PREDICTED
9,AMES,4,11,C,-0.051112961024045944,-0.027117673307657242,-0.07823063433170319,PREDICTED
9,AMES,4,12,C,0.011309996247291565,0.001183284679427743,0.012493280693888664,PREDICTED
9,AMES,4,13,C,-0.031097542494535446,-0.01631651259958744,-0.047414056956768036,PREDICTED
9,AMES,4,14,C,0.05857839807868004,0.0017951843328773975,0.06037358194589615,PREDICTED
9,AMES,4,15,C,-0.055377278476953506,-0.017579179257154465,-0.07295645773410797,PREDICTED
9,AMES,4,16,O,-0.3358093500137329,-0.028265876695513725,-0.3640752136707306,PREDICTED
9,AMES,4,17,O,0.2935066223144531,-0.04852668568491936,0.24497993290424347,PREDICTED
9,AMES,4,18,C,0.0628807321190834,-0.08261725306510925,-0.01973652094602585,PREDICTED
9,AMES,4,19,O,-0.480133056640625,-0.049200937151908875,-0.5293340086936951,PREDICTED
9,Skin_Reaction,4,0,C,-0.06874780356884003,-0.0031110288109630346,-0.07185883074998856,PREDICTED
9,Skin_Reaction,4,1,O,-0.054822083562612534,-0.009720038622617722,-0.06454212218523026,PREDICTED
9,Skin_Reaction,4,2,C,-0.020506152883172035,-0.00334965530782938,-0.02385580912232399,PREDICTED
9,Skin_Reaction,4,3,C,0.006079043261706829,0.007364293560385704,0.013443336822092533,PREDICTED
9,Skin_Reaction,4,4,C,0.035180531442165375,0.0020107701420783997,0.037191301584243774,PREDICTED
9,Skin_Reaction,4,5,C,0.05125702545046806,0.0006389738991856575,0.051895998418331146,PREDICTED
9,Skin_Reaction,4,6,C,0.0022157891653478146,-0.002316738711670041,-0.00010094954632222652,PREDICTED
9,Skin_Reaction,4,7,C,-0.01501174084842205,-0.0017310187686234713,-0.016742760315537453,PREDICTED
9,Skin_Reaction,4,8,C,0.004302832763642073,-0.02245272323489189,-0.01814989000558853,PREDICTED
9,Skin_Reaction,4,9,C,-0.018604490906000137,-0.01755654439330101,-0.03616103529930115,PREDICTED
9,Skin_Reaction,4,10,C,0.017213884741067886,-0.0025207013823091984,0.014693183824419975,PREDICTED
9,Skin_Reaction,4,11,C,-0.01459981594234705,0.0016141114756464958,-0.012985704466700554,PREDICTED
9,Skin_Reaction,4,12,C,-0.005557503085583448,-0.00719969579949975,-0.012757198885083199,PREDICTED
9,Skin_Reaction,4,13,C,-0.010832048021256924,-0.002570146694779396,-0.01340219471603632,PREDICTED
9,Skin_Reaction,4,14,C,-0.0005953785730525851,-0.006870671641081572,-0.0074660503305494785,PREDICTED
9,Skin_Reaction,4,15,C,-0.026445256546139717,-0.005841456353664398,-0.032286711037158966,PREDICTED
9,Skin_Reaction,4,16,O,0.035916753113269806,0.00488757248967886,0.04080432653427124,PREDICTED
9,Skin_Reaction,4,17,O,0.029540369287133217,-0.002878522966057062,0.026661846786737442,PREDICTED
9,Skin_Reaction,4,18,C,0.008314789272844791,-0.019470684230327606,-0.011155894957482815,PREDICTED
9,Skin_Reaction,4,19,O,0.021315036341547966,0.003471115604043007,0.024786151945590973,PREDICTED
9,Carcinogens_Lagunin,4,0,C,-0.05126744136214256,-0.0024210696574300528,-0.05368851125240326,PREDICTED
9,Carcinogens_Lagunin,4,1,O,-0.03363218903541565,-0.009048140607774258,-0.04268033057451248,PREDICTED
9,Carcinogens_Lagunin,4,2,C,-0.006879866123199463,-0.00935304630547762,-0.016232911497354507,PREDICTED
9,Carcinogens_Lagunin,4,3,C,-0.021793153136968613,-0.004175196401774883,-0.02596835047006607,PREDICTED
9,Carcinogens_Lagunin,4,4,C,0.025878390297293663,-0.005717873573303223,0.02016051672399044,PREDICTED
9,Carcinogens_Lagunin,4,5,C,0.009063847362995148,-0.0038576244842261076,0.0052062226459383965,PREDICTED
9,Carcinogens_Lagunin,4,6,C,-0.023240655660629272,0.0005329897394403815,-0.022707665339112282,PREDICTED
9,Carcinogens_Lagunin,4,7,C,-0.020398832857608795,-0.0032131988555192947,-0.02361203171312809,PREDICTED
9,Carcinogens_Lagunin,4,8,C,-0.05280949920415878,-0.015864621847867966,-0.06867411732673645,PREDICTED
9,Carcinogens_Lagunin,4,9,C,-0.02551152929663658,-0.008324401453137398,-0.03383593261241913,PREDICTED
9,Carcinogens_Lagunin,4,10,C,0.009007090702652931,-0.008316133171319962,0.0006909575313329697,PREDICTED
9,Carcinogens_Lagunin,4,11,C,-0.029111454263329506,-0.00376018020324409,-0.032871633768081665,PREDICTED
9,Carcinogens_Lagunin,4,12,C,-0.02166944555938244,-0.012555873021483421,-0.03422531858086586,PREDICTED
9,Carcinogens_Lagunin,4,13,C,0.011097796261310577,-0.013271728530526161,-0.002173932269215584,PREDICTED
9,Carcinogens_Lagunin,4,14,C,-0.007848053239285946,-0.007452023681253195,-0.015300076454877853,PREDICTED
9,Carcinogens_Lagunin,4,15,C,-0.027152931317687035,-0.002293363679200411,-0.029446294531226158,PREDICTED
9,Carcinogens_Lagunin,4,16,O,0.01943228766322136,0.004258051980286837,0.02369033917784691,PREDICTED
9,Carcinogens_Lagunin,4,17,O,0.009706784039735794,-0.007572098635137081,0.002134685404598713,PREDICTED
9,Carcinogens_Lagunin,4,18,C,-0.00808135885745287,-0.01723690703511238,-0.025318264961242676,PREDICTED
9,Carcinogens_Lagunin,4,19,O,0.0019179140217602253,0.0007190456381067634,0.0026369597762823105,PREDICTED
10,AMES,4,0,C,-0.09811369329690933,0.002409243257716298,-0.09570445120334625,PREDICTED
10,AMES,4,1,C,-0.03610335290431976,-0.017823785543441772,-0.053927138447761536,PREDICTED
10,AMES,4,2,C,-0.05269477888941765,-0.031019490212202072,-0.08371426910161972,PREDICTED
10,AMES,4,3,C,0.0827760174870491,0.0019247084856033325,0.08470072597265244,PREDICTED
10,AMES,4,4,C,0.07060334086418152,0.020647592842578888,0.0912509337067604,PREDICTED
10,AMES,4,5,C,-0.01440770085901022,0.01604735106229782,0.0016396502032876015,PREDICTED
10,AMES,4,6,C,0.06461559981107712,0.026173675432801247,0.09078927338123322,PREDICTED
10,AMES,4,7,C,-0.042254284024238586,-0.007867773063480854,-0.050122056156396866,PREDICTED
10,AMES,4,8,C,-0.013796770945191383,-0.020136075094342232,-0.033932846039533615,PREDICTED
10,AMES,4,9,C,-0.046130504459142685,-0.024889472872018814,-0.0710199773311615,PREDICTED
10,AMES,4,10,O,0.19327691197395325,-0.0285191647708416,0.16475774347782135,PREDICTED
10,AMES,4,11,C,0.06166991591453552,-0.06925005465745926,-0.007580138742923737,PREDICTED
10,AMES,4,12,C,-0.013363655656576157,-0.0690823495388031,-0.08244600892066956,PREDICTED
10,AMES,4,13,C,-0.010236580856144428,-0.03332328051328659,-0.043559860438108444,PREDICTED
10,AMES,4,14,C,0.1421251744031906,0.037300072610378265,0.17942523956298828,PREDICTED
10,AMES,4,15,C,0.10208088159561157,0.012429945170879364,0.11451082676649094,PREDICTED
10,AMES,4,16,C,0.04024667665362358,0.040766168385744095,0.08101284503936768,PREDICTED
10,AMES,4,17,C,0.020795203745365143,0.006190942600369453,0.026986146345734596,PREDICTED
10,AMES,4,18,C,-0.0399932861328125,-0.01134837418794632,-0.05134166032075882,PREDICTED
10,AMES,4,19,C,0.06166316196322441,-0.000588973518460989,0.061074189841747284,PREDICTED
10,AMES,4,20,O,-0.031555481255054474,-0.00830365251749754,-0.03985913470387459,PREDICTED
10,AMES,4,21,C,-0.0535215325653553,-0.005697899963706732,-0.05921943113207817,PREDICTED
10,AMES,4,22,O,-0.4043445289134979,-0.04084504395723343,-0.44518956542015076,PREDICTED
10,AMES,4,23,O,-0.33114153146743774,-0.03282982110977173,-0.3639713525772095,PREDICTED
10,AMES,4,24,C,-0.09811369329690933,0.002409243257716298,-0.09570445120334625,PREDICTED
10,Skin_Reaction,4,0,C,-0.07399282604455948,-0.002072605537250638,-0.07606542855501175,PREDICTED
10,Skin_Reaction,4,1,C,-0.025663714855909348,0.006113479845225811,-0.019550234079360962,PREDICTED
10,Skin_Reaction,4,2,C,0.0097894798964262,0.010789008811116219,0.02057848870754242,PREDICTED
10,Skin_Reaction,4,3,C,0.1245957463979721,0.010808615945279598,0.13540436327457428,PREDICTED
10,Skin_Reaction,4,4,C,0.02330254390835762,0.006561075337231159,0.029863618314266205,PREDICTED
10,Skin_Reaction,4,5,C,-0.013590528629720211,0.001691398210823536,-0.011899130418896675,PREDICTED
10,Skin_Reaction,4,6,C,0.013357860036194324,0.0033385325223207474,0.016696393489837646,PREDICTED
10,Skin_Reaction,4,7,C,-0.01492366287857294,-0.0022046351805329323,-0.017128298059105873,PREDICTED
10,Skin_Reaction,4,8,C,-0.026326073333621025,-0.004161042161285877,-0.030487116426229477,PREDICTED
10,Skin_Reaction,4,9,C,0.0043816701509058475,-0.003902084194123745,0.0004795859567821026,PREDICTED
10,Skin_Reaction,4,10,O,0.015541398897767067,0.0003276019124314189,0.015869000926613808,PREDICTED
10,Skin_Reaction,4,11,C,0.025724198669195175,-0.010696026496589184,0.015028172172605991,PREDICTED
10,Skin_Reaction,4,12,C,0.017228351905941963,-0.015429584309458733,0.0017987675964832306,PREDICTED
10,Skin_Reaction,4,13,C,0.00213786493986845,-0.015267778187990189,-0.013129913248121738,PREDICTED
10,Skin_Reaction,4,14,C,0.0438486784696579,-0.000525283336173743,0.043323393911123276,PREDICTED
10,Skin_Reaction,4,15,C,0.02191820926964283,-0.0030324445106089115,0.018885765224695206,PREDICTED
10,Skin_Reaction,4,16,C,0.005774063058197498,0.006308572366833687,0.012082635425031185,PREDICTED
10,Skin_Reaction,4,17,C,-0.022366289049386978,-0.005889697000384331,-0.02825598604977131,PREDICTED
10,Skin_Reaction,4,18,C,-0.01164418924599886,-0.0018064153846353292,-0.013450604863464832,PREDICTED
10,Skin_Reaction,4,19,C,0.005568842403590679,-0.0032276299316436052,0.002341212471947074,PREDICTED
10,Skin_Reaction,4,20,O,-0.05061844736337662,-0.009962138719856739,-0.06058058515191078,PREDICTED
10,Skin_Reaction,4,21,C,-0.04722195491194725,-0.002002411289140582,-0.0492243655025959,PREDICTED
10,Skin_Reaction,4,22,O,-0.0001830700784921646,-0.0017069397727027535,-0.0018900098511949182,PREDICTED
10,Skin_Reaction,4,23,O,-0.004084162414073944,-0.004277431406080723,-0.008361593820154667,PREDICTED
10,Skin_Reaction,4,24,C,-0.07399282604455948,-0.002072605537250638,-0.07606542855501175,PREDICTED
10,Carcinogens_Lagunin,4,0,C,-0.031271032989025116,0.0018590979743748903,-0.029411934316158295,PREDICTED
10,Carcinogens_Lagunin,4,1,C,-0.03488555923104286,0.012334562838077545,-0.022550996392965317,PREDICTED
10,Carcinogens_Lagunin,4,2,C,-0.013613032177090645,0.012152901850640774,-0.001460130326449871,PREDICTED
10,Carcinogens_Lagunin,4,3,C,-0.010839602909982204,0.006312180310487747,-0.004527422599494457,PREDICTED
10,Carcinogens_Lagunin,4,4,C,0.06500381231307983,-0.0029594353400170803,0.062044378370046616,PREDICTED
10,Carcinogens_Lagunin,4,5,C,0.016111833974719048,-0.005074706394225359,0.011037128046154976,PREDICTED
10,Carcinogens_Lagunin,4,6,C,-0.0076776049099862576,-0.004564452450722456,-0.012242057360708714,PREDICTED
10,Carcinogens_Lagunin,4,7,C,-0.034088388085365295,-0.0018776594661176205,-0.035966046154499054,PREDICTED
10,Carcinogens_Lagunin,4,8,C,-0.0045760804787278175,-0.008021306246519089,-0.012597386725246906,PREDICTED
10,Carcinogens_Lagunin,4,9,C,0.01157361175864935,-0.0026910300366580486,0.008882582187652588,PREDICTED
10,Carcinogens_Lagunin,4,10,O,0.003575359471142292,-0.004927683621644974,-0.0013523241505026817,PREDICTED
10,Carcinogens_Lagunin,4,11,C,-0.0011638547293841839,-0.01593180000782013,-0.0170956552028656,PREDICTED
10,Carcinogens_Lagunin,4,12,C,-0.04548823460936546,-0.01723957434296608,-0.06272780895233154,PREDICTED
10,Carcinogens_Lagunin,4,13,C,-0.028152067214250565,-0.010151075199246407,-0.03830314427614212,PREDICTED
10,Carcinogens_Lagunin,4,14,C,0.015882091596722603,-0.0044660004787147045,0.011416090652346611,PREDICTED
10,Carcinogens_Lagunin,4,15,C,0.024416286498308182,-0.006170779466629028,0.018245507031679153,PREDICTED
10,Carcinogens_Lagunin,4,16,C,-0.02458210289478302,-0.005110559985041618,-0.02969266287982464,PREDICTED
10,Carcinogens_Lagunin,4,17,C,-0.009218470193445683,-0.010760159231722355,-0.019978629425168037,PREDICTED
10,Carcinogens_Lagunin,4,18,C,-0.022020719945430756,-0.00373120978474617,-0.025751929730176926,PREDICTED
10,Carcinogens_Lagunin,4,19,C,-0.024381354451179504,0.00011585885658860207,-0.02426549606025219,PREDICTED
10,Carcinogens_Lagunin,4,20,O,-0.036532700061798096,-0.010167066939175129,-0.04669976606965065,PREDICTED
10,Carcinogens_Lagunin,4,21,C,-0.056881871074438095,-0.0025664926506578922,-0.05944836512207985,PREDICTED
10,Carcinogens_Lagunin,4,22,O,0.007855632342398167,0.0015515901613980532,0.009407222270965576,PREDICTED
10,Carcinogens_Lagunin,4,23,O,0.003957211039960384,0.002220151014626026,0.0061773620545864105,PREDICTED
10,Carcinogens_Lagunin,4,24,C,-0.031271032989025116,0.0018590979743748903,-0.029411934316158295,PREDICTED
11,AMES,4,0,C,-0.04218176007270813,0.004810832440853119,-0.03737092763185501,PREDICTED
11,AMES,4,1,C,-0.07800401002168655,0.015750233083963394,-0.06225377693772316,PREDICTED
11,AMES,4,2,C,-0.026598606258630753,-0.0033670770935714245,-0.029965683817863464,PREDICTED
11,AMES,4,3,C,-0.03253384679555893,0.000810123048722744,-0.03172372281551361,PREDICTED
11,AMES,4,4,C,0.10526040941476822,-0.018105648458003998,0.08715476095676422,PREDICTED
11,AMES,4,5,C,-0.008658942766487598,-0.006118806079030037,-0.014777748845517635,PREDICTED
11,AMES,4,6,O,-0.0827474594116211,0.00635606050491333,-0.07639139890670776,PREDICTED
11,AMES,4,7,C,0.024306682869791985,-0.006510360166430473,0.01779632270336151,PREDICTED
11,AMES,4,8,C,-0.07676247507333755,-0.016861703246831894,-0.09362417459487915,PREDICTED
11,AMES,4,9,C,0.012882162816822529,-0.024831319227814674,-0.011949156410992146,PREDICTED
11,AMES,4,10,C,-0.06058141216635704,-0.03477583825588226,-0.0953572541475296,PREDICTED
11,AMES,4,11,O,0.2412967085838318,-0.0178869366645813,0.2234097719192505,PREDICTED
11,AMES,4,12,C,-0.018834466114640236,-0.03699484094977379,-0.055829308927059174,PREDICTED
11,AMES,4,13,C,0.30067017674446106,-0.041269972920417786,0.2594001889228821,PREDICTED
11,AMES,4,14,C,-0.07327087968587875,-0.03180163726210594,-0.1050725132226944,PREDICTED
11,AMES,4,15,C,0.10530178248882294,0.02935176156461239,0.13465353846549988,PREDICTED
11,AMES,4,16,C,0.07507672905921936,0.00935688242316246,0.08443361520767212,PREDICTED
11,AMES,4,17,C,0.05972820520401001,0.053520772606134415,0.11324897408485413,PREDICTED
11,AMES,4,18,C,0.0041236733086407185,0.010180201381444931,0.014303874224424362,PREDICTED
11,AMES,4,19,C,-0.05678175017237663,-0.01012321189045906,-0.0669049620628357,PREDICTED
11,AMES,4,20,C,0.029986590147018433,-0.018623068928718567,0.011363521218299866,PREDICTED
11,AMES,4,21,O,-0.04515204578638077,-0.011256275698542595,-0.05640832334756851,PREDICTED
11,AMES,4,22,C,-0.07196585088968277,-0.007147468626499176,-0.07911331951618195,PREDICTED
11,AMES,4,23,O,-0.4283149838447571,-0.053727615624666214,-0.4820426106452942,PREDICTED
11,AMES,4,24,C,-0.04218176007270813,0.004810832440853119,-0.03737092763185501,PREDICTED
11,Skin_Reaction,4,0,C,-0.03103160485625267,0.0031154556199908257,-0.02791614830493927,PREDICTED
11,Skin_Reaction,4,1,C,-0.058708615601062775,-0.01144666038453579,-0.07015527784824371,PREDICTED
11,Skin_Reaction,4,2,C,0.03134920820593834,0.003815785050392151,0.03516499325633049,PREDICTED
11,Skin_Reaction,4,3,C,0.05083121731877327,0.021063771098852158,0.07189498841762543,PREDICTED
11,Skin_Reaction,4,4,C,0.016171501949429512,-0.007614900358021259,0.008556601591408253,PREDICTED
11,Skin_Reaction,4,5,C,0.03578998148441315,-0.010546812787652016,0.02524316869676113,PREDICTED
11,Skin_Reaction,4,6,O,-0.06088624149560928,-0.008166749030351639,-0.06905299425125122,PREDICTED
11,Skin_Reaction,4,7,C,1.4485762221738696e-05,-0.003115920815616846,-0.003101435024291277,PREDICTED
11,Skin_Reaction,4,8,C,-0.014937404543161392,-0.0034838011488318443,-0.01842120662331581,PREDICTED
11,Skin_Reaction,4,9,C,0.004572803154587746,-0.002996452385559678,0.0015763507690280676,PREDICTED
11,Skin_Reaction,4,10,C,9.747773583512753e-05,-0.0017671254463493824,-0.0016696477541700006,PREDICTED
11,Skin_Reaction,4,11,O,-0.011879819445312023,0.0037545713130384684,-0.008125248365104198,PREDICTED
11,Skin_Reaction,4,12,C,0.0005025223363190889,0.001701456494629383,0.002203978830948472,PREDICTED
11,Skin_Reaction,4,13,C,0.03299710154533386,-0.0066659655421972275,0.026331136003136635,PREDICTED
11,Skin_Reaction,4,14,C,-0.017735697329044342,-0.014221007004380226,-0.03195670247077942,PREDICTED
11,Skin_Reaction,4,15,C,0.029331805184483528,-0.009420427493751049,0.019911378622055054,PREDICTED
11,Skin_Reaction,4,16,C,0.005951184779405594,-0.006515315733850002,-0.0005641309544444084,PREDICTED
11,Skin_Reaction,4,17,C,0.010814642533659935,0.004571355879306793,0.015385998412966728,PREDICTED
11,Skin_Reaction,4,18,C,-0.030121121555566788,-0.009288900531828403,-0.03941002115607262,PREDICTED
11,Skin_Reaction,4,19,C,-0.01575096882879734,-0.0018222290091216564,-0.017573198303580284,PREDICTED
11,Skin_Reaction,4,20,C,0.01891329325735569,-0.005683173891156912,0.01323011890053749,PREDICTED
11,Skin_Reaction,4,21,O,-0.0644579529762268,-0.01308795902878046,-0.07754591107368469,PREDICTED
11,Skin_Reaction,4,22,C,-0.06178681552410126,-0.002364077139645815,-0.06415089219808578,PREDICTED
11,Skin_Reaction,4,23,O,0.03209248557686806,-0.00015074809198267758,0.0319417379796505,PREDICTED
11,Skin_Reaction,4,24,C,-0.03103160485625267,0.0031154556199908257,-0.02791614830493927,PREDICTED
11,Carcinogens_Lagunin,4,0,C,-0.03600446879863739,-8.850418089423329e-05,-0.03609297424554825,PREDICTED
11,Carcinogens_Lagunin,4,1,C,-0.05073893815279007,-0.001511137466877699,-0.052250076085329056,PREDICTED
11,Carcinogens_Lagunin,4,2,C,-0.00502674700692296,-0.0030739381909370422,-0.008100684732198715,PREDICTED
11,Carcinogens_Lagunin,4,3,C,-0.011760570108890533,-0.007461619563400745,-0.019222188740968704,PREDICTED
11,Carcinogens_Lagunin,4,4,C,0.04098223149776459,-0.010115236975252628,0.030866995453834534,PREDICTED
11,Carcinogens_Lagunin,4,5,C,0.00347290956415236,0.00022886565420776606,0.003701775334775448,PREDICTED
11,Carcinogens_Lagunin,4,6,O,-0.013629717752337456,0.003692598780617118,-0.009937118738889694,PREDICTED
11,Carcinogens_Lagunin,4,7,C,-0.016613861545920372,-0.0015154127031564713,-0.018129274249076843,PREDICTED
11,Carcinogens_Lagunin,4,8,C,-0.02061968296766281,-0.002777503803372383,-0.023397186771035194,PREDICTED
11,Carcinogens_Lagunin,4,9,C,0.005094186868518591,-0.004091970156878233,0.001002216711640358,PREDICTED
11,Carcinogens_Lagunin,4,10,C,0.00043319951510056853,0.0025770459324121475,0.003010245505720377,PREDICTED
11,Carcinogens_Lagunin,4,11,O,0.0016294479137286544,0.0032561365514993668,0.004885584581643343,PREDICTED
11,Carcinogens_Lagunin,4,12,C,-0.02357732132077217,-0.003808225505053997,-0.027385547757148743,PREDICTED
11,Carcinogens_Lagunin,4,13,C,-0.035440366715192795,-0.006188585888594389,-0.04162895306944847,PREDICTED
11,Carcinogens_Lagunin,4,14,C,-0.028470970690250397,-0.00475049065425992,-0.03322146087884903,PREDICTED
11,Carcinogens_Lagunin,4,15,C,0.01372353546321392,-0.002675723284482956,0.011047812178730965,PREDICTED
11,Carcinogens_Lagunin,4,16,C,0.008881848305463791,-0.0012763743288815022,0.007605473976582289,PREDICTED
11,Carcinogens_Lagunin,4,17,C,-0.01741219125688076,-0.003802524646744132,-0.021214716136455536,PREDICTED
11,Carcinogens_Lagunin,4,18,C,-0.012716321274638176,-0.00779988057911396,-0.020516201853752136,PREDICTED
11,Carcinogens_Lagunin,4,19,C,-0.0202771108597517,-0.0031452421098947525,-0.023422352969646454,PREDICTED
11,Carcinogens_Lagunin,4,20,C,-0.014329240657389164,-0.0021895933896303177,-0.016518834978342056,PREDICTED
11,Carcinogens_Lagunin,4,21,O,-0.02722039818763733,-0.008154782466590405,-0.03537518158555031,PREDICTED
11,Carcinogens_Lagunin,4,22,C,-0.04825642332434654,-0.002350949216634035,-0.05060737207531929,PREDICTED
11,Carcinogens_Lagunin,4,23,O,0.025258658453822136,0.0034511240664869547,0.028709782287478447,PREDICTED
11,Carcinogens_Lagunin,4,24,C,-0.03600446879863739,-8.850418089423329e-05,-0.03609297424554825,PREDICTED
13,AMES,4,0,C,-0.03904503956437111,-0.02688741497695446,-0.06593245267868042,PREDICTED
13,AMES,4,1,C,-0.011413033120334148,-0.05841467157006264,-0.06982770562171936,PREDICTED
13,AMES,4,2,C,0.029538152739405632,-0.06605608016252518,-0.036517925560474396,PREDICTED
13,AMES,4,3,O,0.24332287907600403,-0.038916923105716705,0.20440596342086792,PREDICTED
13,AMES,4,4,C,-0.04239377751946449,-0.021598288789391518,-0.06399206817150116,PREDICTED
13,AMES,4,5,C,-0.008684178814291954,-0.015894046053290367,-0.02457822486758232,PREDICTED
13,AMES,4,6,C,-0.04808001592755318,-0.015405436977744102,-0.06348545104265213,PREDICTED
13,AMES,4,7,C,0.041369348764419556,-0.00030769407749176025,0.041061654686927795,PREDICTED
13,AMES,4,8,C,-0.02563737891614437,-0.015483876690268517,-0.04112125560641289,PREDICTED
13,AMES,4,9,C,0.008458904922008514,-0.0005414867773652077,0.007917418144643307,PREDICTED
13,AMES,4,10,O,-0.25989770889282227,-0.02324545383453369,-0.28314316272735596,PREDICTED
13,AMES,4,11,C,0.06923741847276688,0.03647514432668686,0.10571256279945374,PREDICTED
13,AMES,4,12,C,0.05636104568839073,0.018372289836406708,0.07473333179950714,PREDICTED
13,AMES,4,13,C,0.06691611558198929,0.03678228333592415,0.10369840264320374,PREDICTED
13,AMES,4,14,C,-0.001644182251766324,-0.016499396413564682,-0.018143579363822937,PREDICTED
13,AMES,4,15,C,0.03602364659309387,-0.0030573655385524035,0.03296628221869469,PREDICTED
13,AMES,4,16,C,0.016507355496287346,0.0004382282495498657,0.01694558374583721,PREDICTED
13,AMES,4,17,O,-0.24118322134017944,-0.027130383998155594,-0.26831361651420593,PREDICTED
13,AMES,4,18,O,-0.2936459481716156,-0.032647743821144104,-0.3262937068939209,PREDICTED
13,Skin_Reaction,4,0,C,-0.016202332451939583,-0.016194242984056473,-0.032396577298641205,PREDICTED
13,Skin_Reaction,4,1,C,0.018700802698731422,-0.017003029584884644,0.0016977731138467789,PREDICTED
13,Skin_Reaction,4,2,C,0.0066420529037714005,-0.016278540715575218,-0.009636487811803818,PREDICTED
13,Skin_Reaction,4,3,O,0.028241055086255074,-0.002608958398923278,0.025632096454501152,PREDICTED
13,Skin_Reaction,4,4,C,-0.005422831978648901,0.0018068314529955387,-0.0036160005256533623,PREDICTED
13,Skin_Reaction,4,5,C,0.01192609965801239,-0.0026221866719424725,0.00930391252040863,PREDICTED
13,Skin_Reaction,4,6,C,-0.02133345976471901,-0.005168883129954338,-0.026502342894673347,PREDICTED
13,Skin_Reaction,4,7,C,-0.0003837268450297415,-0.005122797563672066,-0.005506524350494146,PREDICTED
13,Skin_Reaction,4,8,C,-0.006479110103100538,-0.0010587669676169753,-0.007537877187132835,PREDICTED
13,Skin_Reaction,4,9,C,-0.0037656454369425774,-0.005005966406315565,-0.008771611377596855,PREDICTED
13,Skin_Reaction,4,10,O,0.021732710301876068,0.0035927779972553253,0.025325488299131393,PREDICTED
13,Skin_Reaction,4,11,C,0.043172940611839294,0.0022920011542737484,0.04546494036912918,PREDICTED
13,Skin_Reaction,4,12,C,-0.006979241501539946,0.0008699552854523063,-0.0061092860996723175,PREDICTED
13,Skin_Reaction,4,13,C,0.017047854140400887,0.003529034787788987,0.02057688869535923,PREDICTED
13,Skin_Reaction,4,14,C,-0.020491687580943108,-0.0016362665919587016,-0.02212795428931713,PREDICTED
13,Skin_Reaction,4,15,C,0.009681002236902714,-0.0029163327999413013,0.006764669436961412,PREDICTED
13,Skin_Reaction,4,16,C,-0.0013865255750715733,-0.004808702040463686,-0.006195227615535259,PREDICTED
13,Skin_Reaction,4,17,O,0.018277980387210846,0.0007271413924172521,0.019005121663212776,PREDICTED
13,Skin_Reaction,4,18,O,0.0012153461575508118,-0.0010834154672920704,0.00013193069025874138,PREDICTED
13,Carcinogens_Lagunin,4,0,C,-0.023498816415667534,-0.009962115436792374,-0.03346092998981476,PREDICTED
13,Carcinogens_Lagunin,4,1,C,-0.048799067735672,-0.015254039317369461,-0.06405310332775116,PREDICTED
13,Carcinogens_Lagunin,4,2,C,-0.00680463807657361,-0.018340902402997017,-0.02514554001390934,PREDICTED
13,Carcinogens_Lagunin,4,3,O,0.012334035709500313,-0.008137017488479614,0.0041970182210206985,PREDICTED
13,Carcinogens_Lagunin,4,4,C,-0.02346341870725155,-0.0032883393578231335,-0.02675175853073597,PREDICTED
13,Carcinogens_Lagunin,4,5,C,0.008367268368601799,-0.008510897867381573,-0.0001436294987797737,PREDICTED
13,Carcinogens_Lagunin,4,6,C,-0.0299379825592041,-0.0023768539540469646,-0.032314836978912354,PREDICTED
13,Carcinogens_Lagunin,4,7,C,-0.011308200657367706,-0.007313194684684277,-0.018621396273374557,PREDICTED
13,Carcinogens_Lagunin,4,8,C,0.01645924523472786,-0.016325274482369423,0.00013397075235843658,PREDICTED
13,Carcinogens_Lagunin,4,9,C,-0.024008918553590775,-0.012403564527630806,-0.03641248494386673,PREDICTED
13,Carcinogens_Lagunin,4,10,O,-0.008130116388201714,0.00039054109947755933,-0.0077395751141011715,PREDICTED
13,Carcinogens_Lagunin,4,11,C,0.01017699483782053,-0.006034428253769875,0.004142566584050655,PREDICTED
13,Carcinogens_Lagunin,4,12,C,0.00883733294904232,-0.012082811444997787,-0.0032454784959554672,PREDICTED
13,Carcinogens_Lagunin,4,13,C,-0.022286731749773026,-0.012740038335323334,-0.03502677008509636,PREDICTED
13,Carcinogens_Lagunin,4,14,C,0.004839442204684019,-0.017092807218432426,-0.01225336454808712,PREDICTED
13,Carcinogens_Lagunin,4,15,C,-0.013273700140416622,-0.00801127403974533,-0.021284975111484528,PREDICTED
13,Carcinogens_Lagunin,4,16,C,-0.024976687505841255,-0.0004154756898060441,-0.025392163544893265,PREDICTED
13,Carcinogens_Lagunin,4,17,O,-0.003985004033893347,-0.001013407250866294,-0.004998411051928997,PREDICTED
13,Carcinogens_Lagunin,4,18,O,-0.020287444815039635,-0.002726635430008173,-0.02301407977938652,PREDICTED
14,AMES,4,0,C,-0.0860845074057579,0.0026791731361299753,-0.08340533077716827,PREDICTED
14,AMES,4,1,C,-0.028869112953543663,-0.013559997081756592,-0.042429111897945404,PREDICTED
14,AMES,4,2,C,-0.045228321105241776,-0.02525256760418415,-0.07048089057207108,PREDICTED
14,AMES,4,3,C,0.07531369477510452,0.00375601788982749,0.07906971126794815,PREDICTED
14,AMES,4,4,C,0.06518571078777313,0.018705718219280243,0.08389142900705338,PREDICTED
14,AMES,4,5,C,0.0007695487583987415,0.00835166871547699,0.009121217764914036,PREDICTED
14,AMES,4,6,C,0.053261034190654755,0.023343920707702637,0.07660495489835739,PREDICTED
14,AMES,4,7,C,-0.055361032485961914,-0.010054504498839378,-0.06541553884744644,PREDICTED
14,AMES,4,8,C,-0.02276379056274891,-0.016111649572849274,-0.03887543827295303,PREDICTED
14,AMES,4,9,C,-0.05357581004500389,-0.03170941397547722,-0.08528522402048111,PREDICTED
14,AMES,4,10,O,0.2113574743270874,-0.01259096059948206,0.19876651465892792,PREDICTED
14,AMES,4,11,C,0.06445340067148209,-0.029254641383886337,0.03519875928759575,PREDICTED
14,AMES,4,12,C,0.10110390186309814,-0.0211171992123127,0.07998670637607574,PREDICTED
14,AMES,4,13,C,0.012160141952335835,-0.012569012120366096,-0.000408870168030262,PREDICTED
14,AMES,4,14,C,0.10799026489257812,0.03478647768497467,0.1427767425775528,PREDICTED
14,AMES,4,15,C,0.002752346219494939,0.0201527401804924,0.02290508709847927,PREDICTED
14,AMES,4,16,C,0.07036837190389633,0.04055266082286835,0.11092103272676468,PREDICTED
14,AMES,4,17,C,-0.01785116270184517,-0.014371760189533234,-0.0322229228913784,PREDICTED
14,AMES,4,18,C,0.034572944045066833,-0.004535536281764507,0.03003740683197975,PREDICTED
14,AMES,4,19,C,-0.04322705790400505,-0.019411437213420868,-0.06263849139213562,PREDICTED
14,AMES,4,20,O,-0.2560575008392334,-0.0274015124887228,-0.28345900774002075,PREDICTED
14,AMES,4,21,O,-0.2890825867652893,-0.03484028950333595,-0.32392287254333496,PREDICTED
14,AMES,4,22,O,-0.33642351627349854,-0.03518322482705116,-0.3716067373752594,PREDICTED
14,AMES,4,23,C,-0.0860845074057579,0.0026791731361299753,-0.08340533077716827,PREDICTED
14,Skin_Reaction,4,0,C,-0.07691967487335205,-0.002304201014339924,-0.0792238786816597,PREDICTED
14,Skin_Reaction,4,1,C,-0.020383823662996292,0.0050677042454481125,-0.01531611941754818,PREDICTED
14,Skin_Reaction,4,2,C,0.01055365800857544,0.010757106356322765,0.02131076529622078,PREDICTED
14,Skin_Reaction,4,3,C,0.08805857598781586,0.008848381228744984,0.09690696001052856,PREDICTED
14,Skin_Reaction,4,4,C,0.028931749984622,0.008478180505335331,0.03740993142127991,PREDICTED
14,Skin_Reaction,4,5,C,0.00034898874582722783,0.003023548051714897,0.003372536739334464,PREDICTED
14,Skin_Reaction,4,6,C,0.009754817001521587,0.0024210098199546337,0.012175826355814934,PREDICTED
14,Skin_Reaction,4,7,C,-0.015395115129649639,-0.0030064797028899193,-0.01840159483253956,PREDICTED
14,Skin_Reaction,4,8,C,-0.004889513365924358,-0.003636921290308237,-0.008526435121893883,PREDICTED
14,Skin_Reaction,4,9,C,0.0010177996009588242,0.0008898206287994981,0.0019076202297583222,PREDICTED
14,Skin_Reaction,4,10,O,0.008351437747478485,0.0036588783841580153,0.012010316364467144,PREDICTED
14,Skin_Reaction,4,11,C,0.0203537717461586,0.0022619757801294327,0.022615747526288033,PREDICTED
14,Skin_Reaction,4,12,C,0.01667313650250435,0.0009726979769766331,0.017645834013819695,PREDICTED
14,Skin_Reaction,4,13,C,-0.004480651114135981,-0.009023264050483704,-0.013503914698958397,PREDICTED
14,Skin_Reaction,4,14,C,0.02387395314872265,-0.004002050496637821,0.019871901720762253,PREDICTED
14,Skin_Reaction,4,15,C,-0.027833979576826096,-0.0034055772703140974,-0.031239556148648262,PREDICTED
14,Skin_Reaction,4,16,C,0.017843758687376976,0.0026763835921883583,0.02052014321088791,PREDICTED
14,Skin_Reaction,4,17,C,-0.02828267216682434,-0.002949764020740986,-0.031232435256242752,PREDICTED
14,Skin_Reaction,4,18,C,0.008313177153468132,-0.005081730894744396,0.003231446258723736,PREDICTED
14,Skin_Reaction,4,19,C,-0.007847643457353115,-0.011768820695579052,-0.019616464152932167,PREDICTED
14,Skin_Reaction,4,20,O,0.023511724546551704,-0.00018307601567357779,0.023328648880124092,PREDICTED
14,Skin_Reaction,4,21,O,0.006845742464065552,-0.003059123642742634,0.003786618821322918,PREDICTED
14,Skin_Reaction,4,22,O,0.006406791508197784,-0.001506298896856606,0.0049004927277565,PREDICTED
14,Skin_Reaction,4,23,C,-0.07691967487335205,-0.002304201014339924,-0.0792238786816597,PREDICTED
14,Carcinogens_Lagunin,4,0,C,-0.03359819948673248,0.0014908468583598733,-0.03210735321044922,PREDICTED
14,Carcinogens_Lagunin,4,1,C,-0.03112545795738697,0.014184057712554932,-0.01694140024483204,PREDICTED
14,Carcinogens_Lagunin,4,2,C,-0.008308062329888344,0.01458611711859703,0.006278054788708687,PREDICTED
14,Carcinogens_Lagunin,4,3,C,-0.009972735308110714,0.006433025002479553,-0.0035397103056311607,PREDICTED
14,Carcinogens_Lagunin,4,4,C,0.06314917653799057,-0.0002342896186746657,0.0629148855805397,PREDICTED
14,Carcinogens_Lagunin,4,5,C,0.02023838274180889,-0.00824329350143671,0.011995089240372181,PREDICTED
14,Carcinogens_Lagunin,4,6,C,-0.014207313768565655,-0.003931811545044184,-0.018139125779271126,PREDICTED
14,Carcinogens_Lagunin,4,7,C,-0.03965552896261215,-0.00319752492941916,-0.04285305365920067,PREDICTED
14,Carcinogens_Lagunin,4,8,C,-0.0010551047744229436,-0.009912415407598019,-0.01096752006560564,PREDICTED
14,Carcinogens_Lagunin,4,9,C,0.010118287988007069,-0.0020997158717364073,0.008018571883440018,PREDICTED
14,Carcinogens_Lagunin,4,10,O,0.004415135830640793,-0.00020213983952999115,0.004212995991110802,PREDICTED
14,Carcinogens_Lagunin,4,11,C,-0.004057149402797222,-0.005261446349322796,-0.009318595752120018,PREDICTED
14,Carcinogens_Lagunin,4,12,C,-0.04746386036276817,-0.0048789335414767265,-0.052342794835567474,PREDICTED
14,Carcinogens_Lagunin,4,13,C,-0.026400890201330185,-0.00745153846219182,-0.03385242819786072,PREDICTED
14,Carcinogens_Lagunin,4,14,C,0.012401999905705452,-0.005946790799498558,0.006455209106206894,PREDICTED
14,Carcinogens_Lagunin,4,15,C,-0.0028010718524456024,-0.010217801667749882,-0.013018873520195484,PREDICTED
14,Carcinogens_Lagunin,4,16,C,-0.021508580073714256,-0.010427575558423996,-0.0319361537694931,PREDICTED
14,Carcinogens_Lagunin,4,17,C,-0.0013241039123386145,-0.015939973294734955,-0.017264077439904213,PREDICTED
14,Carcinogens_Lagunin,4,18,C,-0.015027429908514023,-0.008729511871933937,-0.02375694178044796,PREDICTED
14,Carcinogens_Lagunin,4,19,C,-0.031667403876781464,-0.004014221485704184,-0.035681623965501785,PREDICTED
14,Carcinogens_Lagunin,4,20,O,-0.0034941730555146933,-0.0011890954338014126,-0.004683268256485462,PREDICTED
14,Carcinogens_Lagunin,4,21,O,-0.022314555943012238,-0.002801882568746805,-0.025116438046097755,PREDICTED
14,Carcinogens_Lagunin,4,22,O,-0.026825807988643646,-0.0029675171244889498,-0.029793325811624527,PREDICTED
14,Carcinogens_Lagunin,4,23,C,-0.03359819948673248,0.0014908468583598733,-0.03210735321044922,PREDICTED
15,AMES,4,0,C,-0.03058909997344017,0.004799771588295698,-0.025789327919483185,PREDICTED
15,AMES,4,1,C,-0.04955457150936127,0.01287679374217987,-0.036677777767181396,PREDICTED
15,AMES,4,2,C,-0.01533421315252781,-0.005293664522469044,-0.020627878606319427,PREDICTED
15,AMES,4,3,C,-0.03754718601703644,-0.00017473381012678146,-0.037721920758485794,PREDICTED
15,AMES,4,4,C,0.08359139412641525,-0.01468843873590231,0.06890295445919037,PREDICTED
15,AMES,4,5,C,-0.01259130984544754,-0.005655024200677872,-0.018246334046125412,PREDICTED
15,AMES,4,6,O,-0.0596291720867157,0.004691447596997023,-0.05493772402405739,PREDICTED
15,AMES,4,7,C,0.025820214301347733,-0.007281155325472355,0.018539059907197952,PREDICTED
15,AMES,4,8,C,-0.062099240720272064,-0.016198500990867615,-0.07829774171113968,PREDICTED
15,AMES,4,9,C,0.011310788802802563,-0.0237857885658741,-0.012474999763071537,PREDICTED
15,AMES,4,10,C,-0.05886641517281532,-0.030331552028656006,-0.08919796347618103,PREDICTED
15,AMES,4,11,O,0.2134418785572052,-0.021661734208464622,0.19178014993667603,PREDICTED
15,AMES,4,12,C,-0.028650641441345215,-0.041328076273202896,-0.06997871398925781,PREDICTED
15,AMES,4,13,C,0.3356848955154419,-0.03573323041200638,0.2999516725540161,PREDICTED
15,AMES,4,14,C,-0.07880905270576477,-0.029901523143053055,-0.10871057212352753,PREDICTED
15,AMES,4,15,C,0.07639467716217041,0.026847543194890022,0.10324221849441528,PREDICTED
15,AMES,4,16,C,0.028729410842061043,0.012765694409608841,0.04149510711431503,PREDICTED
15,AMES,4,17,C,0.09969592839479446,0.05390653386712074,0.1536024659872055,PREDICTED
15,AMES,4,18,C,-0.006992052309215069,-0.019280729815363884,-0.026272781193256378,PREDICTED
15,AMES,4,19,C,0.05436398833990097,6.513483822345734e-05,0.05442912131547928,PREDICTED
15,AMES,4,20,C,-0.013447165489196777,-0.02094050869345665,-0.03438767418265343,PREDICTED
15,AMES,4,21,O,-0.3453276455402374,-0.0392456129193306,-0.3845732510089874,PREDICTED
15,AMES,4,22,O,-0.40999168157577515,-0.05246954783797264,-0.4624612331390381,PREDICTED
15,AMES,4,23,C,-0.03058909997344017,0.004799771588295698,-0.025789327919483185,PREDICTED
15,Skin_Reaction,4,0,C,-0.03320346772670746,0.0020427382551133633,-0.031160729005932808,PREDICTED
15,Skin_Reaction,4,1,C,-0.04390056058764458,-0.009278487414121628,-0.053179048001766205,PREDICTED
15,Skin_Reaction,4,2,C,0.024978995323181152,0.0035079042427241802,0.02848690003156662,PREDICTED
15,Skin_Reaction,4,3,C,0.03812815994024277,0.01696150377392769,0.055089663714170456,PREDICTED
15,Skin_Reaction,4,4,C,0.014383295550942421,-0.004993549548089504,0.009389746002852917,PREDICTED
15,Skin_Reaction,4,5,C,0.03132639080286026,-0.00797562301158905,0.02335076779127121,PREDICTED
15,Skin_Reaction,4,6,O,-0.041671931743621826,-0.005910227075219154,-0.04758215695619583,PREDICTED
15,Skin_Reaction,4,7,C,-0.0015839713159948587,-0.0029394105076789856,-0.004523381590843201,PREDICTED
15,Skin_Reaction,4,8,C,-0.014351710677146912,-0.003002496436238289,-0.0173542071133852,PREDICTED
15,Skin_Reaction,4,9,C,0.002082506427541375,-0.001699536107480526,0.0003829703200608492,PREDICTED
15,Skin_Reaction,4,10,C,6.986182415857911e-05,-7.892539724707603e-05,-9.063573088496923e-06,PREDICTED
15,Skin_Reaction,4,11,O,-0.008635655045509338,0.0028152200393378735,-0.005820435006171465,PREDICTED
15,Skin_Reaction,4,12,C,-0.0033134918194264174,-2.523045986890793e-05,-0.0033387222792953253,PREDICTED
15,Skin_Reaction,4,13,C,0.04982510954141617,-0.004231580998748541,0.04559352993965149,PREDICTED
15,Skin_Reaction,4,14,C,-0.020734773948788643,-0.011446425691246986,-0.03218119964003563,PREDICTED
15,Skin_Reaction,4,15,C,0.021147720515727997,-0.006903844885528088,0.01424387563019991,PREDICTED
15,Skin_Reaction,4,16,C,-0.03018759749829769,-0.005578642711043358,-0.03576624020934105,PREDICTED
15,Skin_Reaction,4,17,C,0.02236390858888626,0.002831673249602318,0.02519558183848858,PREDICTED
15,Skin_Reaction,4,18,C,-0.02635166607797146,-0.006663970649242401,-0.03301563858985901,PREDICTED
15,Skin_Reaction,4,19,C,0.010826947167515755,-0.005240212194621563,0.005586734972894192,PREDICTED
15,Skin_Reaction,4,20,C,0.007857618853449821,-0.00977230817079544,-0.0019146893173456192,PREDICTED
15,Skin_Reaction,4,21,O,0.023780904710292816,-0.001909057144075632,0.02187184803187847,PREDICTED
15,Skin_Reaction,4,22,O,-0.0012558996677398682,-0.005313499830663204,-0.006569399498403072,PREDICTED
15,Skin_Reaction,4,23,C,-0.03320346772670746,0.0020427382551133633,-0.031160729005932808,PREDICTED
15,Carcinogens_Lagunin,4,0,C,-0.040877021849155426,-3.19453829433769e-05,-0.04090896621346474,PREDICTED
15,Carcinogens_Lagunin,4,1,C,-0.05478151887655258,-0.0023189017083495855,-0.05710041895508766,PREDICTED
15,Carcinogens_Lagunin,4,2,C,-0.0005226414650678635,-0.004438821226358414,-0.004961462691426277,PREDICTED
15,Carcinogens_Lagunin,4,3,C,-0.014491260051727295,-0.009264952503144741,-0.02375621348619461,PREDICTED
15,Carcinogens_Lagunin,4,4,C,0.049716852605342865,-0.011492755264043808,0.03822409734129906,PREDICTED
15,Carcinogens_Lagunin,4,5,C,0.004801397677510977,0.00116741843521595,0.005968816112726927,PREDICTED
15,Carcinogens_Lagunin,4,6,O,-0.015696316957473755,0.005039070267230272,-0.01065724715590477,PREDICTED
15,Carcinogens_Lagunin,4,7,C,-0.018124839290976524,-0.001823287457227707,-0.01994812674820423,PREDICTED
15,Carcinogens_Lagunin,4,8,C,-0.02151215262711048,-0.003425209317356348,-0.024937361478805542,PREDICTED
15,Carcinogens_Lagunin,4,9,C,0.009018314070999622,-0.00511317839846015,0.0039051356725394726,PREDICTED
15,Carcinogens_Lagunin,4,10,C,0.0021363161504268646,0.004604179412126541,0.006740495562553406,PREDICTED
15,Carcinogens_Lagunin,4,11,O,-0.002586729358881712,0.0030241687782108784,0.0004374394193291664,PREDICTED
15,Carcinogens_Lagunin,4,12,C,-0.02764425240457058,-0.0056571210734546185,-0.033301372081041336,PREDICTED
15,Carcinogens_Lagunin,4,13,C,-0.03914184495806694,-0.005688301287591457,-0.04483014717698097,PREDICTED
15,Carcinogens_Lagunin,4,14,C,-0.03185558691620827,-0.006159201264381409,-0.038014788180589676,PREDICTED
15,Carcinogens_Lagunin,4,15,C,0.01455807127058506,-0.005070122890174389,0.009487948380410671,PREDICTED
15,Carcinogens_Lagunin,4,16,C,-0.003946439363062382,-0.007021220866590738,-0.010967660695314407,PREDICTED
15,Carcinogens_Lagunin,4,17,C,-0.018680866807699203,-0.012171121314167976,-0.03085198812186718,PREDICTED
15,Carcinogens_Lagunin,4,18,C,-0.0031902336049824953,-0.015038627199828625,-0.018228860571980476,PREDICTED
15,Carcinogens_Lagunin,4,19,C,-0.012881449423730373,-0.008888131007552147,-0.021769579499959946,PREDICTED
15,Carcinogens_Lagunin,4,20,C,-0.020548610016703606,-0.0031682499684393406,-0.02371685951948166,PREDICTED
15,Carcinogens_Lagunin,4,21,O,0.01780133694410324,0.0012892252998426557,0.01909056305885315,PREDICTED
15,Carcinogens_Lagunin,4,22,O,4.084157990291715e-05,0.00010884535731747746,0.0001496869372203946,PREDICTED
15,Carcinogens_Lagunin,4,23,C,-0.040877021849155426,-3.19453829433769e-05,-0.04090896621346474,PREDICTED
