compound_id,task,ensemble_member,atom_index,element,node_feature_contribution,allocated_bond_contribution,attribution,evidence_type
9,AMES,0,0,C,-0.00947815366089344,0.010523189790546894,0.0010450361296534538,PREDICTED
9,AMES,0,1,O,-0.04553014785051346,0.005667783785611391,-0.039862364530563354,PREDICTED
9,AMES,0,2,C,0.07343544811010361,-0.005053990986198187,0.06838145852088928,PREDICTED
9,AMES,0,3,C,0.028272060677409172,0.013701413758099079,0.041973475366830826,PREDICTED
9,AMES,0,4,C,0.032713934779167175,-0.0017437264323234558,0.03097020834684372,PREDICTED
9,AMES,0,5,C,0.10274092853069305,-0.004338808357715607,0.09840212017297745,PREDICTED
9,AMES,0,6,C,0.01483234018087387,-0.0064252084121108055,0.008407131768763065,PREDICTED
9,AMES,0,7,C,-0.017569875344634056,0.006210095714777708,-0.01135977916419506,PREDICTED
9,AMES,0,8,C,-0.025540880858898163,-0.011744722723960876,-0.03728560358285904,PREDICTED
9,AMES,0,9,C,-0.10190364718437195,-0.020553160458803177,-0.12245680391788483,PREDICTED
9,AMES,0,10,C,0.02745049260556698,-0.0163368359208107,0.011113656684756279,PREDICTED
9,AMES,0,11,C,0.1434759646654129,-0.03665623813867569,0.10681972652673721,PREDICTED
9,AMES,0,12,C,0.033297669142484665,-0.003438455518335104,0.029859213158488274,PREDICTED
9,AMES,0,13,C,-0.018331753090023994,-0.006052834913134575,-0.02438458800315857,PREDICTED
9,AMES,0,14,C,0.02877645008265972,0.004074222408235073,0.03285067155957222,PREDICTED
9,AMES,0,15,C,0.017501523718237877,-0.005465575493872166,0.012035948224365711,PREDICTED
9,AMES,0,16,O,-0.2848033905029297,-0.024682417511940002,-0.3094857931137085,PREDICTED
9,AMES,0,17,O,0.14831574261188507,-0.026628533378243446,0.12168721109628677,PREDICTED
9,AMES,0,18,C,-0.053160764276981354,-0.0067366366274654865,-0.05989740043878555,PREDICTED
9,AMES,0,19,O,-0.29693883657455444,-0.027232520282268524,-0.32417136430740356,PREDICTED
9,Skin_Reaction,0,0,C,-0.046815481036901474,0.00249120662920177,-0.044324275106191635,PREDICTED
9,Skin_Reaction,0,1,O,-0.06124499812722206,0.0031074420548975468,-0.05813755467534065,PREDICTED
9,Skin_Reaction,0,2,C,-0.0035778258461505175,-0.00196354859508574,-0.0055413744412362576,PREDICTED
9,Skin_Reaction,0,3,C,-0.008987012319266796,-0.002709751483052969,-0.011696763336658478,PREDICTED
9,Skin_Reaction,0,4,C,0.018888307735323906,-0.0014647047501057386,0.0174236036837101,PREDICTED
9,Skin_Reaction,0,5,C,0.011112642474472523,-0.0033368882723152637,0.007775754202157259,PREDICTED
9,Skin_Reaction,0,6,C,-0.01579350046813488,-0.004655564669519663,-0.020449064671993256,PREDICTED
9,Skin_Reaction,0,7,C,-0.00587936956435442,-0.0022888556122779846,-0.008168225176632404,PREDICTED
9,Skin_Reaction,0,8,C,0.021673746407032013,0.007638964336365461,0.02931271120905876,PREDICTED
9,Skin_Reaction,0,9,C,0.017160162329673767,0.0038210120983421803,0.02098117396235466,PREDICTED
9,Skin_Reaction,0,10,C,-0.024899117648601532,-0.005614829249680042,-0.030513945966959,PREDICTED
9,Skin_Reaction,0,11,C,0.03252749890089035,-0.005047105252742767,0.027480393648147583,PREDICTED
9,Skin_Reaction,0,12,C,-0.009900662116706371,-0.002773576881736517,-0.012674238532781601,PREDICTED
9,Skin_Reaction,0,13,C,0.00725853955373168,-0.004406133200973272,0.0028524063527584076,PREDICTED
9,Skin_Reaction,0,14,C,-0.004784964490681887,-0.0018173862481489778,-0.006602350622415543,PREDICTED
9,Skin_Reaction,0,15,C,-0.012860155664384365,-0.003788949688896537,-0.01664910465478897,PREDICTED
9,Skin_Reaction,0,16,O,-0.022203627973794937,-0.0015423826407641172,-0.023746009916067123,PREDICTED
9,Skin_Reaction,0,17,O,-0.01895124651491642,-0.005889737047255039,-0.024840984493494034,PREDICTED
9,Skin_Reaction,0,18,C,-0.0013824886409565806,-9.228568524122238e-05,-0.001474774326197803,PREDICTED
9,Skin_Reaction,0,19,O,-0.026285920292139053,-0.0008500435505993664,-0.02713596448302269,PREDICTED
9,DILI,0,0,C,-0.010892346501350403,-0.002393346279859543,-0.013285692781209946,PREDICTED
9,DILI,0,1,O,0.08343677222728729,0.0003824699087999761,0.08381924033164978,PREDICTED
9,DILI,0,2,C,0.046732787042856216,-0.0010446105152368546,0.04568817466497421,PREDICTED
9,DILI,0,3,C,0.006774413399398327,0.0021867346949875355,0.00896114856004715,PREDICTED
9,DILI,0,4,C,0.022267239168286324,0.014378395862877369,0.03664563596248627,PREDICTED
9,DILI,0,5,C,0.03680238500237465,-0.0005362275987863541,0.036266155540943146,PREDICTED
9,DILI,0,6,C,0.0053461408242583275,0.011187542229890823,0.016533683985471725,PREDICTED
9,DILI,0,7,C,0.010666895657777786,-0.0005289576947689056,0.01013793796300888,PREDICTED
9,DILI,0,8,C,-0.028799347579479218,-0.004767522681504488,-0.03356686979532242,PREDICTED
9,DILI,0,9,C,-0.05690067633986473,0.003495318815112114,-0.053405359387397766,PREDICTED
9,DILI,0,10,C,0.09688054770231247,0.0021516133565455675,0.09903216361999512,PREDICTED
9,DILI,0,11,C,0.03210797905921936,-0.0036968388594686985,0.02841114066541195,PREDICTED
9,DILI,0,12,C,0.000910768867470324,-0.004254991188645363,-0.0033442224375903606,PREDICTED
9,DILI,0,13,C,0.06479661911725998,0.0023983027786016464,0.06719492375850677,PREDICTED
9,DILI,0,14,C,0.016664370894432068,0.0002986510517075658,0.016963021829724312,PREDICTED
9,DILI,0,15,C,0.02516193315386772,0.008787032216787338,0.03394896537065506,PREDICTED
9,DILI,0,16,O,0.08855082094669342,0.012747002765536308,0.10129782557487488,PREDICTED
9,DILI,0,17,O,0.07002940773963928,-0.008010740391910076,0.06201866641640663,PREDICTED
9,DILI,0,18,C,-0.047177717089653015,-0.008489242754876614,-0.0556669607758522,PREDICTED
9,DILI,0,19,O,0.10816487669944763,0.016293402761220932,0.12445828318595886,PREDICTED
9,hERG,0,0,C,0.031240178272128105,-7.046471000649035e-05,0.031169714406132698,PREDICTED
9,hERG,0,1,O,-0.004252525046467781,-0.0013653221540153027,-0.005617847200483084,PREDICTED
9,hERG,0,2,C,0.0579867884516716,9.793939534574747e-05,0.058084726333618164,PREDICTED
9,hERG,0,3,C,0.061153750866651535,0.00809682160615921,0.06925056874752045,PREDICTED
9,hERG,0,4,C,0.02507275715470314,-0.0042526754550635815,0.02082008123397827,PREDICTED
9,hERG,0,5,C,0.04518364742398262,-0.0027015875093638897,0.04248205944895744,PREDICTED
9,hERG,0,6,C,0.03841152787208557,3.979727625846863e-05,0.03845132514834404,PREDICTED
9,hERG,0,7,C,0.028381865471601486,0.004071433562785387,0.032453298568725586,PREDICTED
9,hERG,0,8,C,0.0248008631169796,-0.008278215304017067,0.016522647812962532,PREDICTED
9,hERG,0,9,C,0.036060672253370285,-0.006343216635286808,0.02971745654940605,PREDICTED
9,hERG,0,10,C,0.051908958703279495,-0.006914151832461357,0.04499480873346329,PREDICTED
9,hERG,0,11,C,0.07614768296480179,-0.011764561757445335,0.0643831193447113,PREDICTED
9,hERG,0,12,C,0.051259350031614304,0.004961642902344465,0.056220993399620056,PREDICTED
9,hERG,0,13,C,0.01125647034496069,-0.0036234105937182903,0.007633059751242399,PREDICTED
9,hERG,0,14,C,0.04183822125196457,0.0005867148865945637,0.04242493584752083,PREDICTED
9,hERG,0,15,C,0.030893336981534958,-0.00010102917440235615,0.03079230710864067,PREDICTED
9,hERG,0,16,O,-0.09271692484617233,-0.010787580162286758,-0.10350450873374939,PREDICTED
9,hERG,0,17,O,0.00857158750295639,-0.013232768513262272,-0.0046611810103058815,PREDICTED
9,hERG,0,18,C,0.03732619062066078,-0.011235504411160946,0.02609068527817726,PREDICTED
9,hERG,0,19,O,-0.11626443266868591,-0.01288338378071785,-0.12914781272411346,PREDICTED
10,AMES,0,0,C,-0.017952973023056984,-0.003975491039454937,-0.021928463131189346,PREDICTED
10,AMES,0,1,C,-0.12131734192371368,-0.008589397184550762,-0.12990674376487732,PREDICTED
10,AMES,0,2,C,-0.1302867829799652,-0.006447449326515198,-0.1367342323064804,PREDICTED
10,AMES,0,3,C,-0.009162968955934048,-0.00709317484870553,-0.016256144270300865,PREDICTED
10,AMES,0,4,C,0.049172066152095795,0.015520303510129452,0.06469237059354782,PREDICTED
10,AMES,0,5,C,0.01005490031093359,0.019995834678411484,0.03005073592066765,PREDICTED
10,AMES,0,6,C,0.007917067036032677,0.004425396211445332,0.012342463247478008,PREDICTED
10,AMES,0,7,C,-0.012224392965435982,0.0061323498375713825,-0.006092043127864599,PREDICTED
10,AMES,0,8,C,0.00634539220482111,-0.004044214263558388,0.002301177941262722,PREDICTED
10,AMES,0,9,C,0.12849928438663483,-0.030360963195562363,0.09813831746578217,PREDICTED
10,AMES,0,10,O,0.11924512684345245,-0.03271033614873886,0.08653479069471359,PREDICTED
10,AMES,0,11,C,-0.06591250002384186,-0.001973617821931839,-0.0678861141204834,PREDICTED
10,AMES,0,12,C,-0.0269988551735878,-0.0005279015749692917,-0.02752675674855709,PREDICTED
10,AMES,0,13,C,-0.0931214764714241,-0.009781824424862862,-0.10290329903364182,PREDICTED
10,AMES,0,14,C,0.04669949412345886,-0.003910829778760672,0.04278866574168205,PREDICTED
10,AMES,0,15,C,0.030008401721715927,0.003695335239171982,0.03370373696088791,PREDICTED
10,AMES,0,16,C,0.014694279991090298,0.009313800372183323,0.02400808036327362,PREDICTED
10,AMES,0,17,C,0.05039583519101143,-0.0057806288823485374,0.04461520537734032,PREDICTED
10,AMES,0,18,C,-0.016604965552687645,0.005245379637926817,-0.01135958544909954,PREDICTED
10,AMES,0,19,C,0.008521771058440208,-0.005964093375951052,0.0025576776824891567,PREDICTED
10,AMES,0,20,O,-0.04429672658443451,0.0033207484520971775,-0.04097597673535347,PREDICTED
10,AMES,0,21,C,-0.036199044436216354,0.008265296928584576,-0.027933746576309204,PREDICTED
10,AMES,0,22,O,-0.18989601731300354,-0.01720656454563141,-0.20710258185863495,PREDICTED
10,AMES,0,23,O,-0.11230860650539398,-0.00338898622430861,-0.11569759249687195,PREDICTED
10,AMES,0,24,C,-0.017952973023056984,-0.003975491039454937,-0.021928463131189346,PREDICTED
10,Skin_Reaction,0,0,C,-0.02083064243197441,-0.0009531234973110259,-0.02178376540541649,PREDICTED
10,Skin_Reaction,0,1,C,0.02137337252497673,-0.011979564093053341,0.00939380843192339,PREDICTED
10,Skin_Reaction,0,2,C,-0.044902440160512924,-0.009014520794153214,-0.05391696095466614,PREDICTED
10,Skin_Reaction,0,3,C,0.01371153723448515,0.0025142980739474297,0.01622583530843258,PREDICTED
10,Skin_Reaction,0,4,C,0.010504775680601597,-0.00019017420709133148,0.010314601473510265,PREDICTED
10,Skin_Reaction,0,5,C,0.022037554532289505,-0.004090582020580769,0.01794697344303131,PREDICTED
10,Skin_Reaction,0,6,C,-0.00377885764464736,-0.0029128906317055225,-0.006691748276352882,PREDICTED
10,Skin_Reaction,0,7,C,-0.014701306819915771,-0.001592346467077732,-0.01629365235567093,PREDICTED
10,Skin_Reaction,0,8,C,-0.025677796453237534,-0.0001243489095941186,-0.025802144780755043,PREDICTED
10,Skin_Reaction,0,9,C,0.05750470235943794,-0.00890195183455944,0.04860275238752365,PREDICTED
10,Skin_Reaction,0,10,O,-0.019317183643579483,-0.018568597733974457,-0.03788578137755394,PREDICTED
10,Skin_Reaction,0,11,C,-0.00032485020346939564,-0.004065090790390968,-0.00438994076102972,PREDICTED
10,Skin_Reaction,0,12,C,0.024957461282610893,0.007777453400194645,0.03273491561412811,PREDICTED
10,Skin_Reaction,0,13,C,0.01512078009545803,0.0025889729149639606,0.017709752544760704,PREDICTED
10,Skin_Reaction,0,14,C,0.000807444448582828,-0.0038232803344726562,-0.0030158357694745064,PREDICTED
10,Skin_Reaction,0,15,C,0.013960500247776508,-0.00373843708075583,0.010222063399851322,PREDICTED
10,Skin_Reaction,0,16,C,-0.011702458374202251,-0.0029001913499087095,-0.014602649956941605,PREDICTED
10,Skin_Reaction,0,17,C,-0.005029747728258371,-0.0023726329673081636,-0.007402380928397179,PREDICTED
10,Skin_Reaction,0,18,C,-0.00794384814798832,-0.002796889515593648,-0.010740737430751324,PREDICTED
10,Skin_Reaction,0,19,C,-0.016601350158452988,-0.005342760588973761,-0.021944111213088036,PREDICTED
10,Skin_Reaction,0,20,O,-0.06641446053981781,0.0034047814551740885,-0.06300967931747437,PREDICTED
10,Skin_Reaction,0,21,C,-0.03495822101831436,0.003150585340335965,-0.031807634979486465,PREDICTED
10,Skin_Reaction,0,22,O,-0.04451068490743637,-0.0026539971586316824,-0.0471646822988987,PREDICTED
10,Skin_Reaction,0,23,O,-0.019732337445020676,-0.0010532705346122384,-0.020785607397556305,PREDICTED
10,Skin_Reaction,0,24,C,-0.02083064243197441,-0.0009531234973110259,-0.02178376540541649,PREDICTED
10,DILI,0,0,C,-0.020696062594652176,-0.0018028123304247856,-0.022498875856399536,PREDICTED
10,DILI,0,1,C,0.034791234880685806,0.006055448204278946,0.04084668308496475,PREDICTED
10,DILI,0,2,C,0.0470692440867424,0.00766427768394351,0.0547335222363472,PREDICTED
10,DILI,0,3,C,-0.16220228374004364,-0.006366408430039883,-0.1685686856508255,PREDICTED
10,DILI,0,4,C,0.07232240587472916,0.011705277487635612,0.08402768522500992,PREDICTED
10,DILI,0,5,C,0.022652335464954376,0.013464795425534248,0.036117129027843475,PREDICTED
10,DILI,0,6,C,0.01708655245602131,0.001735908561386168,0.018822461366653442,PREDICTED
10,DILI,0,7,C,0.019300740212202072,0.004193184897303581,0.023493925109505653,PREDICTED
10,DILI,0,8,C,0.09394099563360214,0.0020441359374672174,0.09598512947559357,PREDICTED
10,DILI,0,9,C,-0.011262317188084126,0.010099494829773903,-0.0011628223583102226,PREDICTED
10,DILI,0,10,O,0.10285486280918121,-0.007653434760868549,0.09520142525434494,PREDICTED
10,DILI,0,11,C,-0.026277072727680206,-0.01306938286870718,-0.03934645652770996,PREDICTED
10,DILI,0,12,C,-0.015330645255744457,-0.007367112673819065,-0.022697757929563522,PREDICTED
10,DILI,0,13,C,-0.035955287516117096,0.0015674997121095657,-0.03438778966665268,PREDICTED
10,DILI,0,14,C,0.042561598122119904,-0.0010872220154851675,0.04147437587380409,PREDICTED
10,DILI,0,15,C,0.02263355441391468,0.010602228343486786,0.03323578089475632,PREDICTED
10,DILI,0,16,C,0.01676711067557335,0.0042321160435676575,0.020999226719141006,PREDICTED
10,DILI,0,17,C,0.051895614713430405,-0.0002582243178039789,0.05163738876581192,PREDICTED
10,DILI,0,18,C,0.01411381084471941,0.00028603075770661235,0.01439984142780304,PREDICTED
10,DILI,0,19,C,0.012235129252076149,0.009639276191592216,0.021874405443668365,PREDICTED
10,DILI,0,20,O,0.0838002860546112,0.000727772421669215,0.08452805876731873,PREDICTED
10,DILI,0,21,C,0.01374748907983303,-0.0016913656145334244,0.012056123465299606,PREDICTED
10,DILI,0,22,O,0.0558304563164711,0.01056484691798687,0.06639530509710312,PREDICTED
10,DILI,0,23,O,0.025288399308919907,0.007852833718061447,0.033141233026981354,PREDICTED
10,DILI,0,24,C,-0.020696062594652176,-0.0018028123304247856,-0.022498875856399536,PREDICTED
10,hERG,0,0,C,0.05571088194847107,0.0013702092692255974,0.05708109214901924,PREDICTED
10,hERG,0,1,C,-0.030982285737991333,0.004175666719675064,-0.02680661901831627,PREDICTED
10,hERG,0,2,C,-0.0530049093067646,-0.0030190672259777784,-0.0560239776968956,PREDICTED
10,hERG,0,3,C,0.15052537620067596,-0.0019496403401717544,0.14857573807239532,PREDICTED
10,hERG,0,4,C,0.023034593090415,0.009993373416364193,0.03302796557545662,PREDICTED
10,hERG,0,5,C,0.014218519441783428,0.0020283106714487076,0.01624682918190956,PREDICTED
10,hERG,0,6,C,0.0553659088909626,0.006070777308195829,0.06143668666481972,PREDICTED
10,hERG,0,7,C,0.03623299300670624,0.004108436405658722,0.04034142941236496,PREDICTED
10,hERG,0,8,C,0.03925860673189163,-0.002911894815042615,0.036346711218357086,PREDICTED
10,hERG,0,9,C,0.06062440574169159,-0.009750396013259888,0.0508740097284317,PREDICTED
10,hERG,0,10,O,-0.03330148011445999,-0.007358094677329063,-0.040659576654434204,PREDICTED
10,hERG,0,11,C,0.04064080864191055,-0.005198174621909857,0.03544263541698456,PREDICTED
10,hERG,0,12,C,0.016857337206602097,-0.00714430958032608,0.009713027626276016,PREDICTED
10,hERG,0,13,C,0.043662164360284805,-0.008067168295383453,0.03559499606490135,PREDICTED
10,hERG,0,14,C,0.04285924509167671,-0.00014527468010783195,0.04271396994590759,PREDICTED
10,hERG,0,15,C,0.017330223694443703,-0.005101262591779232,0.01222896110266447,PREDICTED
10,hERG,0,16,C,0.06494934856891632,0.010104301385581493,0.07505364716053009,PREDICTED
10,hERG,0,17,C,0.05735419690608978,0.0014141072751954198,0.05876830592751503,PREDICTED
10,hERG,0,18,C,0.027281945571303368,0.0062049375846982,0.03348688408732414,PREDICTED
10,hERG,0,19,C,0.042386628687381744,0.00022174417972564697,0.04260837286710739,PREDICTED
10,hERG,0,20,O,-0.005891865584999323,-0.002404692117124796,-0.008296557702124119,PREDICTED
10,hERG,0,21,C,0.037326548248529434,-0.00017038173973560333,0.03715616464614868,PREDICTED
10,hERG,0,22,O,-0.15158608555793762,-0.017170622944831848,-0.16875670850276947,PREDICTED
10,hERG,0,23,O,-0.14454255998134613,-0.012799724005162716,-0.15734228491783142,PREDICTED
10,hERG,0,24,C,0.05571088194847107,0.0013702092692255974,0.05708109214901924,PREDICTED
11,AMES,0,0,C,0.02346530556678772,-0.0035280240699648857,0.01993728056550026,PREDICTED
11,AMES,0,1,C,-0.11650899052619934,0.027130508795380592,-0.0893784835934639,PREDICTED
11,AMES,0,2,C,-0.05658077076077461,0.021335981786251068,-0.035244788974523544,PREDICTED
11,AMES,0,3,C,0.005943771917372942,-0.01301566231995821,-0.007071890402585268,PREDICTED
11,AMES,0,4,C,0.17147472500801086,-0.0374709814786911,0.13400374352931976,PREDICTED
11,AMES,0,5,C,0.06155704706907272,0.02535589411854744,0.08691294491291046,PREDICTED
11,AMES,0,6,O,-0.03165464103221893,0.050571758300065994,0.01891711726784706,PREDICTED
11,AMES,0,7,C,-0.06471420079469681,-0.0067093693651258945,-0.07142356783151627,PREDICTED
11,AMES,0,8,C,-0.07531975209712982,-0.006029397714883089,-0.08134914934635162,PREDICTED
11,AMES,0,9,C,0.015987606719136238,0.0029317447915673256,0.01891935244202614,PREDICTED
11,AMES,0,10,C,0.15992937982082367,-0.04505787044763565,0.11487150937318802,PREDICTED
11,AMES,0,11,O,0.15339955687522888,-0.026498090475797653,0.12690146267414093,PREDICTED
11,AMES,0,12,C,-0.035824596881866455,0.016477392986416817,-0.01934720389544964,PREDICTED
11,AMES,0,13,C,0.08809303492307663,-0.006392229348421097,0.08170080184936523,PREDICTED
11,AMES,0,14,C,-0.05568057298660278,-0.004100419115275145,-0.059780992567539215,PREDICTED
11,AMES,0,15,C,0.02470080740749836,-0.004326926544308662,0.020373880863189697,PREDICTED
11,AMES,0,16,C,0.015534644946455956,0.007053833454847336,0.02258847840130329,PREDICTED
11,AMES,0,17,C,0.02395906113088131,0.0123448446393013,0.03630390763282776,PREDICTED
11,AMES,0,18,C,0.0616210475564003,-0.0036466624587774277,0.05797438323497772,PREDICTED
11,AMES,0,19,C,-0.027826596051454544,0.007570435758680105,-0.02025615982711315,PREDICTED
11,AMES,0,20,C,-0.019548607990145683,-0.005052890628576279,-0.024601498618721962,PREDICTED
11,AMES,0,21,O,-0.05898787081241608,0.0046733226627111435,-0.054314546287059784,PREDICTED
11,AMES,0,22,C,-0.05283880978822708,0.00942323449999094,-0.043415576219558716,PREDICTED
11,AMES,0,23,O,-0.30510979890823364,-0.022531837224960327,-0.32764163613319397,PREDICTED
11,AMES,0,24,C,0.02346530556678772,-0.0035280240699648857,0.01993728056550026,PREDICTED
11,Skin_Reaction,0,0,C,-0.03978288173675537,-0.0005774010205641389,-0.040360283106565475,PREDICTED
11,Skin_Reaction,0,1,C,-0.0013885075459256768,0.011183721013367176,0.009795213118195534,PREDICTED
11,Skin_Reaction,0,2,C,0.003288968000560999,0.00381924444809556,0.007108212448656559,PREDICTED
11,Skin_Reaction,0,3,C,-0.011860032565891743,-0.002950917463749647,-0.014810949563980103,PREDICTED
11,Skin_Reaction,0,4,C,0.03558194264769554,-0.0077610379084944725,0.027820903807878494,PREDICTED
11,Skin_Reaction,0,5,C,0.013726984150707722,0.004286105744540691,0.018013089895248413,PREDICTED
11,Skin_Reaction,0,6,O,-0.04517780989408493,0.018071981146931648,-0.027105828747153282,PREDICTED
11,Skin_Reaction,0,7,C,-0.017730187624692917,-0.002819154877215624,-0.020549342036247253,PREDICTED
11,Skin_Reaction,0,8,C,-0.021212967112660408,-0.0012548617087304592,-0.022467829287052155,PREDICTED
11,Skin_Reaction,0,9,C,-0.02441832609474659,0.004313013516366482,-0.020105313509702682,PREDICTED
11,Skin_Reaction,0,10,C,0.04395332559943199,-0.007889065891504288,0.036064259707927704,PREDICTED
11,Skin_Reaction,0,11,O,-0.010263390839099884,-0.014781109057366848,-0.025044500827789307,PREDICTED
11,Skin_Reaction,0,12,C,0.0008932155324146152,0.0022368156351149082,0.003130031283944845,PREDICTED
11,Skin_Reaction,0,13,C,-0.0058434223756194115,0.010752066969871521,0.0049086445942521095,PREDICTED
11,Skin_Reaction,0,14,C,0.010706680826842785,0.006808724254369736,0.017515406012535095,PREDICTED
11,Skin_Reaction,0,15,C,-0.01806236058473587,-0.007386139594018459,-0.025448501110076904,PREDICTED
11,Skin_Reaction,0,16,C,0.010760527104139328,-0.004643984138965607,0.006116542965173721,PREDICTED
11,Skin_Reaction,0,17,C,-0.011894150637090206,-0.002791210077702999,-0.014685360714793205,PREDICTED
11,Skin_Reaction,0,18,C,-0.00890860240906477,-0.002578297397121787,-0.0114869000390172,PREDICTED
11,Skin_Reaction,0,19,C,-0.009641612879931927,-0.0023228591307997704,-0.011964472010731697,PREDICTED
11,Skin_Reaction,0,20,C,-0.0211125910282135,-0.005117851309478283,-0.02623044326901436,PREDICTED
11,Skin_Reaction,0,21,O,-0.07207426428794861,0.0027729219291359186,-0.06930134445428848,PREDICTED
11,Skin_Reaction,0,22,C,-0.04312244430184364,0.0028035587165504694,-0.04031888395547867,PREDICTED
11,Skin_Reaction,0,23,O,-0.031373556703329086,-0.0017896085046231747,-0.0331631638109684,PREDICTED
11,Skin_Reaction,0,24,C,-0.03978288173675537,-0.0005774010205641389,-0.040360283106565475,PREDICTED
11,DILI,0,0,C,-0.006623089779168367,-0.002393409376963973,-0.009016498923301697,PREDICTED
11,DILI,0,1,C,0.02893715165555477,-0.0076676299795508385,0.021269522607326508,PREDICTED
11,DILI,0,2,C,0.002074712421745062,-0.009098498150706291,-0.007023785728961229,PREDICTED
11,DILI,0,3,C,-0.016100294888019562,-0.01985085941851139,-0.0359511524438858,PREDICTED
11,DILI,0,4,C,0.04514177888631821,-0.015954051166772842,0.029187727719545364,PREDICTED
11,DILI,0,5,C,0.026332980021834373,-0.010369159281253815,0.01596382074058056,PREDICTED
11,DILI,0,6,O,0.07506170868873596,-0.015013289637863636,0.0600484199821949,PREDICTED
11,DILI,0,7,C,0.01350027322769165,0.003545634914189577,0.01704590767621994,PREDICTED
11,DILI,0,8,C,0.004908030852675438,0.00015506136696785688,0.005063092336058617,PREDICTED
11,DILI,0,9,C,0.080439992249012,-0.0002486403100192547,0.08019135147333145,PREDICTED
11,DILI,0,10,C,0.049029961228370667,-0.000292294193059206,0.04873766750097275,PREDICTED
11,DILI,0,11,O,0.10251211374998093,-0.009270724840462208,0.093241386115551,PREDICTED
11,DILI,0,12,C,-0.049860209226608276,-0.019787106662988663,-0.06964731216430664,PREDICTED
11,DILI,0,13,C,-0.03737508878111839,-0.010415518656373024,-0.047790609300136566,PREDICTED
11,DILI,0,14,C,-0.024003883823752403,-0.005656693130731583,-0.029660576954483986,PREDICTED
11,DILI,0,15,C,0.0910099595785141,0.0030700836796313524,0.09408004581928253,PREDICTED
11,DILI,0,16,C,0.02103535644710064,0.007878903299570084,0.028914259746670723,PREDICTED
11,DILI,0,17,C,-0.0010033787693828344,-0.00034590624272823334,-0.0013492850121110678,PREDICTED
11,DILI,0,18,C,0.037916216999292374,0.0003922022879123688,0.03830841928720474,PREDICTED
11,DILI,0,19,C,0.013455437496304512,-0.0007579695084132254,0.01269746758043766,PREDICTED
11,DILI,0,20,C,0.02363707683980465,0.006852303631603718,0.030489381402730942,PREDICTED
11,DILI,0,21,O,0.07719986140727997,0.0007006811792962253,0.07790054380893707,PREDICTED
11,DILI,0,22,C,0.004486101679503918,-0.0017815341707319021,0.0027045675087720156,PREDICTED
11,DILI,0,23,O,0.09985130280256271,0.012901758775115013,0.11275306344032288,PREDICTED
11,DILI,0,24,C,-0.006623089779168367,-0.002393409376963973,-0.009016498923301697,PREDICTED
11,hERG,0,0,C,0.07157867401838303,0.0021379804238677025,0.0737166553735733,PREDICTED
11,hERG,0,1,C,-0.00421493174508214,0.00792561937123537,0.0037106876261532307,PREDICTED
11,hERG,0,2,C,0.015419120900332928,0.0031255159992724657,0.01854463666677475,PREDICTED
11,hERG,0,3,C,0.02054537832736969,-0.0010828241938725114,0.019462553784251213,PREDICTED
11,hERG,0,4,C,0.059882473200559616,0.0036206250078976154,0.06350310146808624,PREDICTED
11,hERG,0,5,C,0.08153190463781357,0.005345608107745647,0.08687750995159149,PREDICTED
11,hERG,0,6,O,-0.03764834254980087,0.002003165427595377,-0.035645175725221634,PREDICTED
11,hERG,0,7,C,0.041177842766046524,0.0008745708037167788,0.042052414268255234,PREDICTED
11,hERG,0,8,C,0.03274790197610855,0.0009126528166234493,0.03366055339574814,PREDICTED
11,hERG,0,9,C,0.035604964941740036,-0.00011072889901697636,0.035494234412908554,PREDICTED
11,hERG,0,10,C,0.053524263203144073,-0.005535318050533533,0.04798894375562668,PREDICTED
11,hERG,0,11,O,-0.04210057482123375,-0.0006971224211156368,-0.042797695845365524,PREDICTED
11,hERG,0,12,C,0.05438351631164551,0.0050383685156702995,0.05942188575863838,PREDICTED
11,hERG,0,13,C,0.05980900675058365,-0.00818178802728653,0.05162721872329712,PREDICTED
11,hERG,0,14,C,0.06743282079696655,-0.00464025791734457,0.06279256194829941,PREDICTED
11,hERG,0,15,C,-0.000983061851002276,0.0011791200377047062,0.00019605818670243025,PREDICTED
11,hERG,0,16,C,0.005202304106205702,0.002533072605729103,0.007735376711934805,PREDICTED
11,hERG,0,17,C,0.07541058957576752,0.011550873517990112,0.08696146309375763,PREDICTED
11,hERG,0,18,C,0.05442838370800018,0.002461077179759741,0.05688945949077606,PREDICTED
11,hERG,0,19,C,0.02682720310986042,0.007626690901815891,0.034453894942998886,PREDICTED
11,hERG,0,20,C,0.02414080873131752,0.0011951788328588009,0.02533598802983761,PREDICTED
11,hERG,0,21,O,-0.0019007762894034386,-0.002766737248748541,-0.0046675135381519794,PREDICTED
11,hERG,0,22,C,0.03998349979519844,-0.0006524907075800002,0.03933100774884224,PREDICTED
11,hERG,0,23,O,-0.14049240946769714,-0.01510675996541977,-0.1555991768836975,PREDICTED
11,hERG,0,24,C,0.07157867401838303,0.0021379804238677025,0.0737166553735733,PREDICTED
13,AMES,0,0,C,-0.0832161158323288,-0.019303390756249428,-0.10251950472593307,PREDICTED
13,AMES,0,1,C,-0.02052980847656727,-0.012962003238499165,-0.03349181264638901,PREDICTED
13,AMES,0,2,C,-0.04496540129184723,-0.00747783575206995,-0.052443236112594604,PREDICTED
13,AMES,0,3,O,0.12321433424949646,-0.020885825157165527,0.10232850909233093,PREDICTED
13,AMES,0,4,C,0.09765157103538513,-0.028727959841489792,0.06892360746860504,PREDICTED
13,AMES,0,5,C,0.016301443800330162,-0.013208126649260521,0.003093317151069641,PREDICTED
13,AMES,0,6,C,0.007717126980423927,-0.0043388050980865955,0.0033783218823373318,PREDICTED
13,AMES,0,7,C,0.01239691860973835,0.0015180364716798067,0.013914954848587513,PREDICTED
13,AMES,0,8,C,-0.022334536537528038,-0.004978261888027191,-0.02731279842555523,PREDICTED
13,AMES,0,9,C,0.017593394964933395,-0.003572177141904831,0.014021217823028564,PREDICTED
13,AMES,0,10,O,-0.18179339170455933,-0.01711304299533367,-0.19890643656253815,PREDICTED
13,AMES,0,11,C,0.09804431349039078,-0.0036675995215773582,0.09437671303749084,PREDICTED
13,AMES,0,12,C,0.048811301589012146,-0.01825098507106304,0.030560316517949104,PREDICTED
13,AMES,0,13,C,0.05879583582282066,-0.0001652054488658905,0.05863063037395477,PREDICTED
13,AMES,0,14,C,0.020194048061966896,-0.015553443692624569,0.004640604369342327,PREDICTED
13,AMES,0,15,C,0.02239747904241085,0.009401842951774597,0.0317993238568306,PREDICTED
13,AMES,0,16,C,0.06177252158522606,-0.008752026595175266,0.05302049592137337,PREDICTED
13,AMES,0,17,O,-0.2129504382610321,-0.022355899214744568,-0.23530633747577667,PREDICTED
13,AMES,0,18,O,-0.28486964106559753,-0.027166476473212242,-0.3120361268520355,PREDICTED
13,Skin_Reaction,0,0,C,0.013808907009661198,0.002268995624035597,0.016077902168035507,PREDICTED
13,Skin_Reaction,0,1,C,0.0198854710906744,0.0048600537702441216,0.024745523929595947,PREDICTED
13,Skin_Reaction,0,2,C,-0.0014648233773186803,-0.0008947467431426048,-0.0023595700040459633,PREDICTED
13,Skin_Reaction,0,3,O,-0.012172059156000614,-0.004914269782602787,-0.0170863289386034,PREDICTED
13,Skin_Reaction,0,4,C,0.027507241815328598,-0.004250132478773594,0.02325711026787758,PREDICTED
13,Skin_Reaction,0,5,C,-0.017105305567383766,-0.004754972644150257,-0.021860279142856598,PREDICTED
13,Skin_Reaction,0,6,C,-0.010050584562122822,-0.003013322129845619,-0.013063906691968441,PREDICTED
13,Skin_Reaction,0,7,C,-0.003413439728319645,-0.0017558143008500338,-0.005169253796339035,PREDICTED
13,Skin_Reaction,0,8,C,0.006134438328444958,-0.002900067949667573,0.0032343703787773848,PREDICTED
13,Skin_Reaction,0,9,C,-0.00844611693173647,-0.0024134053383022547,-0.01085952203720808,PREDICTED
13,Skin_Reaction,0,10,O,-0.0036143441684544086,-0.0001420038752257824,-0.003756348043680191,PREDICTED
13,Skin_Reaction,0,11,C,0.016482029110193253,-0.0021533467806875706,0.01432868279516697,PREDICTED
13,Skin_Reaction,0,12,C,0.0063567692413926125,-0.001030556857585907,0.0053262123838067055,PREDICTED
13,Skin_Reaction,0,13,C,-0.0007538210484199226,-0.001456439378671348,-0.0022102603688836098,PREDICTED
13,Skin_Reaction,0,14,C,0.0044683427549898624,-0.00628979317843914,-0.0018214504234492779,PREDICTED
13,Skin_Reaction,0,15,C,0.006379825994372368,-9.76088922470808e-05,0.006282216869294643,PREDICTED
13,Skin_Reaction,0,16,C,0.0006270078010857105,-0.0025625787675380707,-0.0019355709664523602,PREDICTED
13,Skin_Reaction,0,17,O,-0.0179434884339571,-0.003059257520362735,-0.021002745255827904,PREDICTED
13,Skin_Reaction,0,18,O,-0.05018800497055054,-0.0034474146086722612,-0.05363541841506958,PREDICTED
13,DILI,0,0,C,-0.05482577532529831,0.005281026009470224,-0.04954474791884422,PREDICTED
13,DILI,0,1,C,-0.025238487869501114,-0.002178364899009466,-0.027416853234171867,PREDICTED
13,DILI,0,2,C,-0.042631275951862335,-0.00760194705799222,-0.05023322254419327,PREDICTED
13,DILI,0,3,O,0.0646597295999527,-0.00765139888972044,0.05700832977890968,PREDICTED
13,DILI,0,4,C,0.03673399239778519,-0.003035660833120346,0.03369833156466484,PREDICTED
13,DILI,0,5,C,0.09735684096813202,0.002808742690831423,0.10016558319330215,PREDICTED
13,DILI,0,6,C,0.029210863634943962,0.009035836905241013,0.038246698677539825,PREDICTED
13,DILI,0,7,C,0.022787708789110184,0.0013169809244573116,0.024104690179228783,PREDICTED
13,DILI,0,8,C,0.06337525695562363,0.0017065387219190598,0.06508179754018784,PREDICTED
13,DILI,0,9,C,0.01016305759549141,-0.002151487860828638,0.008011570200324059,PREDICTED
13,DILI,0,10,O,0.05485543981194496,0.009042017161846161,0.06389746069908142,PREDICTED
13,DILI,0,11,C,0.04979022964835167,-0.0005562210571952164,0.04923401027917862,PREDICTED
13,DILI,0,12,C,0.019331416115164757,0.010257595218718052,0.029589012265205383,PREDICTED
13,DILI,0,13,C,0.001110080978833139,-0.0030793575569987297,-0.001969276461750269,PREDICTED
13,DILI,0,14,C,0.04349016025662422,0.006978604011237621,0.05046876519918442,PREDICTED
13,DILI,0,15,C,0.0015245307004079223,-0.004040554165840149,-0.002516023349016905,PREDICTED
13,DILI,0,16,C,-0.018423672765493393,0.009204989299178123,-0.00921868346631527,PREDICTED
13,DILI,0,17,O,0.0876331701874733,0.01328402291983366,0.10091719031333923,PREDICTED
13,DILI,0,18,O,0.13354001939296722,0.01663399487733841,0.15017402172088623,PREDICTED
13,hERG,0,0,C,0.02765575982630253,-0.004229411482810974,0.023426348343491554,PREDICTED
13,hERG,0,1,C,0.0194073598831892,-0.005235610529780388,0.014171749353408813,PREDICTED
13,hERG,0,2,C,0.02744918130338192,-0.00930640660226345,0.01814277470111847,PREDICTED
13,hERG,0,3,O,0.007166328839957714,-0.011342240497469902,-0.004175911657512188,PREDICTED
13,hERG,0,4,C,0.059090953320264816,-0.009356061927974224,0.04973489046096802,PREDICTED
13,hERG,0,5,C,0.04128430411219597,-0.006057643797248602,0.03522666171193123,PREDICTED
13,hERG,0,6,C,0.023352961987257004,6.384254083968699e-05,0.023416804149746895,PREDICTED
13,hERG,0,7,C,0.030934425070881844,1.1453201295807958e-05,0.030945878475904465,PREDICTED
13,hERG,0,8,C,0.013736715540289879,-0.004271094687283039,0.00946562085300684,PREDICTED
13,hERG,0,9,C,0.03740493208169937,0.0031547192484140396,0.04055964946746826,PREDICTED
13,hERG,0,10,O,-0.06917381286621094,-0.007902744226157665,-0.07707655429840088,PREDICTED
13,hERG,0,11,C,0.03534481301903725,-0.002625049091875553,0.03271976485848427,PREDICTED
13,hERG,0,12,C,0.021795673295855522,-0.006202899385243654,0.015592774376273155,PREDICTED
13,hERG,0,13,C,0.04926244914531708,0.0033300244249403477,0.05259247496724129,PREDICTED
13,hERG,0,14,C,0.015986505895853043,0.0003720484673976898,0.016358554363250732,PREDICTED
13,hERG,0,15,C,0.022425055503845215,0.0023599157575517893,0.02478497102856636,PREDICTED
13,hERG,0,16,C,0.0249163880944252,-0.0033245040103793144,0.021591883152723312,PREDICTED
13,hERG,0,17,O,-0.049305956810712814,-0.005267101805657148,-0.05457305908203125,PREDICTED
13,hERG,0,18,O,-0.053042858839035034,-0.007226079702377319,-0.060268938541412354,PREDICTED
14,AMES,0,0,C,0.006171761080622673,-0.0016300729475915432,0.00454168813303113,PREDICTED
14,AMES,0,1,C,-0.10724422335624695,-0.003916223533451557,-0.11116044968366623,PREDICTED
14,AMES,0,2,C,-0.11551700532436371,-0.005824947729706764,-0.12134195119142532,PREDICTED
14,AMES,0,3,C,-0.012423853389918804,-0.007961000315845013,-0.020384853705763817,PREDICTED
14,AMES,0,4,C,0.02524586021900177,0.013360453769564629,0.03860631585121155,PREDICTED
14,AMES,0,5,C,0.020743712782859802,0.016285106539726257,0.03702881932258606,PREDICTED
14,AMES,0,6,C,-4.455907401279546e-05,0.002331022173166275,0.0022864630445837975,PREDICTED
14,AMES,0,7,C,-0.02132325991988182,-0.001269027590751648,-0.02259228751063347,PREDICTED
14,AMES,0,8,C,-0.0047828927636146545,-0.004418490454554558,-0.009201383218169212,PREDICTED
14,AMES,0,9,C,0.12128254026174545,-0.026205213740468025,0.09507732838392258,PREDICTED
14,AMES,0,10,O,0.10844628512859344,-0.021967751905322075,0.08647853136062622,PREDICTED
14,AMES,0,11,C,-0.0237017460167408,0.006714010611176491,-0.016987735405564308,PREDICTED
14,AMES,0,12,C,0.12622255086898804,-0.002528524026274681,0.1236940249800682,PREDICTED
14,AMES,0,13,C,-0.04465818405151367,-0.01071849837899208,-0.05537668243050575,PREDICTED
14,AMES,0,14,C,0.05697494000196457,-0.002397717908024788,0.05457722395658493,PREDICTED
14,AMES,0,15,C,0.030537892132997513,-0.0175423976033926,0.012995494529604912,PREDICTED
14,AMES,0,16,C,0.06303521990776062,-0.0021128328517079353,0.06092238798737526,PREDICTED
14,AMES,0,17,C,0.025052033364772797,-0.015460553579032421,0.009591479785740376,PREDICTED
14,AMES,0,18,C,0.0240778848528862,0.010526957921683788,0.03460484370589256,PREDICTED
14,AMES,0,19,C,0.05455069988965988,-0.009726986289024353,0.04482371360063553,PREDICTED
14,AMES,0,20,O,-0.22503386437892914,-0.021613920107483864,-0.24664779007434845,PREDICTED
14,AMES,0,21,O,-0.3451555371284485,-0.027538662776350975,-0.372694194316864,PREDICTED
14,AMES,0,22,O,-0.1326831877231598,-0.005168695468455553,-0.13785187900066376,PREDICTED
14,AMES,0,23,C,0.006171761080622673,-0.0016300729475915432,0.00454168813303113,PREDICTED
14,Skin_Reaction,0,0,C,-0.03705519810318947,-0.002131367102265358,-0.039186567068099976,PREDICTED
14,Skin_Reaction,0,1,C,0.02364768646657467,-0.011365327052772045,0.012282359413802624,PREDICTED
14,Skin_Reaction,0,2,C,-0.03337942436337471,-0.005532620474696159,-0.03891204297542572,PREDICTED
14,Skin_Reaction,0,3,C,-0.005519222002476454,0.0019341676961630583,-0.0035850543063133955,PREDICTED
14,Skin_Reaction,0,4,C,0.01990085281431675,-0.0002871401375159621,0.019613713026046753,PREDICTED
14,Skin_Reaction,0,5,C,0.02379615791141987,-0.0014457552460953593,0.022350402548909187,PREDICTED
14,Skin_Reaction,0,6,C,-0.0012479802826419473,-0.0027799601666629314,-0.004027940332889557,PREDICTED
14,Skin_Reaction,0,7,C,-0.012878810055553913,-0.0011373197194188833,-0.01401613000780344,PREDICTED
14,Skin_Reaction,0,8,C,-0.01224187295883894,0.0005620812298730016,-0.01167979184538126,PREDICTED
14,Skin_Reaction,0,9,C,0.05822550877928734,-0.007673990912735462,0.05055151879787445,PREDICTED
14,Skin_Reaction,0,10,O,-0.002513611689209938,-0.01438032928854227,-0.016893941909074783,PREDICTED
14,Skin_Reaction,0,11,C,-0.001657961867749691,-0.000437010545283556,-0.002094972413033247,PREDICTED
14,Skin_Reaction,0,12,C,0.006875647697597742,0.007836169563233852,0.014711817726492882,PREDICTED
14,Skin_Reaction,0,13,C,0.009730186313390732,0.00373854604549706,0.013468732126057148,PREDICTED
14,Skin_Reaction,0,14,C,-0.007531948387622833,-0.00800658855587244,-0.015538536943495274,PREDICTED
14,Skin_Reaction,0,15,C,0.0032682253513485193,-0.004599480889737606,-0.0013312555383890867,PREDICTED
14,Skin_Reaction,0,16,C,0.0006095771677792072,-0.0018104794435203075,-0.0012009022757411003,PREDICTED
14,Skin_Reaction,0,17,C,0.0037733414210379124,-0.007457295432686806,-0.0036839540116488934,PREDICTED
14,Skin_Reaction,0,18,C,0.006978361867368221,0.00026322435587644577,0.007241586223244667,PREDICTED
14,Skin_Reaction,0,19,C,0.0006882839370518923,-0.0031218796502798796,-0.0024335957132279873,PREDICTED
14,Skin_Reaction,0,20,O,-0.025876697152853012,-0.0034172669984400272,-0.029293963685631752,PREDICTED
14,Skin_Reaction,0,21,O,-0.04758329689502716,-0.0034069486428052187,-0.05099024623632431,PREDICTED
14,Skin_Reaction,0,22,O,0.0011838532518595457,0.0012584389187395573,0.002442292170599103,PREDICTED
14,Skin_Reaction,0,23,C,-0.03705519810318947,-0.002131367102265358,-0.039186567068099976,PREDICTED
14,DILI,0,0,C,-0.04584129899740219,-0.0031446395441889763,-0.04898593947291374,PREDICTED
14,DILI,0,1,C,0.03215155750513077,0.0030047334730625153,0.03515629097819328,PREDICTED
14,DILI,0,2,C,0.04048579931259155,0.006924247834831476,0.04741004854440689,PREDICTED
14,DILI,0,3,C,-0.19409288465976715,-0.00810052827000618,-0.20219340920448303,PREDICTED
14,DILI,0,4,C,0.07895426452159882,0.014163512736558914,0.09311777353286743,PREDICTED
14,DILI,0,5,C,0.03859098255634308,0.01697123982012272,0.05556222051382065,PREDICTED
14,DILI,0,6,C,0.011867587454617023,0.0006435933755710721,0.012511180713772774,PREDICTED
14,DILI,0,7,C,0.009010875597596169,0.0029390030540525913,0.011949878185987473,PREDICTED
14,DILI,0,8,C,0.10363781452178955,0.0018962654285132885,0.10553407669067383,PREDICTED
14,DILI,0,9,C,-0.004464275203645229,0.015245992690324783,0.010781717486679554,PREDICTED
14,DILI,0,10,O,0.08441350609064102,-0.013115696609020233,0.07129780948162079,PREDICTED
14,DILI,0,11,C,-0.05339714512228966,-0.01964791864156723,-0.07304506003856659,PREDICTED
14,DILI,0,12,C,-0.00041813254938460886,0.001041207811795175,0.0006230752915143967,PREDICTED
14,DILI,0,13,C,-0.05007242411375046,0.001440150197595358,-0.04863227531313896,PREDICTED
14,DILI,0,14,C,0.11865806579589844,0.0049307821318507195,0.12358884513378143,PREDICTED
14,DILI,0,15,C,0.02695155143737793,0.006225345656275749,0.03317689895629883,PREDICTED
14,DILI,0,16,C,-0.0012444161111488938,-0.005435552913695574,-0.006679968908429146,PREDICTED
14,DILI,0,17,C,0.04720684140920639,0.006928787566721439,0.054135628044605255,PREDICTED
14,DILI,0,18,C,-7.045094389468431e-05,-0.004080111626535654,-0.0041505624540150166,PREDICTED
14,DILI,0,19,C,-0.009735211730003357,0.005216047167778015,-0.004519164562225342,PREDICTED
14,DILI,0,20,O,0.09157343953847885,0.013091963715851307,0.10466540604829788,PREDICTED
14,DILI,0,21,O,0.089980348944664,0.013381702825427055,0.1033620536327362,PREDICTED
14,DILI,0,22,O,0.053892165422439575,0.010107424110174179,0.06399959325790405,PREDICTED
14,DILI,0,23,C,-0.04584129899740219,-0.0031446395441889763,-0.04898593947291374,PREDICTED
14,hERG,0,0,C,0.04227503761649132,0.001251565059646964,0.043526601046323776,PREDICTED
14,hERG,0,1,C,-0.01291976124048233,0.003010168904438615,-0.009909592568874359,PREDICTED
14,hERG,0,2,C,-0.04294528067111969,-0.0032578608952462673,-0.046203140169382095,PREDICTED
14,hERG,0,3,C,0.10544610023498535,-0.0025539807975292206,0.10289211571216583,PREDICTED
14,hERG,0,4,C,0.029637981206178665,0.009407219476997852,0.03904519975185394,PREDICTED
14,hERG,0,5,C,0.023521730676293373,0.001236235722899437,0.02475796639919281,PREDICTED
14,hERG,0,6,C,0.04692467674612999,0.004647515714168549,0.05157219246029854,PREDICTED
14,hERG,0,7,C,0.03115963563323021,0.0016009226674214005,0.032760556787252426,PREDICTED
14,hERG,0,8,C,0.041713133454322815,-0.0022086724638938904,0.039504460990428925,PREDICTED
14,hERG,0,9,C,0.056882407516241074,-0.006286553107202053,0.050595853477716446,PREDICTED
14,hERG,0,10,O,-0.02878410741686821,-0.002207182813435793,-0.030991289764642715,PREDICTED
14,hERG,0,11,C,0.05662599205970764,0.0014595622196793556,0.05808555334806442,PREDICTED
14,hERG,0,12,C,0.03538435697555542,-0.008551646023988724,0.026832710951566696,PREDICTED
14,hERG,0,13,C,0.05820190906524658,-0.006993829272687435,0.05120807886123657,PREDICTED
14,hERG,0,14,C,0.010356676764786243,-0.0017524238210171461,0.008604252710938454,PREDICTED
14,hERG,0,15,C,0.013521220535039902,-0.005636062007397413,0.007885158061981201,PREDICTED
14,hERG,0,16,C,0.0665619745850563,0.0059845466166734695,0.07254651933908463,PREDICTED
14,hERG,0,17,C,0.01505843736231327,0.0003657229244709015,0.015424160286784172,PREDICTED
14,hERG,0,18,C,0.02706216834485531,0.004059686325490475,0.03112185373902321,PREDICTED
14,hERG,0,19,C,0.029965698719024658,-0.004610772710293531,0.02535492554306984,PREDICTED
14,hERG,0,20,O,-0.08256369084119797,-0.008800322189927101,-0.09136401116847992,PREDICTED
14,hERG,0,21,O,-0.10717858374118805,-0.011500311084091663,-0.11867889761924744,PREDICTED
14,hERG,0,22,O,-0.12883810698986053,-0.010987686924636364,-0.13982579112052917,PREDICTED
14,hERG,0,23,C,0.04227503761649132,0.001251565059646964,0.043526601046323776,PREDICTED
15,AMES,0,0,C,0.04978810250759125,-0.0015426934696733952,0.04824540764093399,PREDICTED
15,AMES,0,1,C,-0.09451727569103241,0.02683410421013832,-0.06768317520618439,PREDICTED
15,AMES,0,2,C,-0.05138881877064705,0.01496167853474617,-0.03642714023590088,PREDICTED
15,AMES,0,3,C,-0.004923050291836262,-0.016268569976091385,-0.021191619336605072,PREDICTED
15,AMES,0,4,C,0.14670072495937347,-0.03208346664905548,0.114617258310318,PREDICTED
15,AMES,0,5,C,0.04898568615317345,0.022515933960676193,0.07150162011384964,PREDICTED
15,AMES,0,6,O,-0.012734342366456985,0.04387061670422554,0.031136274337768555,PREDICTED
15,AMES,0,7,C,-0.061630282551050186,-0.007484137080609798,-0.06911441683769226,PREDICTED
15,AMES,0,8,C,-0.07007403671741486,-0.006433696020394564,-0.07650773227214813,PREDICTED
15,AMES,0,9,C,0.013781245797872543,-0.0005151582881808281,0.013266087509691715,PREDICTED
15,AMES,0,10,C,0.13802076876163483,-0.041720110923051834,0.09630066156387329,PREDICTED
15,AMES,0,11,O,0.15018045902252197,-0.026676200330257416,0.12350425869226456,PREDICTED
15,AMES,0,12,C,-0.028264541178941727,0.010590936988592148,-0.01767360419034958,PREDICTED
15,AMES,0,13,C,0.13285478949546814,-0.008852923288941383,0.1240018680691719,PREDICTED
15,AMES,0,14,C,-0.04626420885324478,-0.010165853425860405,-0.056430064141750336,PREDICTED
15,AMES,0,15,C,0.057745933532714844,-0.0021259812638163567,0.05561995133757591,PREDICTED
15,AMES,0,16,C,0.04942925274372101,-0.022107677534222603,0.027321575209498405,PREDICTED
15,AMES,0,17,C,0.09381547570228577,0.0034562184009701014,0.09727169573307037,PREDICTED
15,AMES,0,18,C,0.03377112001180649,-0.016459260135889053,0.017311859875917435,PREDICTED
15,AMES,0,19,C,0.038779083639383316,0.016709737479686737,0.05548882111907005,PREDICTED
15,AMES,0,20,C,0.034320563077926636,-0.008981699123978615,0.02533886395394802,PREDICTED
15,AMES,0,21,O,-0.35181716084480286,-0.031219493597745895,-0.38303664326667786,PREDICTED
15,AMES,0,22,O,-0.46486878395080566,-0.039586834609508514,-0.5044556260108948,PREDICTED
15,AMES,0,23,C,0.04978810250759125,-0.0015426934696733952,0.04824540764093399,PREDICTED
15,Skin_Reaction,0,0,C,-0.051944371312856674,-0.001428376417607069,-0.05337274819612503,PREDICTED
15,Skin_Reaction,0,1,C,-0.0005668116500601172,0.008361892774701118,0.007795081008225679,PREDICTED
15,Skin_Reaction,0,2,C,0.012742621824145317,0.006300486624240875,0.019043108448386192,PREDICTED
15,Skin_Reaction,0,3,C,0.0009324676357209682,-0.0009514084085822105,-1.8940772861242294e-05,PREDICTED
15,Skin_Reaction,0,4,C,0.04202000051736832,-0.010598392225801945,0.03142160922288895,PREDICTED
15,Skin_Reaction,0,5,C,0.021810920909047127,0.002169346436858177,0.023980267345905304,PREDICTED
15,Skin_Reaction,0,6,O,-0.04605724662542343,0.015926452353596687,-0.030130794271826744,PREDICTED
15,Skin_Reaction,0,7,C,-0.01765253022313118,-0.0027109470684081316,-0.020363477990031242,PREDICTED
15,Skin_Reaction,0,8,C,-0.019325977191329002,-0.00148894009180367,-0.020814917981624603,PREDICTED
15,Skin_Reaction,0,9,C,-0.011916998773813248,0.0028953419532626867,-0.009021656587719917,PREDICTED
15,Skin_Reaction,0,10,C,0.050339777022600174,-0.00868576392531395,0.041654013097286224,PREDICTED
15,Skin_Reaction,0,11,O,-0.0056550158187747,-0.014241509139537811,-0.019896525889635086,PREDICTED
15,Skin_Reaction,0,12,C,-0.002010490046814084,0.00021938607096672058,-0.0017911039758473635,PREDICTED
15,Skin_Reaction,0,13,C,0.0061455112881958485,0.0079887006431818,0.014134211465716362,PREDICTED
15,Skin_Reaction,0,14,C,0.007464349735528231,0.003939509857445955,0.011403859592974186,PREDICTED
15,Skin_Reaction,0,15,C,-0.0060297586023807526,-0.006241238210350275,-0.01227099634706974,PREDICTED
15,Skin_Reaction,0,16,C,0.005127621814608574,-0.003931010141968727,0.0011966116726398468,PREDICTED
15,Skin_Reaction,0,17,C,-0.00048484880244359374,-0.0015904592582955956,-0.0020753080025315285,PREDICTED
15,Skin_Reaction,0,18,C,0.007244772743433714,-0.00732343178242445,-7.865903899073601e-05,PREDICTED
15,Skin_Reaction,0,19,C,0.005541378632187843,0.0011230823583900928,0.006664460990577936,PREDICTED
15,Skin_Reaction,0,20,C,-0.007163597270846367,-0.0028897137381136417,-0.010053310543298721,PREDICTED
15,Skin_Reaction,0,21,O,-0.039945196360349655,-0.00399820739403367,-0.04394340515136719,PREDICTED
15,Skin_Reaction,0,22,O,-0.05797223746776581,-0.004297975450754166,-0.062270212918519974,PREDICTED
15,Skin_Reaction,0,23,C,-0.051944371312856674,-0.001428376417607069,-0.05337274819612503,PREDICTED
15,DILI,0,0,C,-0.023741208016872406,-0.0028003212064504623,-0.02654152922332287,PREDICTED
15,DILI,0,1,C,0.03898568078875542,-0.00846119225025177,0.030524488538503647,PREDICTED
15,DILI,0,2,C,0.011149699799716473,-0.010011065751314163,0.0011386340484023094,PREDICTED
15,DILI,0,3,C,-0.010105119086802006,-0.021956615149974823,-0.032061733305454254,PREDICTED
15,DILI,0,4,C,0.05339149385690689,-0.0176081545650959,0.03578333929181099,PREDICTED
15,DILI,0,5,C,0.03554093837738037,-0.012348022311925888,0.023192916065454483,PREDICTED
15,DILI,0,6,O,0.07577972114086151,-0.01669028028845787,0.05908944085240364,PREDICTED
15,DILI,0,7,C,0.011833523400127888,0.003312010783702135,0.01514553464949131,PREDICTED
15,DILI,0,8,C,0.005463656969368458,-0.00017006590496748686,0.005293590947985649,PREDICTED
15,DILI,0,9,C,0.08790235221385956,-0.001537443371489644,0.08636491000652313,PREDICTED
15,DILI,0,10,C,0.05098022148013115,-0.00044368160888552666,0.050536539405584335,PREDICTED
15,DILI,0,11,O,0.10660886764526367,-0.011120479553937912,0.09548838436603546,PREDICTED
15,DILI,0,12,C,-0.04321521893143654,-0.02161894552409649,-0.06483416259288788,PREDICTED
15,DILI,0,13,C,-0.036961983889341354,-0.010058034211397171,-0.047020018100738525,PREDICTED
15,DILI,0,14,C,-0.01489951554685831,-0.0065583763644099236,-0.021457891911268234,PREDICTED
15,DILI,0,15,C,0.11047826707363129,0.0034008584916591644,0.11387912929058075,PREDICTED
15,DILI,0,16,C,0.018525412306189537,0.006233418360352516,0.024758830666542053,PREDICTED
15,DILI,0,17,C,-0.004503444768488407,-0.005844798870384693,-0.0103482436388731,PREDICTED
15,DILI,0,18,C,0.035139866173267365,0.007011770270764828,0.04215163737535477,PREDICTED
15,DILI,0,19,C,-0.00023435370530933142,-0.004991516470909119,-0.005225870292633772,PREDICTED
15,DILI,0,20,C,0.0052169072441756725,0.004689966328442097,0.009906873106956482,PREDICTED
15,DILI,0,21,O,0.09137418866157532,0.013380453921854496,0.10475464165210724,PREDICTED
15,DILI,0,22,O,0.10287848114967346,0.014232968911528587,0.1171114519238472,PREDICTED
15,DILI,0,23,C,-0.023741208016872406,-0.0028003212064504623,-0.02654152922332287,PREDICTED
15,hERG,0,0,C,0.06268472969532013,0.0021883496083319187,0.06487307697534561,PREDICTED
15,hERG,0,1,C,0.0047066002152860165,0.00723890820518136,0.011945508420467377,PREDICTED
15,hERG,0,2,C,0.020563270896673203,0.0019183869007974863,0.022481657564640045,PREDICTED
15,hERG,0,3,C,0.019344039261341095,-0.0024405845906585455,0.016903454437851906,PREDICTED
15,hERG,0,4,C,0.058041542768478394,0.002810047008097172,0.06085158884525299,PREDICTED
15,hERG,0,5,C,0.07722843438386917,0.003348806407302618,0.08057723939418793,PREDICTED
15,hERG,0,6,O,-0.031292397528886795,0.000176743371412158,-0.031115654855966568,PREDICTED
15,hERG,0,7,C,0.036741338670253754,8.872809121385217e-05,0.03683006763458252,PREDICTED
15,hERG,0,8,C,0.029915284365415573,0.0002355880569666624,0.030150871723890305,PREDICTED
15,hERG,0,9,C,0.03816886246204376,-0.0018957534339278936,0.036273110657930374,PREDICTED
15,hERG,0,10,C,0.05121302977204323,-0.006008725613355637,0.04520430415868759,PREDICTED
15,hERG,0,11,O,-0.034351836889982224,-0.0034429235383868217,-0.03779476135969162,PREDICTED
15,hERG,0,12,C,0.055404797196388245,0.0017151313368231058,0.05711992830038071,PREDICTED
15,hERG,0,13,C,0.06646409630775452,-0.0091268764808774,0.05733722075819969,PREDICTED
15,hERG,0,14,C,0.0704984962940216,-0.006812433712184429,0.0636860653758049,PREDICTED
15,hERG,0,15,C,0.00591198168694973,0.001139650121331215,0.007051631808280945,PREDICTED
15,hERG,0,16,C,0.01761886291205883,-0.004977274686098099,0.012641588225960732,PREDICTED
15,hERG,0,17,C,0.08262725919485092,0.009428391233086586,0.09205564856529236,PREDICTED
15,hERG,0,18,C,0.013633139431476593,0.0027838125824928284,0.01641695201396942,PREDICTED
15,hERG,0,19,C,0.03225994110107422,0.005982810165733099,0.038242749869823456,PREDICTED
15,hERG,0,20,C,0.0242278091609478,-0.004134886898100376,0.020092923194169998,PREDICTED
15,hERG,0,21,O,-0.10656382143497467,-0.011043230071663857,-0.11760704964399338,PREDICTED
15,hERG,0,22,O,-0.12970586121082306,-0.014207610860466957,-0.14391347765922546,PREDICTED
15,hERG,0,23,C,0.06268472969532013,0.0021883496083319187,0.06487307697534561,PREDICTED
9,AMES,1,0,C,-0.11200900375843048,-0.0034111710265278816,-0.11542017757892609,PREDICTED
9,AMES,1,1,O,0.02025613561272621,0.0068541937507689,0.027110328897833824,PREDICTED
9,AMES,1,2,C,0.10270024091005325,0.02662152796983719,0.12932176887989044,PREDICTED
9,AMES,1,3,C,0.06393077969551086,0.04663415998220444,0.1105649396777153,PREDICTED
9,AMES,1,4,C,-0.10462833940982819,0.023970842361450195,-0.08065749704837799,PREDICTED
9,AMES,1,5,C,0.019888168200850487,0.05248742923140526,0.0723755955696106,PREDICTED
9,AMES,1,6,C,0.02106695994734764,0.017397666350007057,0.03846462815999985,PREDICTED
9,AMES,1,7,C,-0.006689528468996286,0.003216419368982315,-0.0034731091000139713,PREDICTED
9,AMES,1,8,C,-0.02459939941763878,0.015507753007113934,-0.009091646410524845,PREDICTED
9,AMES,1,9,C,-0.18597936630249023,-0.0012138169258832932,-0.18719318509101868,PREDICTED
9,AMES,1,10,C,0.08301156014204025,0.022359058260917664,0.10537061840295792,PREDICTED
9,AMES,1,11,C,0.04948636516928673,0.03945598006248474,0.08894234895706177,PREDICTED
9,AMES,1,12,C,0.014444849453866482,0.03175576031208038,0.04620061069726944,PREDICTED
9,AMES,1,13,C,-0.10013514012098312,-0.0008776262402534485,-0.10101276636123657,PREDICTED
9,AMES,1,14,C,-0.0197887159883976,0.01914769969880581,-0.0006410162895917892,PREDICTED
9,AMES,1,15,C,-0.07075687497854233,0.011981024406850338,-0.058775849640369415,PREDICTED
9,AMES,1,16,O,-0.2510106563568115,-0.0463537871837616,-0.2973644435405731,PREDICTED
9,AMES,1,17,O,0.1573774218559265,0.010640732944011688,0.1680181622505188,PREDICTED
9,AMES,1,18,C,-0.1547159105539322,0.0034270277246832848,-0.15128888189792633,PREDICTED
9,AMES,1,19,O,-0.2743598520755768,-0.044328708201646805,-0.3186885714530945,PREDICTED
9,Skin_Reaction,1,0,C,-0.057014718651771545,0.0012094401754438877,-0.055805277079343796,PREDICTED
9,Skin_Reaction,1,1,O,-0.035255108028650284,0.00022895121946930885,-0.03502615541219711,PREDICTED
9,Skin_Reaction,1,2,C,0.012251349166035652,0.0004334788827691227,0.012684827670454979,PREDICTED
9,Skin_Reaction,1,3,C,0.02219604328274727,0.004312066361308098,0.026508109644055367,PREDICTED
9,Skin_Reaction,1,4,C,0.0020471932366490364,-0.003783757798373699,-0.0017365645617246628,PREDICTED
9,Skin_Reaction,1,5,C,-0.007900227792561054,0.004425583407282829,-0.003474644385278225,PREDICTED
9,Skin_Reaction,1,6,C,0.0009993741987273097,0.0013030922273173928,0.0023024664260447025,PREDICTED
9,Skin_Reaction,1,7,C,0.010023321956396103,0.0014495300129055977,0.0114728519693017,PREDICTED
9,Skin_Reaction,1,8,C,0.04323297739028931,-0.0037124594673514366,0.039520516991615295,PREDICTED
9,Skin_Reaction,1,9,C,-0.0019388919463381171,-0.007463274989277124,-0.009402167052030563,PREDICTED
9,Skin_Reaction,1,10,C,0.02480866201221943,-0.005885909777134657,0.018922751769423485,PREDICTED
9,Skin_Reaction,1,11,C,0.0010491067077964544,-0.003846359672024846,-0.0027972529642283916,PREDICTED
9,Skin_Reaction,1,12,C,0.008009393699467182,0.00023893348407000303,0.008248327299952507,PREDICTED
9,Skin_Reaction,1,13,C,-0.009340191259980202,-0.010371443815529346,-0.019711636006832123,PREDICTED
9,Skin_Reaction,1,14,C,0.009631115011870861,0.0026051667518913746,0.012236282229423523,PREDICTED
9,Skin_Reaction,1,15,C,-0.0029750955291092396,0.00010184489656239748,-0.002873250748962164,PREDICTED
9,Skin_Reaction,1,16,O,-0.0548454150557518,-0.014630787074565887,-0.06947620213031769,PREDICTED
9,Skin_Reaction,1,17,O,-0.00797057244926691,-0.0050468361005187035,-0.013017408549785614,PREDICTED
9,Skin_Reaction,1,18,C,-0.003692989470437169,-0.0056870668195188046,-0.009380056522786617,PREDICTED
9,Skin_Reaction,1,19,O,-0.04639501869678497,-0.010419469326734543,-0.056814488023519516,PREDICTED
9,DILI,1,0,C,-0.0013389481464400887,-0.0010346423368901014,-0.002373590599745512,PREDICTED
9,DILI,1,1,O,0.026004765182733536,0.007870371453464031,0.03387513756752014,PREDICTED
9,DILI,1,2,C,0.11287710070610046,0.015683220699429512,0.12856031954288483,PREDICTED
9,DILI,1,3,C,0.01786816492676735,0.01867941953241825,0.03654758632183075,PREDICTED
9,DILI,1,4,C,0.03768526762723923,0.007945484481751919,0.04563075304031372,PREDICTED
9,DILI,1,5,C,0.0806913673877716,0.015999438241124153,0.09669080376625061,PREDICTED
9,DILI,1,6,C,-0.010563325136899948,0.006852387450635433,-0.003710937686264515,PREDICTED
9,DILI,1,7,C,0.030236797407269478,0.003333442844450474,0.033570241183042526,PREDICTED
9,DILI,1,8,C,0.013935812748968601,0.0177669245749712,0.031702738255262375,PREDICTED
9,DILI,1,9,C,-0.08307915180921555,0.02269643545150757,-0.06038271635770798,PREDICTED
9,DILI,1,10,C,0.08472318947315216,0.008938304148614407,0.09366149455308914,PREDICTED
9,DILI,1,11,C,0.1062406599521637,-0.00322528462857008,0.10301537811756134,PREDICTED
9,DILI,1,12,C,0.009084943681955338,0.009256687015295029,0.018341630697250366,PREDICTED
9,DILI,1,13,C,0.06478291004896164,0.006905934773385525,0.07168884575366974,PREDICTED
9,DILI,1,14,C,0.014228041283786297,0.01278581190854311,0.027013853192329407,PREDICTED
9,DILI,1,15,C,-0.0029233754612505436,0.004969549365341663,0.0020461739040911198,PREDICTED
9,DILI,1,16,O,-0.14405864477157593,-0.01358477957546711,-0.1576434224843979,PREDICTED
9,DILI,1,17,O,0.04146668687462807,-0.01437386404722929,0.027092821896076202,PREDICTED
9,DILI,1,18,C,-0.0648844763636589,-0.01026369258761406,-0.07514816522598267,PREDICTED
9,DILI,1,19,O,-0.17016002535820007,-0.016730083152651787,-0.186890110373497,PREDICTED
9,hERG,1,0,C,0.08519858121871948,0.002947326982393861,0.088145911693573,PREDICTED
9,hERG,1,1,O,0.01239829882979393,0.0075486390851438046,0.019946938380599022,PREDICTED
9,hERG,1,2,C,0.048662472516298294,0.004202811047434807,0.05286528170108795,PREDICTED
9,hERG,1,3,C,0.0638866275548935,0.008232848718762398,0.07211947441101074,PREDICTED
9,hERG,1,4,C,0.009798862971365452,0.013926278799772263,0.02372514083981514,PREDICTED
9,hERG,1,5,C,-0.06621544808149338,0.015054435469210148,-0.051161013543605804,PREDICTED
9,hERG,1,6,C,0.020776327699422836,0.012420575134456158,0.03319690376520157,PREDICTED
9,hERG,1,7,C,0.04882147163152695,0.006243998184800148,0.055065467953681946,PREDICTED
9,hERG,1,8,C,0.009381692856550217,-0.00020699994638562202,0.009174693375825882,PREDICTED
9,hERG,1,9,C,0.025535937398672104,-0.0019281134009361267,0.023607823997735977,PREDICTED
9,hERG,1,10,C,0.07906285673379898,0.01140725240111351,0.09047010540962219,PREDICTED
9,hERG,1,11,C,0.05992776155471802,0.009135181084275246,0.06906294077634811,PREDICTED
9,hERG,1,12,C,0.043051719665527344,0.0066581848077476025,0.049709904938936234,PREDICTED
9,hERG,1,13,C,0.03155308961868286,-0.0037524355575442314,0.027800653129816055,PREDICTED
9,hERG,1,14,C,0.0332053005695343,0.009194102138280869,0.04239940270781517,PREDICTED
9,hERG,1,15,C,0.018744628876447678,0.007940645329654217,0.02668527513742447,PREDICTED
9,hERG,1,16,O,-0.02819746732711792,-0.015522654168307781,-0.043720122426748276,PREDICTED
9,hERG,1,17,O,0.022939832881093025,-0.003966716583818197,0.01897311583161354,PREDICTED
9,hERG,1,18,C,0.04890018329024315,-0.0017968923784792423,0.047103289514780045,PREDICTED
9,hERG,1,19,O,0.02176099270582199,-0.0056181433610618114,0.016142848879098892,PREDICTED
10,AMES,1,0,C,-0.06903967261314392,-8.463292033411562e-05,-0.06912430375814438,PREDICTED
10,AMES,1,1,C,-0.09423823654651642,0.01612173393368721,-0.0781165063381195,PREDICTED
10,AMES,1,2,C,-0.12212637066841125,-0.003962801769375801,-0.1260891705751419,PREDICTED
10,AMES,1,3,C,-0.06260723620653152,-0.031823381781578064,-0.09443061798810959,PREDICTED
10,AMES,1,4,C,-0.06093990430235863,0.08438515663146973,0.0234452523291111,PREDICTED
10,AMES,1,5,C,-0.06510097533464432,0.03668993338942528,-0.02841104194521904,PREDICTED
10,AMES,1,6,C,0.01882855035364628,0.015621385537087917,0.03444993495941162,PREDICTED
10,AMES,1,7,C,-0.03356698155403137,0.008093718439340591,-0.02547326311469078,PREDICTED
10,AMES,1,8,C,0.011248755268752575,0.028969088569283485,0.040217842906713486,PREDICTED
10,AMES,1,9,C,0.003925193101167679,0.09285937249660492,0.0967845618724823,PREDICTED
10,AMES,1,10,O,0.04150036349892616,0.006157412193715572,0.04765777662396431,PREDICTED
10,AMES,1,11,C,-0.12867815792560577,-0.0073027717880904675,-0.13598093390464783,PREDICTED
10,AMES,1,12,C,-0.01000489667057991,-0.0015192378778010607,-0.011524134315550327,PREDICTED
10,AMES,1,13,C,-0.17066684365272522,-0.006867122836410999,-0.17753396928310394,PREDICTED
10,AMES,1,14,C,0.0642605796456337,0.044406622648239136,0.10866720229387283,PREDICTED
10,AMES,1,15,C,-0.08364474028348923,0.021946994587779045,-0.06169774383306503,PREDICTED
10,AMES,1,16,C,0.05100719630718231,0.03414138779044151,0.08514858782291412,PREDICTED
10,AMES,1,17,C,0.05840111896395683,0.02180105820298195,0.08020217716693878,PREDICTED
10,AMES,1,18,C,-0.007920559495687485,0.003304131329059601,-0.004616428166627884,PREDICTED
10,AMES,1,19,C,0.015706779435276985,0.014109687879681587,0.029816467314958572,PREDICTED
10,AMES,1,20,O,0.016373619437217712,0.0038438672199845314,0.02021748572587967,PREDICTED
10,AMES,1,21,C,-0.12304722517728806,-0.0034781107679009438,-0.12652534246444702,PREDICTED
10,AMES,1,22,O,-0.16972793638706207,-0.02829444594681263,-0.19802238047122955,PREDICTED
10,AMES,1,23,O,-0.11581601947546005,-0.018688321113586426,-0.13450434803962708,PREDICTED
10,AMES,1,24,C,-0.06903967261314392,-8.463292033411562e-05,-0.06912430375814438,PREDICTED
10,Skin_Reaction,1,0,C,-0.053110212087631226,0.00012089766096323729,-0.05298931524157524,PREDICTED
10,Skin_Reaction,1,1,C,0.0029677278362214565,0.00418778695166111,0.0071555147878825665,PREDICTED
10,Skin_Reaction,1,2,C,0.026353206485509872,-0.000942745478823781,0.02541046030819416,PREDICTED
10,Skin_Reaction,1,3,C,0.018923720344901085,-0.005579355638474226,0.013344364240765572,PREDICTED
10,Skin_Reaction,1,4,C,-0.017223428934812546,0.013839507475495338,-0.0033839214593172073,PREDICTED
10,Skin_Reaction,1,5,C,-0.010275358334183693,0.002224226016551256,-0.008051132783293724,PREDICTED
10,Skin_Reaction,1,6,C,0.01300893072038889,0.0022023713681846857,0.015211301855742931,PREDICTED
10,Skin_Reaction,1,7,C,-0.0007487442926503718,-0.0004499471397139132,-0.001198691432364285,PREDICTED
10,Skin_Reaction,1,8,C,0.019329465925693512,0.0023127752356231213,0.02164224162697792,PREDICTED
10,Skin_Reaction,1,9,C,-0.013634675182402134,0.016670532524585724,0.00303585734218359,PREDICTED
10,Skin_Reaction,1,10,O,-0.034708403050899506,-0.002930400427430868,-0.03763880208134651,PREDICTED
10,Skin_Reaction,1,11,C,-0.006292115896940231,-0.007713672239333391,-0.014005787670612335,PREDICTED
10,Skin_Reaction,1,12,C,0.03916908800601959,-0.005968200974166393,0.033200886100530624,PREDICTED
10,Skin_Reaction,1,13,C,-0.0061612254939973354,-0.007178033702075481,-0.01333925873041153,PREDICTED
10,Skin_Reaction,1,14,C,-0.005591582041233778,0.0026172117795795202,-0.0029743702616542578,PREDICTED
10,Skin_Reaction,1,15,C,0.0002758386544883251,-0.003280036151409149,-0.003004197496920824,PREDICTED
10,Skin_Reaction,1,16,C,0.018835606053471565,0.002089668996632099,0.02092527598142624,PREDICTED
10,Skin_Reaction,1,17,C,0.0007619615062139928,-0.0004462323267944157,0.0003157291794195771,PREDICTED
10,Skin_Reaction,1,18,C,0.007910055108368397,0.0012686769478023052,0.009178731590509415,PREDICTED
10,Skin_Reaction,1,19,C,0.0015145435463637114,0.0005061489064246416,0.002020692452788353,PREDICTED
10,Skin_Reaction,1,20,O,-0.0370396226644516,-0.0006942307809367776,-0.03773385286331177,PREDICTED
10,Skin_Reaction,1,21,C,-0.060405366122722626,0.0011764912633225322,-0.05922887474298477,PREDICTED
10,Skin_Reaction,1,22,O,-0.021999817341566086,-0.007014391478151083,-0.029014209285378456,PREDICTED
10,Skin_Reaction,1,23,O,-0.008857401087880135,-0.00628300104290247,-0.015140402130782604,PREDICTED
10,Skin_Reaction,1,24,C,-0.053110212087631226,0.00012089766096323729,-0.05298931524157524,PREDICTED
10,DILI,1,0,C,-0.02192080020904541,-0.0012875339016318321,-0.023208335041999817,PREDICTED
10,DILI,1,1,C,-0.031572915613651276,0.017088837921619415,-0.01448407769203186,PREDICTED
10,DILI,1,2,C,0.05730428174138069,0.002995135262608528,0.06029941886663437,PREDICTED
10,DILI,1,3,C,-0.16352155804634094,-0.03104177489876747,-0.19456332921981812,PREDICTED
10,DILI,1,4,C,0.04008670523762703,0.03702324256300926,0.07710994780063629,PREDICTED
10,DILI,1,5,C,0.06272134184837341,0.027121908962726593,0.0898432508111,PREDICTED
10,DILI,1,6,C,0.0011627597268670797,0.007742972578853369,0.008905732072889805,PREDICTED
10,DILI,1,7,C,-0.0027393782511353493,0.005955840926617384,0.0032164626754820347,PREDICTED
10,DILI,1,8,C,0.05930248647928238,0.013461930677294731,0.07276441901922226,PREDICTED
10,DILI,1,9,C,0.09772173315286636,0.038827743381261826,0.1365494728088379,PREDICTED
10,DILI,1,10,O,0.007599272765219212,-0.006498141214251518,0.0011011315509676933,PREDICTED
10,DILI,1,11,C,-0.07513252645730972,-0.010178335011005402,-0.08531086146831512,PREDICTED
10,DILI,1,12,C,0.01764598861336708,0.01420370489358902,0.0318496935069561,PREDICTED
10,DILI,1,13,C,-0.07444168627262115,0.016504980623722076,-0.05793670564889908,PREDICTED
10,DILI,1,14,C,0.08358752727508545,0.015220720320940018,0.09880824387073517,PREDICTED
10,DILI,1,15,C,0.03566307947039604,0.01145210675895214,0.04711518436670303,PREDICTED
10,DILI,1,16,C,0.01749594137072563,0.014120997861027718,0.0316169410943985,PREDICTED
10,DILI,1,17,C,0.088721863925457,0.012714624404907227,0.10143648833036423,PREDICTED
10,DILI,1,18,C,0.029515352100133896,0.003479006700217724,0.032994359731674194,PREDICTED
10,DILI,1,19,C,-0.013941443525254726,0.006494815926998854,-0.007446627598255873,PREDICTED
10,DILI,1,20,O,0.018642455339431763,0.005798106547445059,0.02444056235253811,PREDICTED
10,DILI,1,21,C,0.010746495798230171,-0.0006786685553379357,0.010067827068269253,PREDICTED
10,DILI,1,22,O,-0.0973329171538353,-0.008142076432704926,-0.10547499358654022,PREDICTED
10,DILI,1,23,O,-0.057559214532375336,-0.0015807023737579584,-0.0591399185359478,PREDICTED
10,DILI,1,24,C,-0.02192080020904541,-0.0012875339016318321,-0.023208335041999817,PREDICTED
10,hERG,1,0,C,0.07441329210996628,-0.0005193172837607563,0.0738939717411995,PREDICTED
10,hERG,1,1,C,0.02952698990702629,-0.00543037848547101,0.024096611887216568,PREDICTED
10,hERG,1,2,C,-0.014687330462038517,-0.017494067549705505,-0.03218139708042145,PREDICTED
10,hERG,1,3,C,0.05344881862401962,-0.010586855001747608,0.04286196455359459,PREDICTED
10,hERG,1,4,C,-0.04339544475078583,0.03274882584810257,-0.010646618902683258,PREDICTED
10,hERG,1,5,C,0.0033172224648296833,0.012579068541526794,0.01589629054069519,PREDICTED
10,hERG,1,6,C,0.041290972381830215,0.01158211100846529,0.05287308245897293,PREDICTED
10,hERG,1,7,C,0.019452176988124847,0.009499801322817802,0.02895197831094265,PREDICTED
10,hERG,1,8,C,0.016555633395910263,0.030547305941581726,0.04710293933749199,PREDICTED
10,hERG,1,9,C,-0.0004409276880323887,0.04074464738368988,0.04030371829867363,PREDICTED
10,hERG,1,10,O,-0.017399899661540985,0.0010145879350602627,-0.016385311260819435,PREDICTED
10,hERG,1,11,C,0.02598481997847557,0.0065294778905808926,0.0325142964720726,PREDICTED
10,hERG,1,12,C,-0.006708481349050999,-0.0019132881425321102,-0.008621769025921822,PREDICTED
10,hERG,1,13,C,-0.0019985544495284557,-0.0005804300308227539,-0.0025789844803512096,PREDICTED
10,hERG,1,14,C,-0.07828973978757858,0.011635088361799717,-0.06665465235710144,PREDICTED
10,hERG,1,15,C,0.008107694797217846,0.013763226568698883,0.021870922297239304,PREDICTED
10,hERG,1,16,C,0.0537744015455246,0.006703764665871859,0.06047816574573517,PREDICTED
10,hERG,1,17,C,0.030310915783047676,0.00540583673864603,0.03571675345301628,PREDICTED
10,hERG,1,18,C,0.03921787440776825,0.005706051364541054,0.044923923909664154,PREDICTED
10,hERG,1,19,C,0.019440820440649986,0.011620639823377132,0.031061459332704544,PREDICTED
10,hERG,1,20,O,0.022319339215755463,0.00592124555259943,0.028240583837032318,PREDICTED
10,hERG,1,21,C,0.068184033036232,0.0011946725426241755,0.06937870383262634,PREDICTED
10,hERG,1,22,O,0.049969520419836044,-0.0015189878176897764,0.0484505333006382,PREDICTED
10,hERG,1,23,O,0.036983672529459,-0.006228721234947443,0.030754951760172844,PREDICTED
10,hERG,1,24,C,0.07441329210996628,-0.0005193172837607563,0.0738939717411995,PREDICTED
11,AMES,1,0,C,-0.12881574034690857,-0.006895430851727724,-0.1357111781835556,PREDICTED
11,AMES,1,1,C,-0.06371188163757324,0.02879795804619789,-0.03491392359137535,PREDICTED
11,AMES,1,2,C,-0.13006263971328735,0.03458698093891144,-0.09547565877437592,PREDICTED
11,AMES,1,3,C,-0.057444002479314804,0.047713108360767365,-0.00973089411854744,PREDICTED
11,AMES,1,4,C,-0.07278545200824738,0.07196918874979019,-0.0008162632584571838,PREDICTED
11,AMES,1,5,C,-0.11548776924610138,0.059353627264499664,-0.056134141981601715,PREDICTED
11,AMES,1,6,O,-0.04095841944217682,0.08044932037591934,0.03949090093374252,PREDICTED
11,AMES,1,7,C,-0.01687958650290966,0.0006735676433891058,-0.01620601862668991,PREDICTED
11,AMES,1,8,C,-0.011115252040326595,0.022962123155593872,0.011846871115267277,PREDICTED
11,AMES,1,9,C,-0.06532055884599686,0.059824008494615555,-0.005496550351381302,PREDICTED
11,AMES,1,10,C,0.04649696871638298,0.09179641306400299,0.13829338550567627,PREDICTED
11,AMES,1,11,O,0.07600647211074829,0.026841498911380768,0.10284797102212906,PREDICTED
11,AMES,1,12,C,-0.15428495407104492,0.020926062017679214,-0.133358895778656,PREDICTED
11,AMES,1,13,C,0.3319728970527649,0.003479158505797386,0.33545204997062683,PREDICTED
11,AMES,1,14,C,-0.21764501929283142,0.020627746358513832,-0.19701726734638214,PREDICTED
11,AMES,1,15,C,-0.10953297466039658,0.04042842239141464,-0.06910455226898193,PREDICTED
11,AMES,1,16,C,-0.088777557015419,0.022002477198839188,-0.06677508354187012,PREDICTED
11,AMES,1,17,C,0.05722785368561745,0.0436105951666832,0.10083845257759094,PREDICTED
11,AMES,1,18,C,0.07476704567670822,0.035410068929195404,0.11017711460590363,PREDICTED
11,AMES,1,19,C,-0.010814235545694828,0.00706508057191968,-0.0037491549737751484,PREDICTED
11,AMES,1,20,C,0.047072067856788635,0.035943653434515,0.08301572501659393,PREDICTED
11,AMES,1,21,O,0.03498535975813866,0.007409052923321724,0.04239441454410553,PREDICTED
11,AMES,1,22,C,-0.1446176916360855,-0.005785721354186535,-0.15040341019630432,PREDICTED
11,AMES,1,23,O,-0.2850807011127472,-0.039086852222681046,-0.32416754961013794,PREDICTED
11,AMES,1,24,C,-0.12881574034690857,-0.006895430851727724,-0.1357111781835556,PREDICTED
11,Skin_Reaction,1,0,C,-0.04791099950671196,0.00012735495693050325,-0.04778364300727844,PREDICTED
11,Skin_Reaction,1,1,C,0.0039169518277049065,-0.004148673731833696,-0.0002317219041287899,PREDICTED
11,Skin_Reaction,1,2,C,0.0013322897721081972,0.0023078233934938908,0.003640113165602088,PREDICTED
11,Skin_Reaction,1,3,C,0.0002598229330033064,0.0055814580991864204,0.0058412812650203705,PREDICTED
11,Skin_Reaction,1,4,C,0.0019728001207113266,0.00495594646781683,0.006928746588528156,PREDICTED
11,Skin_Reaction,1,5,C,-0.007128775119781494,0.0029428978450596333,-0.004185877274721861,PREDICTED
11,Skin_Reaction,1,6,O,-0.05170358344912529,0.0018953594844788313,-0.04980822280049324,PREDICTED
11,Skin_Reaction,1,7,C,0.014581253752112389,-9.03615728020668e-05,0.014490892179310322,PREDICTED
11,Skin_Reaction,1,8,C,-8.452354813925922e-05,0.00027428334578871727,0.00018975979764945805,PREDICTED
11,Skin_Reaction,1,9,C,-0.010244246572256088,0.004695546347647905,-0.005548700224608183,PREDICTED
11,Skin_Reaction,1,10,C,0.016695672646164894,0.0216545220464468,0.038350194692611694,PREDICTED
11,Skin_Reaction,1,11,O,-0.0603560134768486,0.001288929721340537,-0.05906708538532257,PREDICTED
11,Skin_Reaction,1,12,C,-0.007816705852746964,-0.005319382529705763,-0.013136088848114014,PREDICTED
11,Skin_Reaction,1,13,C,0.037775203585624695,-9.164749644696712e-05,0.03768355771899223,PREDICTED
11,Skin_Reaction,1,14,C,-0.0011695128632709384,-0.0049415649846196175,-0.006111077964305878,PREDICTED
11,Skin_Reaction,1,15,C,-0.019416458904743195,-0.0034137407783418894,-0.02283019945025444,PREDICTED
11,Skin_Reaction,1,16,C,-0.004868396557867527,-0.0034254607744514942,-0.008293857797980309,PREDICTED
11,Skin_Reaction,1,17,C,0.021354038268327713,0.0021303421817719936,0.023484380915760994,PREDICTED
11,Skin_Reaction,1,18,C,0.005244792439043522,0.0009759697131812572,0.006220762152224779,PREDICTED
11,Skin_Reaction,1,19,C,0.008765192702412605,0.0013976567424833775,0.010162848979234695,PREDICTED
11,Skin_Reaction,1,20,C,0.005825654603540897,-0.0011781773064285517,0.004647477529942989,PREDICTED
11,Skin_Reaction,1,21,O,-0.04251983016729355,0.0007059593917801976,-0.041813869029283524,PREDICTED
11,Skin_Reaction,1,22,C,-0.0686933845281601,0.0009889418724924326,-0.06770443916320801,PREDICTED
11,Skin_Reaction,1,23,O,-0.01572399213910103,-0.004286179319024086,-0.020010171458125114,PREDICTED
11,Skin_Reaction,1,24,C,-0.04791099950671196,0.00012735495693050325,-0.04778364300727844,PREDICTED
11,DILI,1,0,C,-0.028656380251049995,-0.0056274281814694405,-0.03428380936384201,PREDICTED
11,DILI,1,1,C,-0.005674235988408327,0.010928092524409294,0.005253856536000967,PREDICTED
11,DILI,1,2,C,-0.028510037809610367,-0.012997622601687908,-0.04150766134262085,PREDICTED
11,DILI,1,3,C,0.010096527636051178,-0.012420625425875187,-0.002324097789824009,PREDICTED
11,DILI,1,4,C,0.04036900773644447,0.013027656823396683,0.053396664559841156,PREDICTED
11,DILI,1,5,C,0.01070147380232811,0.026978716254234314,0.037680190056562424,PREDICTED
11,DILI,1,6,O,0.05120118334889412,0.04629931598901749,0.0975005030632019,PREDICTED
11,DILI,1,7,C,0.008043443784117699,-0.00044843892101198435,0.007595004979521036,PREDICTED
11,DILI,1,8,C,0.020014051347970963,0.008904102258384228,0.028918154537677765,PREDICTED
11,DILI,1,9,C,0.061891108751297,0.023525051772594452,0.08541616052389145,PREDICTED
11,DILI,1,10,C,0.11148960143327713,0.02527228742837906,0.1367618888616562,PREDICTED
11,DILI,1,11,O,0.01999852992594242,0.006000894587486982,0.02599942497909069,PREDICTED
11,DILI,1,12,C,-0.13487055897712708,0.008180677890777588,-0.1266898810863495,PREDICTED
11,DILI,1,13,C,0.01209644041955471,0.03238118067383766,0.04447761923074722,PREDICTED
11,DILI,1,14,C,-0.12817133963108063,0.032274872064590454,-0.09589646756649017,PREDICTED
11,DILI,1,15,C,0.04490203037858009,0.031206469982862473,0.07610850036144257,PREDICTED
11,DILI,1,16,C,0.052733346819877625,0.012208538129925728,0.0649418830871582,PREDICTED
11,DILI,1,17,C,0.018991371616721153,0.019045136868953705,0.03803651034832001,PREDICTED
11,DILI,1,18,C,0.10733659565448761,0.02211800590157509,0.1294545978307724,PREDICTED
11,DILI,1,19,C,0.030833650380373,0.004928371403366327,0.03576202318072319,PREDICTED
11,DILI,1,20,C,-0.020443394780158997,0.020553991198539734,0.0001105964183807373,PREDICTED
11,DILI,1,21,O,0.014323213137686253,0.007709130644798279,0.022032342851161957,PREDICTED
11,DILI,1,22,C,-0.001920013688504696,-0.0018572420813143253,-0.0037772557698190212,PREDICTED
11,DILI,1,23,O,-0.13607054948806763,-0.013450749218463898,-0.14952129125595093,PREDICTED
11,DILI,1,24,C,-0.028656380251049995,-0.0056274281814694405,-0.03428380936384201,PREDICTED
11,hERG,1,0,C,0.07713042944669724,0.003150444943457842,0.08028087764978409,PREDICTED
11,hERG,1,1,C,0.04949743673205376,0.0076589747332036495,0.057156410068273544,PREDICTED
11,hERG,1,2,C,0.014081900008022785,0.0009943842887878418,0.015076284296810627,PREDICTED
11,hERG,1,3,C,-0.039795950055122375,0.012207316234707832,-0.027588633820414543,PREDICTED
11,hERG,1,4,C,-0.03424198925495148,0.03551441803574562,0.0012724287807941437,PREDICTED
11,hERG,1,5,C,0.033721089363098145,0.008362173102796078,0.0420832633972168,PREDICTED
11,hERG,1,6,O,-0.08447436988353729,-0.0004232196370139718,-0.08489759266376495,PREDICTED
11,hERG,1,7,C,0.057456400245428085,0.007415379397571087,0.06487178057432175,PREDICTED
11,hERG,1,8,C,0.026962775737047195,0.017148520797491074,0.04411129653453827,PREDICTED
11,hERG,1,9,C,0.009255749173462391,0.03576360270380974,0.045019350945949554,PREDICTED
11,hERG,1,10,C,0.08076594024896622,0.03432916849851608,0.1150951087474823,PREDICTED
11,hERG,1,11,O,-0.0485670305788517,-0.00027992669492959976,-0.048846956342458725,PREDICTED
11,hERG,1,12,C,0.03987801820039749,0.007022407371550798,0.046900425106287,PREDICTED
11,hERG,1,13,C,0.01999497413635254,-0.00458684004843235,0.015408134087920189,PREDICTED
11,hERG,1,14,C,-0.014096822589635849,0.001041344366967678,-0.013055478222668171,PREDICTED
11,hERG,1,15,C,-0.08190421760082245,0.004567613359540701,-0.07733660191297531,PREDICTED
11,hERG,1,16,C,-0.003792952513322234,0.017849663272500038,0.01405671052634716,PREDICTED
11,hERG,1,17,C,0.06595241278409958,0.011495094746351242,0.07744750380516052,PREDICTED
11,hERG,1,18,C,0.02448670007288456,0.009079075418412685,0.03356577455997467,PREDICTED
11,hERG,1,19,C,0.04096274822950363,0.007072648964822292,0.0480353981256485,PREDICTED
11,hERG,1,20,C,0.03459742292761803,0.011317579075694084,0.04591500014066696,PREDICTED
11,hERG,1,21,O,0.018439428880810738,0.006289151031523943,0.024728579446673393,PREDICTED
11,hERG,1,22,C,0.07191629707813263,0.0009400206618010998,0.07285631448030472,PREDICTED
11,hERG,1,23,O,0.07603714615106583,0.00269061466678977,0.07872775942087173,PREDICTED
11,hERG,1,24,C,0.07713042944669724,0.003150444943457842,0.08028087764978409,PREDICTED
13,AMES,1,0,C,-0.16948862373828888,-0.0027285050600767136,-0.17221713066101074,PREDICTED
13,AMES,1,1,C,-0.014658736065030098,0.015258130617439747,0.0005993945524096489,PREDICTED
13,AMES,1,2,C,-0.14789976179599762,0.0027894265949726105,-0.1451103389263153,PREDICTED
13,AMES,1,3,O,0.1401808261871338,0.0063990820199251175,0.14657990634441376,PREDICTED
13,AMES,1,4,C,0.03983951732516289,0.029939383268356323,0.06977890431880951,PREDICTED
13,AMES,1,5,C,0.07223515212535858,0.01562953181564808,0.08786468207836151,PREDICTED
13,AMES,1,6,C,-0.06753700971603394,0.009149473160505295,-0.05838753655552864,PREDICTED
13,AMES,1,7,C,-0.020842930302023888,0.015614810399711132,-0.005228119902312756,PREDICTED
13,AMES,1,8,C,-0.08850458264350891,-0.0019069276750087738,-0.09041151404380798,PREDICTED
13,AMES,1,9,C,0.005209309980273247,0.02661721035838127,0.03182651847600937,PREDICTED
13,AMES,1,10,O,-0.23380137979984283,-0.040766600519418716,-0.27456799149513245,PREDICTED
13,AMES,1,11,C,0.03022623248398304,0.03516172990202904,0.06538796424865723,PREDICTED
13,AMES,1,12,C,0.022688178345561028,0.01625477522611618,0.03894295543432236,PREDICTED
13,AMES,1,13,C,0.039791565388441086,0.05815820023417473,0.09794976562261581,PREDICTED
13,AMES,1,14,C,0.051371749490499496,-0.007035441696643829,0.04433630779385567,PREDICTED
13,AMES,1,15,C,0.0057666064240038395,0.017131999135017395,0.022898605093359947,PREDICTED
13,AMES,1,16,C,-0.01587698981165886,0.01897696778178215,0.003099977970123291,PREDICTED
13,AMES,1,17,O,-0.24570828676223755,-0.043022990226745605,-0.28873127698898315,PREDICTED
13,AMES,1,18,O,-0.20636944472789764,-0.03772332891821861,-0.24409277737140656,PREDICTED
13,Skin_Reaction,1,0,C,0.004198279231786728,-0.007211779244244099,-0.0030135000124573708,PREDICTED
13,Skin_Reaction,1,1,C,0.040501199662685394,-0.003405757248401642,0.03709544241428375,PREDICTED
13,Skin_Reaction,1,2,C,0.002277939347550273,-0.006653790827840567,-0.004375851713120937,PREDICTED
13,Skin_Reaction,1,3,O,-0.007473786361515522,-0.00634107505902648,-0.013814860954880714,PREDICTED
13,Skin_Reaction,1,4,C,0.0069159045815467834,-0.004172112792730331,0.002743791788816452,PREDICTED
13,Skin_Reaction,1,5,C,0.025381026789546013,-0.005818165838718414,0.0195628609508276,PREDICTED
13,Skin_Reaction,1,6,C,-0.005431966856122017,-3.707432188093662e-05,-0.00546904094517231,PREDICTED
13,Skin_Reaction,1,7,C,0.007508428301662207,0.002451860811561346,0.009960289113223553,PREDICTED
13,Skin_Reaction,1,8,C,-0.006974419113248587,-0.009885260835289955,-0.01685968041419983,PREDICTED
13,Skin_Reaction,1,9,C,0.006124618463218212,0.000634451862424612,0.006759070325642824,PREDICTED
13,Skin_Reaction,1,10,O,-0.05853681266307831,-0.014430465176701546,-0.0729672759771347,PREDICTED
13,Skin_Reaction,1,11,C,-0.0069737788289785385,0.002377654891461134,-0.0045961239375174046,PREDICTED
13,Skin_Reaction,1,12,C,0.009978937916457653,-0.0038558272644877434,0.00612311065196991,PREDICTED
13,Skin_Reaction,1,13,C,0.019776780158281326,0.00913687888532877,0.02891365811228752,PREDICTED
13,Skin_Reaction,1,14,C,0.012403749860823154,-0.009908661246299744,0.002495088614523411,PREDICTED
13,Skin_Reaction,1,15,C,0.015347393229603767,0.002780481707304716,0.01812787540256977,PREDICTED
13,Skin_Reaction,1,16,C,-0.006875130347907543,0.0014473279006779194,-0.005427802447229624,PREDICTED
13,Skin_Reaction,1,17,O,-0.05408839136362076,-0.013945714570581913,-0.0680341050028801,PREDICTED
13,Skin_Reaction,1,18,O,-0.052852459251880646,-0.011615593917667866,-0.06446805596351624,PREDICTED
13,DILI,1,0,C,-0.07032351940870285,0.016696838662028313,-0.05362667888402939,PREDICTED
13,DILI,1,1,C,0.024930458515882492,0.0165537241846323,0.04148418456315994,PREDICTED
13,DILI,1,2,C,-0.05744078382849693,-0.011177238076925278,-0.06861802190542221,PREDICTED
13,DILI,1,3,O,0.039479099214076996,-0.01382393017411232,0.025655169039964676,PREDICTED
13,DILI,1,4,C,0.09550603479146957,-0.005558214150369167,0.08994781970977783,PREDICTED
13,DILI,1,5,C,0.08388617634773254,0.0028680888935923576,0.08675426244735718,PREDICTED
13,DILI,1,6,C,-0.0022691308986395597,0.003374794265255332,0.0011056633666157722,PREDICTED
13,DILI,1,7,C,0.014011216349899769,0.010651661083102226,0.02466287836432457,PREDICTED
13,DILI,1,8,C,0.059443652629852295,0.0052679553627967834,0.06471160799264908,PREDICTED
13,DILI,1,9,C,0.005760072264820337,0.007346232887357473,0.01310630515217781,PREDICTED
13,DILI,1,10,O,-0.13644956052303314,-0.011636943556368351,-0.14808650314807892,PREDICTED
13,DILI,1,11,C,0.1105809286236763,0.008274110034108162,0.11885503679513931,PREDICTED
13,DILI,1,12,C,0.09202872216701508,-0.0015088869258761406,0.09051983803510666,PREDICTED
13,DILI,1,13,C,-0.013408822938799858,0.019205229356884956,0.005796406418085098,PREDICTED
13,DILI,1,14,C,0.10558819770812988,0.006300658918917179,0.11188885569572449,PREDICTED
13,DILI,1,15,C,0.009069636464118958,0.0060790181159973145,0.015148654580116272,PREDICTED
13,DILI,1,16,C,-0.02608809992671013,0.003352613653987646,-0.022735485807061195,PREDICTED
13,DILI,1,17,O,-0.11182433366775513,-0.00965318363159895,-0.12147751450538635,PREDICTED
13,DILI,1,18,O,-0.12780126929283142,-0.012406089343130589,-0.14020736515522003,PREDICTED
13,hERG,1,0,C,0.03586152195930481,-0.0008231336250901222,0.03503838926553726,PREDICTED
13,hERG,1,1,C,0.02766875922679901,-0.00032517523504793644,0.02734358422458172,PREDICTED
13,hERG,1,2,C,0.04939777031540871,-0.0028454724233597517,0.04655229672789574,PREDICTED
13,hERG,1,3,O,0.0218809824436903,-0.00527532072737813,0.016605662181973457,PREDICTED
13,hERG,1,4,C,0.05043989419937134,0.0030573741532862186,0.05349726974964142,PREDICTED
13,hERG,1,5,C,0.07124479860067368,0.005550167057663202,0.07679496705532074,PREDICTED
13,hERG,1,6,C,0.01775454729795456,0.005374763626605272,0.023129310458898544,PREDICTED
13,hERG,1,7,C,0.03404806926846504,0.008583991788327694,0.04263206198811531,PREDICTED
13,hERG,1,8,C,0.028664080426096916,-0.004775519482791424,0.023888561874628067,PREDICTED
13,hERG,1,9,C,0.03567542880773544,0.005785923916846514,0.04146135225892067,PREDICTED
13,hERG,1,10,O,-0.06292877346277237,-0.015565985813736916,-0.07849475741386414,PREDICTED
13,hERG,1,11,C,-0.04623459279537201,0.0078007872216403484,-0.038433805108070374,PREDICTED
13,hERG,1,12,C,0.03505704551935196,0.007578213233500719,0.04263525828719139,PREDICTED
13,hERG,1,13,C,0.0421132855117321,0.011190339922904968,0.05330362543463707,PREDICTED
13,hERG,1,14,C,0.03159096837043762,-0.00215884018689394,0.029432129114866257,PREDICTED
13,hERG,1,15,C,0.03420776128768921,0.007909808307886124,0.04211756959557533,PREDICTED
13,hERG,1,16,C,0.012665973976254463,0.0075015658512711525,0.02016754075884819,PREDICTED
13,hERG,1,17,O,-0.02688206546008587,-0.010790291242301464,-0.03767235577106476,PREDICTED
13,hERG,1,18,O,0.002781802788376808,-0.004424115177243948,-0.0016423123888671398,PREDICTED
14,AMES,1,0,C,-0.06821863353252411,0.00020987738389521837,-0.06800875812768936,PREDICTED
14,AMES,1,1,C,-0.08783184736967087,0.016987977549433708,-0.07084386795759201,PREDICTED
14,AMES,1,2,C,-0.12466110289096832,-0.0015477524138987064,-0.1262088567018509,PREDICTED
14,AMES,1,3,C,-0.06413779407739639,-0.02915465459227562,-0.09329244494438171,PREDICTED
14,AMES,1,4,C,-0.06038135662674904,0.08366318792104721,0.023281831294298172,PREDICTED
14,AMES,1,5,C,-0.05815930292010307,0.02905433252453804,-0.029104970395565033,PREDICTED
14,AMES,1,6,C,0.012366605922579765,0.022035647183656693,0.03440225124359131,PREDICTED
14,AMES,1,7,C,-0.03252749890089035,0.014452067203819752,-0.018075432628393173,PREDICTED
14,AMES,1,8,C,-0.059926837682724,0.03658813238143921,-0.02333870530128479,PREDICTED
14,AMES,1,9,C,0.015198308043181896,0.08517339825630188,0.10037170350551605,PREDICTED
14,AMES,1,10,O,0.053718358278274536,0.009586566127836704,0.06330492347478867,PREDICTED
14,AMES,1,11,C,-0.08001494407653809,0.0019924817606806755,-0.07802246510982513,PREDICTED
14,AMES,1,12,C,0.1900252252817154,-0.005738217383623123,0.18428701162338257,PREDICTED
14,AMES,1,13,C,-0.13320906460285187,0.007779009640216827,-0.12543004751205444,PREDICTED
14,AMES,1,14,C,0.024605046957731247,0.023455513641238213,0.04806055873632431,PREDICTED
14,AMES,1,15,C,-0.004731392487883568,0.01142944023013115,0.0066980477422475815,PREDICTED
14,AMES,1,16,C,0.04064011573791504,0.04797773435711861,0.08861784636974335,PREDICTED
14,AMES,1,17,C,0.01262705959379673,0.00016506575047969818,0.012792125344276428,PREDICTED
14,AMES,1,18,C,-0.0011082141427323222,0.0175276268273592,0.016419412568211555,PREDICTED
14,AMES,1,19,C,-0.018892686814069748,0.01740849018096924,-0.0014841966331005096,PREDICTED
14,AMES,1,20,O,-0.17540448904037476,-0.03194969892501831,-0.20735418796539307,PREDICTED
14,AMES,1,21,O,-0.2024555802345276,-0.034008026123046875,-0.23646360635757446,PREDICTED
14,AMES,1,22,O,-0.16797421872615814,-0.024722550064325333,-0.19269676506519318,PREDICTED
14,AMES,1,23,C,-0.06821863353252411,0.00020987738389521837,-0.06800875812768936,PREDICTED
14,Skin_Reaction,1,0,C,-0.05501528084278107,-8.26746691018343e-05,-0.05509795621037483,PREDICTED
14,Skin_Reaction,1,1,C,0.011870169080793858,0.005371298640966415,0.0172414667904377,PREDICTED
14,Skin_Reaction,1,2,C,0.033935174345970154,-0.00047694495879113674,0.03345822915434837,PREDICTED
14,Skin_Reaction,1,3,C,0.018374398350715637,-0.006864988245069981,0.011509410105645657,PREDICTED
14,Skin_Reaction,1,4,C,-0.015521418303251266,0.013124297372996807,-0.0023971209302544594,PREDICTED
14,Skin_Reaction,1,5,C,-0.006406472064554691,-0.0014732033014297485,-0.00787967536598444,PREDICTED
14,Skin_Reaction,1,6,C,0.015308422036468983,0.0031442567706108093,0.018452677875757217,PREDICTED
14,Skin_Reaction,1,7,C,-0.0034929881803691387,0.00010085315443575382,-0.003392135025933385,PREDICTED
14,Skin_Reaction,1,8,C,0.002488787518814206,0.005106283351778984,0.0075950706377625465,PREDICTED
14,Skin_Reaction,1,9,C,-0.001782317296601832,0.01653265953063965,0.014750341884791851,PREDICTED
14,Skin_Reaction,1,10,O,-0.04446118324995041,-0.004004079382866621,-0.04846526309847832,PREDICTED
14,Skin_Reaction,1,11,C,0.010622352361679077,-0.006307497154921293,0.004314855206757784,PREDICTED
14,Skin_Reaction,1,12,C,0.04500679299235344,0.0006905634654685855,0.04569735750555992,PREDICTED
14,Skin_Reaction,1,13,C,0.012848894111812115,-0.001741322223097086,0.011107571423053741,PREDICTED
14,Skin_Reaction,1,14,C,-0.01432385016232729,9.049318032339215e-05,-0.014233357273042202,PREDICTED
14,Skin_Reaction,1,15,C,0.006582521367818117,-0.006864682771265507,-0.0002821614034473896,PREDICTED
14,Skin_Reaction,1,16,C,0.017754871398210526,0.005870578810572624,0.02362545020878315,PREDICTED
14,Skin_Reaction,1,17,C,0.008585352450609207,-0.010758524760603905,-0.0021731723099946976,PREDICTED
14,Skin_Reaction,1,18,C,0.01575290970504284,0.002746802754700184,0.018499713391065598,PREDICTED
14,Skin_Reaction,1,19,C,-0.008198866620659828,0.00012212857836857438,-0.008076737634837627,PREDICTED
14,Skin_Reaction,1,20,O,-0.049552544951438904,-0.013233667239546776,-0.06278621405363083,PREDICTED
14,Skin_Reaction,1,21,O,-0.055171843618154526,-0.011020910926163197,-0.06619275361299515,PREDICTED
14,Skin_Reaction,1,22,O,-0.03544902056455612,-0.009846852160990238,-0.045295871794223785,PREDICTED
14,Skin_Reaction,1,23,C,-0.05501528084278107,-8.26746691018343e-05,-0.05509795621037483,PREDICTED
14,DILI,1,0,C,-0.025928983464837074,-0.0007315399125218391,-0.026660524308681488,PREDICTED
14,DILI,1,1,C,-0.013485439121723175,0.017007289454340935,0.0035218503326177597,PREDICTED
14,DILI,1,2,C,0.060094770044088364,0.005479220300912857,0.06557399034500122,PREDICTED
14,DILI,1,3,C,-0.14551250636577606,-0.025977257639169693,-0.17148976027965546,PREDICTED
14,DILI,1,4,C,0.0408506765961647,0.02863340452313423,0.06948408484458923,PREDICTED
14,DILI,1,5,C,0.06070482358336449,0.01809903234243393,0.07880385220050812,PREDICTED
14,DILI,1,6,C,0.006658954545855522,0.010676233097910881,0.017335187643766403,PREDICTED
14,DILI,1,7,C,0.0017618266865611076,0.006258151028305292,0.008019978180527687,PREDICTED
14,DILI,1,8,C,0.08554886281490326,0.0032999031245708466,0.0888487696647644,PREDICTED
14,DILI,1,9,C,0.09293332695960999,0.026783592998981476,0.11971691995859146,PREDICTED
14,DILI,1,10,O,0.010070176795125008,-0.010727237910032272,-0.0006570611149072647,PREDICTED
14,DILI,1,11,C,-0.0592203326523304,-0.0073876455426216125,-0.06660798192024231,PREDICTED
14,DILI,1,12,C,0.0051763104274868965,0.019005557522177696,0.024181868880987167,PREDICTED
14,DILI,1,13,C,-0.05598700791597366,0.0066781360656023026,-0.04930887371301651,PREDICTED
14,DILI,1,14,C,0.10889136046171188,0.009546112269163132,0.11843746900558472,PREDICTED
14,DILI,1,15,C,0.08364780992269516,-0.002858194522559643,0.08078961819410324,PREDICTED
14,DILI,1,16,C,-0.007510174065828323,0.01593681238591671,0.008426638320088387,PREDICTED
14,DILI,1,17,C,0.09500148892402649,0.007682052440941334,0.10268354415893555,PREDICTED
14,DILI,1,18,C,0.007562602404505014,0.006234604865312576,0.013797206804156303,PREDICTED
14,DILI,1,19,C,-0.03115721419453621,0.003607786726206541,-0.02754942700266838,PREDICTED
14,DILI,1,20,O,-0.0758068859577179,-0.006107512395828962,-0.08191439509391785,PREDICTED
14,DILI,1,21,O,-0.10059063881635666,-0.011238770559430122,-0.11182940751314163,PREDICTED
14,DILI,1,22,O,-0.09835738688707352,-0.0075030941516160965,-0.10586047917604446,PREDICTED
14,DILI,1,23,C,-0.025928983464837074,-0.0007315399125218391,-0.026660524308681488,PREDICTED
14,hERG,1,0,C,0.06906004995107651,0.00015045935288071632,0.06921050697565079,PREDICTED
14,hERG,1,1,C,0.04569268226623535,-0.0009837700054049492,0.04470891132950783,PREDICTED
14,hERG,1,2,C,0.012586194090545177,-0.01223925780504942,0.00034693628549575806,PREDICTED
14,hERG,1,3,C,0.032734163105487823,-0.01031775213778019,0.022416410967707634,PREDICTED
14,hERG,1,4,C,-0.0396709181368351,0.02741190232336521,-0.012259015813469887,PREDICTED
14,hERG,1,5,C,0.006678423378616571,0.006105800159275532,0.01278422400355339,PREDICTED
14,hERG,1,6,C,0.04390541464090347,0.01342984102666378,0.0573352575302124,PREDICTED
14,hERG,1,7,C,0.023868750780820847,0.008841621689498425,0.032710373401641846,PREDICTED
14,hERG,1,8,C,0.00891670398414135,0.024205520749092102,0.0331222265958786,PREDICTED
14,hERG,1,9,C,0.00313353119418025,0.03146739676594734,0.03460092842578888,PREDICTED
14,hERG,1,10,O,-0.010913798585534096,0.005228793248534203,-0.005685005336999893,PREDICTED
14,hERG,1,11,C,0.03198738396167755,0.007161213085055351,0.03914859890937805,PREDICTED
14,hERG,1,12,C,0.062064819037914276,-0.007906774058938026,0.0541580468416214,PREDICTED
14,hERG,1,13,C,0.013347458094358444,0.001068484503775835,0.014415942132472992,PREDICTED
14,hERG,1,14,C,-0.0887778252363205,0.004464656114578247,-0.08431316912174225,PREDICTED
14,hERG,1,15,C,0.01906624063849449,0.010876626707613468,0.029942866414785385,PREDICTED
14,hERG,1,16,C,0.04213191568851471,0.011551527306437492,0.05368344485759735,PREDICTED
14,hERG,1,17,C,0.01677010767161846,-0.0013090651482343674,0.015461042523384094,PREDICTED
14,hERG,1,18,C,0.028892677277326584,0.00870343204587698,0.03759611025452614,PREDICTED
14,hERG,1,19,C,0.011961575597524643,0.008669072762131691,0.020630648359656334,PREDICTED
14,hERG,1,20,O,-0.016139324754476547,-0.010849786922335625,-0.026989111676812172,PREDICTED
14,hERG,1,21,O,0.028168343007564545,-0.001317798625677824,0.026850543916225433,PREDICTED
14,hERG,1,22,O,-0.026202965527772903,-0.012772555463016033,-0.03897552192211151,PREDICTED
14,hERG,1,23,C,0.06906004995107651,0.00015045935288071632,0.06921050697565079,PREDICTED
15,AMES,1,0,C,-0.11505557596683502,-0.005950947292149067,-0.12100652605295181,PREDICTED
15,AMES,1,1,C,-0.04803556948900223,0.026795634999871254,-0.021239934489130974,PREDICTED
15,AMES,1,2,C,-0.1199343353509903,0.029040399938821793,-0.0908939391374588,PREDICTED
15,AMES,1,3,C,-0.053299739956855774,0.04081524908542633,-0.012484490871429443,PREDICTED
15,AMES,1,4,C,-0.062645822763443,0.06130310520529747,-0.001342717558145523,PREDICTED
15,AMES,1,5,C,-0.10960161685943604,0.0492631271481514,-0.06033848971128464,PREDICTED
15,AMES,1,6,O,-0.024117426946759224,0.07141746580600739,0.04730004072189331,PREDICTED
15,AMES,1,7,C,-0.02477502077817917,-0.0018951061647385359,-0.026670126244425774,PREDICTED
15,AMES,1,8,C,-0.013709666207432747,0.0190080925822258,0.005298426374793053,PREDICTED
15,AMES,1,9,C,-0.04074466973543167,0.046833038330078125,0.006088368594646454,PREDICTED
15,AMES,1,10,C,0.033680424094200134,0.07211098074913025,0.10579140484333038,PREDICTED
15,AMES,1,11,O,0.08338843286037445,0.018453769385814667,0.10184220224618912,PREDICTED
15,AMES,1,12,C,-0.13522541522979736,0.015519232489168644,-0.1197061836719513,PREDICTED
15,AMES,1,13,C,0.28622153401374817,-0.0002274913713335991,0.2859940528869629,PREDICTED
15,AMES,1,14,C,-0.1894035041332245,0.014501882717013359,-0.17490161955356598,PREDICTED
15,AMES,1,15,C,-0.08192214369773865,0.027825379744172096,-0.0540967658162117,PREDICTED
15,AMES,1,16,C,-0.006215677596628666,0.009646154940128326,0.0034304773434996605,PREDICTED
15,AMES,1,17,C,0.0429609939455986,0.05944222956895828,0.10240322351455688,PREDICTED
15,AMES,1,18,C,0.03899534046649933,0.0038510598242282867,0.042846400290727615,PREDICTED
15,AMES,1,19,C,0.00017666845815256238,0.0222737118601799,0.02245038002729416,PREDICTED
15,AMES,1,20,C,0.00874200090765953,0.03781723603606224,0.04655923694372177,PREDICTED
15,AMES,1,21,O,-0.200760155916214,-0.03675364702939987,-0.23751381039619446,PREDICTED
15,AMES,1,22,O,-0.2910425364971161,-0.04646413028240204,-0.33750665187835693,PREDICTED
15,AMES,1,23,C,-0.11505557596683502,-0.005950947292149067,-0.12100652605295181,PREDICTED
15,Skin_Reaction,1,0,C,-0.04351884126663208,0.00013078875781502575,-0.04338805377483368,PREDICTED
15,Skin_Reaction,1,1,C,0.011180355213582516,-0.004338317550718784,0.006842037662863731,PREDICTED
15,Skin_Reaction,1,2,C,0.002892554271966219,0.0005745928501710296,0.0034671472385525703,PREDICTED
15,Skin_Reaction,1,3,C,0.0008841099333949387,0.004061245359480381,0.0049453554674983025,PREDICTED
15,Skin_Reaction,1,4,C,0.0031336438842117786,0.0033805295825004578,0.006514173466712236,PREDICTED
15,Skin_Reaction,1,5,C,-0.0044905561953783035,0.0002946159802377224,-0.004195940215140581,PREDICTED
15,Skin_Reaction,1,6,O,-0.04252010956406593,0.00013005273649469018,-0.04239005595445633,PREDICTED
15,Skin_Reaction,1,7,C,0.012704269029200077,-0.0006866902112960815,0.012017578817903996,PREDICTED
15,Skin_Reaction,1,8,C,-8.384761167690158e-05,0.0001313940156251192,4.754640394821763e-05,PREDICTED
15,Skin_Reaction,1,9,C,-5.37147861905396e-05,0.0024390914477407932,0.0023853767197579145,PREDICTED
15,Skin_Reaction,1,10,C,0.015749135985970497,0.016018683090806007,0.031767819076776505,PREDICTED
15,Skin_Reaction,1,11,O,-0.05107053369283676,-0.001900465227663517,-0.052970997989177704,PREDICTED
15,Skin_Reaction,1,12,C,0.006657051388174295,-0.0076158661395311356,-0.0009588147513568401,PREDICTED
15,Skin_Reaction,1,13,C,0.0356612466275692,-0.0025545377284288406,0.03310670703649521,PREDICTED
15,Skin_Reaction,1,14,C,0.013664187863469124,-0.006433871574699879,0.007230316288769245,PREDICTED
15,Skin_Reaction,1,15,C,-0.014280700124800205,-0.0036468314938247204,-0.01792753115296364,PREDICTED
15,Skin_Reaction,1,16,C,-0.006908997427672148,-0.007575862109661102,-0.014484860002994537,PREDICTED
15,Skin_Reaction,1,17,C,0.020730003714561462,0.005399610847234726,0.02612961456179619,PREDICTED
15,Skin_Reaction,1,18,C,0.00814055185765028,-0.008780337870121002,-0.0006397860124707222,PREDICTED
15,Skin_Reaction,1,19,C,0.014030756428837776,0.0026149095501750708,0.01664566621184349,PREDICTED
15,Skin_Reaction,1,20,C,-0.003310800064355135,0.00016278389375656843,-0.0031480160541832447,PREDICTED
15,Skin_Reaction,1,21,O,-0.035722196102142334,-0.011081233620643616,-0.04680342972278595,PREDICTED
15,Skin_Reaction,1,22,O,-0.048155777156353,-0.009953604079782963,-0.058109380304813385,PREDICTED
15,Skin_Reaction,1,23,C,-0.04351884126663208,0.00013078875781502575,-0.04338805377483368,PREDICTED
15,DILI,1,0,C,-0.02897360920906067,-0.005022089928388596,-0.033995699137449265,PREDICTED
15,DILI,1,1,C,0.0051032304763793945,0.008997874334454536,0.014101104810833931,PREDICTED
15,DILI,1,2,C,-0.020352570340037346,-0.013625290244817734,-0.03397785872220993,PREDICTED
15,DILI,1,3,C,0.01841522939503193,-0.013250657357275486,0.005164572037756443,PREDICTED
15,DILI,1,4,C,0.045189566910266876,0.006015135906636715,0.051204703748226166,PREDICTED
15,DILI,1,5,C,0.012504356913268566,0.01877482235431671,0.03127918019890785,PREDICTED
15,DILI,1,6,O,0.060369741171598434,0.03943414241075516,0.0998038798570633,PREDICTED
15,DILI,1,7,C,0.005035641603171825,-0.0023433049209415913,0.002692336682230234,PREDICTED
15,DILI,1,8,C,0.019699323922395706,0.006777029484510422,0.026476353406906128,PREDICTED
15,DILI,1,9,C,0.07503392547369003,0.014839821495115757,0.08987374603748322,PREDICTED
15,DILI,1,10,C,0.09549606591463089,0.013210669159889221,0.10870673507452011,PREDICTED
15,DILI,1,11,O,0.03370640054345131,0.0015582675114274025,0.03526466712355614,PREDICTED
15,DILI,1,12,C,-0.1090223640203476,0.0041604964062571526,-0.10486187040805817,PREDICTED
15,DILI,1,13,C,0.024264847859740257,0.028759045526385307,0.053023893386125565,PREDICTED
15,DILI,1,14,C,-0.09805431962013245,0.026603441685438156,-0.07145087420940399,PREDICTED
15,DILI,1,15,C,0.08491525053977966,0.0288101639598608,0.11372541636228561,PREDICTED
15,DILI,1,16,C,0.0893310159444809,0.0007602907717227936,0.09009130299091339,PREDICTED
15,DILI,1,17,C,-0.015733567997813225,0.02135738544166088,0.005623817443847656,PREDICTED
15,DILI,1,18,C,0.11535202711820602,0.012848488055169582,0.12820051610469818,PREDICTED
15,DILI,1,19,C,0.00328975822776556,0.007255693897604942,0.010545452125370502,PREDICTED
15,DILI,1,20,C,-0.03191770985722542,0.020928271114826202,-0.010989438742399216,PREDICTED
15,DILI,1,21,O,-0.08918262273073196,-0.007096708752214909,-0.0962793305516243,PREDICTED
15,DILI,1,22,O,-0.1394454836845398,-0.016469519585371017,-0.1559150069952011,PREDICTED
15,DILI,1,23,C,-0.02897360920906067,-0.005022089928388596,-0.033995699137449265,PREDICTED
15,hERG,1,0,C,0.07843468338251114,0.003335103392601013,0.08176978677511215,PREDICTED
15,hERG,1,1,C,0.05614323541522026,0.007182511035352945,0.06332574784755707,PREDICTED
15,hERG,1,2,C,0.020907964557409286,-0.0016059568151831627,0.01930200681090355,PREDICTED
15,hERG,1,3,C,-0.03233633190393448,0.007621339987963438,-0.024714991450309753,PREDICTED
15,hERG,1,4,C,-0.02867182344198227,0.029548872262239456,0.0008770488202571869,PREDICTED
15,hERG,1,5,C,0.027092549949884415,0.004573801998049021,0.0316663533449173,PREDICTED
15,hERG,1,6,O,-0.07798990607261658,-0.003234640695154667,-0.08122454583644867,PREDICTED
15,hERG,1,7,C,0.05669445917010307,0.006667700596153736,0.06336215883493423,PREDICTED
15,hERG,1,8,C,0.028783680871129036,0.015222948044538498,0.04400663077831268,PREDICTED
15,hERG,1,9,C,0.01588302105665207,0.03071112558245659,0.04659414663910866,PREDICTED
15,hERG,1,10,C,0.0713772177696228,0.026216275990009308,0.09759349375963211,PREDICTED
15,hERG,1,11,O,-0.04946356266736984,-0.003407416632398963,-0.0528709776699543,PREDICTED
15,hERG,1,12,C,0.04948722571134567,0.004881513305008411,0.05436873808503151,PREDICTED
15,hERG,1,13,C,0.012784037739038467,-0.005513802636414766,0.007270235102623701,PREDICTED
15,hERG,1,14,C,0.0037380363792181015,0.0006723734550178051,0.004410409834235907,PREDICTED
15,hERG,1,15,C,-0.08189994841814041,0.00035241013392806053,-0.08154753595590591,PREDICTED
15,hERG,1,16,C,0.013324549421668053,0.011842088773846626,0.02516663819551468,PREDICTED
15,hERG,1,17,C,0.05004819482564926,0.012846448458731174,0.06289464235305786,PREDICTED
15,hERG,1,18,C,0.012955591082572937,0.0025949892587959766,0.015550579875707626,PREDICTED
15,hERG,1,19,C,0.022031037136912346,0.006000348832458258,0.02803138643503189,PREDICTED
15,hERG,1,20,C,0.022267263382673264,0.00752196554094553,0.02978922799229622,PREDICTED
15,hERG,1,21,O,0.03718908131122589,-0.005586146842688322,0.03160293400287628,PREDICTED
15,hERG,1,22,O,0.06164543703198433,0.0018113073892891407,0.06345674395561218,PREDICTED
15,hERG,1,23,C,0.07843468338251114,0.003335103392601013,0.08176978677511215,PREDICTED
9,AMES,2,0,C,-0.04763849079608917,0.0052504222840070724,-0.04238806664943695,PREDICTED
9,AMES,2,1,O,-0.03699450567364693,0.0018934495747089386,-0.03510105609893799,PREDICTED
9,AMES,2,2,C,0.02385159768164158,-0.0029579754918813705,0.020893622189760208,PREDICTED
9,AMES,2,3,C,-0.035553716123104095,0.005417743697762489,-0.030135972425341606,PREDICTED
9,AMES,2,4,C,0.0585051067173481,-0.020122136920690536,0.03838296979665756,PREDICTED
9,AMES,2,5,C,-0.004040677100419998,0.002988524502143264,-0.0010521525982767344,PREDICTED
9,AMES,2,6,C,-0.029619507491588593,-0.0026207242626696825,-0.03224023059010506,PREDICTED
9,AMES,2,7,C,-0.039889201521873474,0.008641510270535946,-0.031247690320014954,PREDICTED
9,AMES,2,8,C,-0.10472603142261505,-0.00832892395555973,-0.11305495351552963,PREDICTED
9,AMES,2,9,C,-0.1129436045885086,-0.0033383662812411785,-0.11628197133541107,PREDICTED
9,AMES,2,10,C,0.13823208212852478,-0.029357699677348137,0.1088743805885315,PREDICTED
9,AMES,2,11,C,0.07198547571897507,-0.03688473999500275,0.03510073572397232,PREDICTED
9,AMES,2,12,C,-0.04660950228571892,-0.027004070580005646,-0.07361356914043427,PREDICTED
9,AMES,2,13,C,-0.026346789672970772,-0.028563441708683968,-0.05491023138165474,PREDICTED
9,AMES,2,14,C,-0.07826360315084457,-0.004724584985524416,-0.0829881876707077,PREDICTED
9,AMES,2,15,C,-0.019640231505036354,-0.008865251205861568,-0.028505481779575348,PREDICTED
9,AMES,2,16,O,-0.04939050227403641,-0.02551683597266674,-0.0749073401093483,PREDICTED
9,AMES,2,17,O,0.2879025638103485,-0.011050033383071423,0.2768525183200836,PREDICTED
9,AMES,2,18,C,-0.07080212235450745,-0.037745166569948196,-0.10854728519916534,PREDICTED
9,AMES,2,19,O,-0.1371830701828003,-0.029976820573210716,-0.16715988516807556,PREDICTED
9,Skin_Reaction,2,0,C,-0.05276074633002281,1.4883233234286308e-05,-0.05274586379528046,PREDICTED
9,Skin_Reaction,2,1,O,-0.04924840107560158,-0.00012511981185525656,-0.04937352240085602,PREDICTED
9,Skin_Reaction,2,2,C,-0.01571010984480381,-0.00011688331142067909,-0.015826992690563202,PREDICTED
9,Skin_Reaction,2,3,C,0.0010941544314846396,0.0023667016066610813,0.003460856154561043,PREDICTED
9,Skin_Reaction,2,4,C,0.01021941751241684,0.00030790921300649643,0.010527326725423336,PREDICTED
9,Skin_Reaction,2,5,C,0.003109993878751993,-0.0013735895045101643,0.001736404374241829,PREDICTED
9,Skin_Reaction,2,6,C,-0.008760507218539715,-0.0008168367203325033,-0.009577344171702862,PREDICTED
9,Skin_Reaction,2,7,C,0.0020888776052743196,0.0020040287636220455,0.004092906601727009,PREDICTED
9,Skin_Reaction,2,8,C,-0.004755892790853977,0.00336062372662127,-0.001395269064232707,PREDICTED
9,Skin_Reaction,2,9,C,0.0033016123343259096,0.008841835893690586,0.012143447995185852,PREDICTED
9,Skin_Reaction,2,10,C,-0.011064080521464348,-0.002481041243299842,-0.013545121997594833,PREDICTED
9,Skin_Reaction,2,11,C,0.0012893478851765394,-0.008921514265239239,-0.007632166147232056,PREDICTED
9,Skin_Reaction,2,12,C,0.005673702340573072,-0.0024556047283113003,0.003218097612261772,PREDICTED
9,Skin_Reaction,2,13,C,1.9170111045241356e-06,0.0022393628023564816,0.0022412799298763275,PREDICTED
9,Skin_Reaction,2,14,C,0.006936421152204275,0.0022439563181251287,0.00918037723749876,PREDICTED
9,Skin_Reaction,2,15,C,0.01216648705303669,-0.0028790337964892387,0.009287453256547451,PREDICTED
9,Skin_Reaction,2,16,O,-0.02702157199382782,-0.0021133581176400185,-0.029134929180145264,PREDICTED
9,Skin_Reaction,2,17,O,-0.018606897443532944,-0.0014610299840569496,-0.02006792649626732,PREDICTED
9,Skin_Reaction,2,18,C,0.009980297647416592,-0.002388038206845522,0.00759225944057107,PREDICTED
9,Skin_Reaction,2,19,O,-0.030737942084670067,-0.003282013349235058,-0.03401995450258255,PREDICTED
9,DILI,2,0,C,-0.0033202909398823977,0.0009725827258080244,-0.0023477082140743732,PREDICTED
9,DILI,2,1,O,0.027146853506565094,0.004683879669755697,0.03183073177933693,PREDICTED
9,DILI,2,2,C,0.07622548192739487,-0.00906334724277258,0.06716213375329971,PREDICTED
9,DILI,2,3,C,0.0037077064625918865,-0.003988231532275677,-0.0002805250696837902,PREDICTED
9,DILI,2,4,C,0.06451860070228577,0.010508952662348747,0.07502755522727966,PREDICTED
9,DILI,2,5,C,0.06593358516693115,0.01080644503235817,0.07674002647399902,PREDICTED
9,DILI,2,6,C,-0.013406241312623024,0.0016458857571706176,-0.011760355904698372,PREDICTED
9,DILI,2,7,C,0.011925549246370792,-0.007190094329416752,0.0047354549169540405,PREDICTED
9,DILI,2,8,C,-0.051233526319265366,0.0013688458129763603,-0.04986467957496643,PREDICTED
9,DILI,2,9,C,-0.08670295774936676,0.003034050576388836,-0.08366890996694565,PREDICTED
9,DILI,2,10,C,0.11827350407838821,-0.021143628284335136,0.09712987393140793,PREDICTED
9,DILI,2,11,C,0.08483853191137314,-0.04382771998643875,0.04101081192493439,PREDICTED
9,DILI,2,12,C,-0.007706808857619762,-0.012543759308755398,-0.02025056816637516,PREDICTED
9,DILI,2,13,C,0.06428956985473633,-0.002601318061351776,0.06168825179338455,PREDICTED
9,DILI,2,14,C,0.007158659398555756,0.003707112744450569,0.010865772143006325,PREDICTED
9,DILI,2,15,C,-0.0006211253348737955,0.0023556186351925135,0.001734493300318718,PREDICTED
9,DILI,2,16,O,-0.011239834129810333,-0.0020522940903902054,-0.013292128220200539,PREDICTED
9,DILI,2,17,O,0.11257904767990112,-0.02540070191025734,0.08717834949493408,PREDICTED
9,DILI,2,18,C,-0.049033284187316895,-0.01598280295729637,-0.06501609086990356,PREDICTED
9,DILI,2,19,O,-0.016247790306806564,0.000709819607436657,-0.015537970699369907,PREDICTED
9,hERG,2,0,C,0.06954598426818848,0.006774471141397953,0.07632045447826385,PREDICTED
9,hERG,2,1,O,-0.0059257918037474155,0.010883656330406666,0.00495786452665925,PREDICTED
9,hERG,2,2,C,0.03137192875146866,0.010764509439468384,0.04213643819093704,PREDICTED
9,hERG,2,3,C,0.0376296192407608,0.013325730338692665,0.05095534771680832,PREDICTED
9,hERG,2,4,C,0.04435424134135246,0.016653822734951973,0.061008065938949585,PREDICTED
9,hERG,2,5,C,0.02883416786789894,0.010036861523985863,0.038871027529239655,PREDICTED
9,hERG,2,6,C,0.025240806862711906,0.00012688629794865847,0.025367693975567818,PREDICTED
9,hERG,2,7,C,0.03904063254594803,0.004209634382277727,0.04325026646256447,PREDICTED
9,hERG,2,8,C,0.03377462178468704,-0.013882555067539215,0.019892066717147827,PREDICTED
9,hERG,2,9,C,0.024840515106916428,-0.004914327524602413,0.01992618665099144,PREDICTED
9,hERG,2,10,C,0.09412440657615662,-0.0031227937433868647,0.09100161492824554,PREDICTED
9,hERG,2,11,C,0.08979187160730362,-0.001133820740506053,0.08865804970264435,PREDICTED
9,hERG,2,12,C,0.03773285076022148,0.00607407046481967,0.04380692169070244,PREDICTED
9,hERG,2,13,C,0.014536439441144466,0.013864483684301376,0.028400924056768417,PREDICTED
9,hERG,2,14,C,0.01649572141468525,0.011770769953727722,0.02826649136841297,PREDICTED
9,hERG,2,15,C,0.005739549174904823,0.0018184719374403358,0.007558021228760481,PREDICTED
9,hERG,2,16,O,0.01672324538230896,-0.0021032218355685472,0.014620023779571056,PREDICTED
9,hERG,2,17,O,0.05117972940206528,-0.013675144873559475,0.03750458359718323,PREDICTED
9,hERG,2,18,C,0.0710347592830658,-0.028392639011144638,0.04264212027192116,PREDICTED
9,hERG,2,19,O,0.00021169334650039673,-0.000317238736897707,-0.00010554539039731026,PREDICTED
10,AMES,2,0,C,0.004575488157570362,-0.004110244102776051,0.0004652440547943115,PREDICTED
10,AMES,2,1,C,-0.13801927864551544,-0.008237352594733238,-0.14625662565231323,PREDICTED
10,AMES,2,2,C,0.0054818736389279366,-0.0019440960604697466,0.00353777757845819,PREDICTED
10,AMES,2,3,C,-0.07385878264904022,0.002119682962074876,-0.07173909991979599,PREDICTED
10,AMES,2,4,C,0.10582130402326584,0.019310802221298218,0.12513211369514465,PREDICTED
10,AMES,2,5,C,-0.062259480357170105,0.007822154089808464,-0.05443732440471649,PREDICTED
10,AMES,2,6,C,-0.032116714864969254,0.02637556940317154,-0.005741145461797714,PREDICTED
10,AMES,2,7,C,-0.013687586411833763,0.012446191161870956,-0.0012413952499628067,PREDICTED
10,AMES,2,8,C,0.04230872169137001,0.01871531642973423,0.06102403998374939,PREDICTED
10,AMES,2,9,C,-0.04138999804854393,0.04041663929820061,-0.0009733587503433228,PREDICTED
10,AMES,2,10,O,0.139825239777565,1.4500226825475693e-05,0.13983973860740662,PREDICTED
10,AMES,2,11,C,-0.0825725868344307,-0.04224902391433716,-0.12482161074876785,PREDICTED
10,AMES,2,12,C,-0.11393662542104721,-0.0058435359969735146,-0.11978016048669815,PREDICTED
10,AMES,2,13,C,-0.11447515338659286,0.008548448793590069,-0.10592670738697052,PREDICTED
10,AMES,2,14,C,0.02497461438179016,0.0009553562849760056,0.025929970666766167,PREDICTED
10,AMES,2,15,C,0.0543392077088356,-0.02042117342352867,0.03391803428530693,PREDICTED
10,AMES,2,16,C,-0.032911382615566254,0.0040341331623494625,-0.028877248987555504,PREDICTED
10,AMES,2,17,C,0.020705154165625572,-0.003938939888030291,0.01676621474325657,PREDICTED
10,AMES,2,18,C,-0.03560056909918785,0.007667127065360546,-0.02793344110250473,PREDICTED
10,AMES,2,19,C,-0.02308664657175541,-0.004211364779621363,-0.027298010885715485,PREDICTED
10,AMES,2,20,O,-0.04465992748737335,0.0007789379451423883,-0.04388098791241646,PREDICTED
10,AMES,2,21,C,-0.05215691775083542,0.004620819352567196,-0.04753609746694565,PREDICTED
10,AMES,2,22,O,-0.1210843175649643,-0.026551628485322,-0.14763595163822174,PREDICTED
10,AMES,2,23,O,-0.04074037820100784,-0.016706744208931923,-0.05744712054729462,PREDICTED
10,AMES,2,24,C,0.004575488157570362,-0.004110244102776051,0.0004652440547943115,PREDICTED
10,Skin_Reaction,2,0,C,-0.023851998150348663,0.0009295969503000379,-0.022922400385141373,PREDICTED
10,Skin_Reaction,2,1,C,-0.027468059211969376,0.0035733752883970737,-0.02389468438923359,PREDICTED
10,Skin_Reaction,2,2,C,0.01595628820359707,0.001218582852743566,0.017174871638417244,PREDICTED
10,Skin_Reaction,2,3,C,0.00906074047088623,-0.0016494293231517076,0.0074113113805651665,PREDICTED
10,Skin_Reaction,2,4,C,0.02227693609893322,0.0002771221334114671,0.022554058581590652,PREDICTED
10,Skin_Reaction,2,5,C,-0.018854208290576935,0.00541040301322937,-0.013443805277347565,PREDICTED
10,Skin_Reaction,2,6,C,0.01645873859524727,0.009121064096689224,0.025579802691936493,PREDICTED
10,Skin_Reaction,2,7,C,0.010418334975838661,0.0031447948422282934,0.013563130050897598,PREDICTED
10,Skin_Reaction,2,8,C,-0.022176219150424004,0.008601149544119835,-0.013575069606304169,PREDICTED
10,Skin_Reaction,2,9,C,-0.009097530506551266,0.008554333820939064,-0.0005431966856122017,PREDICTED
10,Skin_Reaction,2,10,O,-0.027787184342741966,0.001402843277901411,-0.026384340599179268,PREDICTED
10,Skin_Reaction,2,11,C,0.004298106767237186,-0.005293847993016243,-0.0009957412257790565,PREDICTED
10,Skin_Reaction,2,12,C,-0.004763389937579632,0.0007572867325507104,-0.0040061031468212605,PREDICTED
10,Skin_Reaction,2,13,C,-0.0014527858002111316,0.00775043573230505,0.0062976498156785965,PREDICTED
10,Skin_Reaction,2,14,C,0.008623136207461357,-0.0031713524367660284,0.005451783537864685,PREDICTED
10,Skin_Reaction,2,15,C,0.00999384094029665,-0.00061394227668643,0.009379899129271507,PREDICTED
10,Skin_Reaction,2,16,C,0.00027140742167830467,0.0010905277449637651,0.0013619351666420698,PREDICTED
10,Skin_Reaction,2,17,C,-0.015858856961131096,-0.001656966982409358,-0.017515823245048523,PREDICTED
10,Skin_Reaction,2,18,C,0.0017911364557221532,0.001077453838661313,0.002868590410798788,PREDICTED
10,Skin_Reaction,2,19,C,-0.0062190773896873,-0.0020829071290791035,-0.008301984518766403,PREDICTED
10,Skin_Reaction,2,20,O,-0.05538920313119888,-0.0006727522704750299,-0.05606195703148842,PREDICTED
10,Skin_Reaction,2,21,C,-0.05690852180123329,2.2082938812673092e-05,-0.05688643828034401,PREDICTED
10,Skin_Reaction,2,22,O,-0.026300396770238876,-0.0020890110172331333,-0.028389407321810722,PREDICTED
10,Skin_Reaction,2,23,O,-0.012652330100536346,-0.001180577091872692,-0.013832907192409039,PREDICTED
10,Skin_Reaction,2,24,C,-0.023851998150348663,0.0009295969503000379,-0.022922400385141373,PREDICTED
10,DILI,2,0,C,-0.02559054084122181,-0.0015067830681800842,-0.027097323909401894,PREDICTED
10,DILI,2,1,C,0.009462248533964157,-0.016951696947216988,-0.0074894484132528305,PREDICTED
10,DILI,2,2,C,0.0647234246134758,-0.010676147416234016,0.05404727905988693,PREDICTED
10,DILI,2,3,C,-0.08958905190229416,0.0033627136144787073,-0.08622633665800095,PREDICTED
10,DILI,2,4,C,0.1291731894016266,0.0020227988716214895,0.13119599223136902,PREDICTED
10,DILI,2,5,C,0.08027709275484085,-0.0017202640883624554,0.07855682820081711,PREDICTED
10,DILI,2,6,C,0.008419753052294254,0.0010539344511926174,0.009473687037825584,PREDICTED
10,DILI,2,7,C,-0.0022047320380806923,0.0013195262290537357,-0.0008852058090269566,PREDICTED
10,DILI,2,8,C,0.13341103494167328,-0.01994534581899643,0.11346568912267685,PREDICTED
10,DILI,2,9,C,0.08148961514234543,-0.03444322571158409,0.04704638943076134,PREDICTED
10,DILI,2,10,O,0.06913821399211884,-0.030694909393787384,0.03844330459833145,PREDICTED
10,DILI,2,11,C,-0.04142632707953453,-0.019099727272987366,-0.060526054352521896,PREDICTED
10,DILI,2,12,C,-0.04061725735664368,0.0011603300226852298,-0.03945692628622055,PREDICTED
10,DILI,2,13,C,-0.07403427362442017,0.0008578569395467639,-0.07317641377449036,PREDICTED
10,DILI,2,14,C,0.07772013545036316,0.008946506306529045,0.08666664361953735,PREDICTED
10,DILI,2,15,C,0.07262223213911057,0.00639733113348484,0.07901956140995026,PREDICTED
10,DILI,2,16,C,0.0050653330981731415,-0.005308346822857857,-0.00024301372468471527,PREDICTED
10,DILI,2,17,C,0.0743454322218895,-0.011080889031291008,0.06326454132795334,PREDICTED
10,DILI,2,18,C,0.013666887767612934,-0.007703561335802078,0.005963326431810856,PREDICTED
10,DILI,2,19,C,-0.003688651602715254,9.994750143960118e-05,-0.0035887041594833136,PREDICTED
10,DILI,2,20,O,0.019119003787636757,0.0034095963928848505,0.022528599947690964,PREDICTED
10,DILI,2,21,C,-0.008522175252437592,0.0008351481519639492,-0.007687027100473642,PREDICTED
10,DILI,2,22,O,-0.03915306180715561,-0.0014534241054207087,-0.04060648754239082,PREDICTED
10,DILI,2,23,O,-0.07379896193742752,-0.004942681640386581,-0.0787416398525238,PREDICTED
10,DILI,2,24,C,-0.02559054084122181,-0.0015067830681800842,-0.027097323909401894,PREDICTED
10,hERG,2,0,C,0.06117039918899536,0.001864493708126247,0.06303489208221436,PREDICTED
10,hERG,2,1,C,-0.007915915921330452,0.007317565847188234,-0.0005983500741422176,PREDICTED
10,hERG,2,2,C,0.023866871371865273,-0.0014555186498910189,0.022411352023482323,PREDICTED
10,hERG,2,3,C,0.10547395050525665,-0.0002596622798591852,0.10521429032087326,PREDICTED
10,hERG,2,4,C,0.014946150593459606,0.014137421734631062,0.029083572328090668,PREDICTED
10,hERG,2,5,C,-0.00846482440829277,0.018402542918920517,0.009937718510627747,PREDICTED
10,hERG,2,6,C,0.03335767239332199,0.018341517075896263,0.0516991913318634,PREDICTED
10,hERG,2,7,C,0.02217898890376091,0.007905215956270695,0.03008420392870903,PREDICTED
10,hERG,2,8,C,0.061929959803819656,0.004810537677258253,0.0667404979467392,PREDICTED
10,hERG,2,9,C,0.03446180000901222,0.004354031756520271,0.03881583362817764,PREDICTED
10,hERG,2,10,O,-0.007796047255396843,-0.016704030334949493,-0.024500077590346336,PREDICTED
10,hERG,2,11,C,0.05309693515300751,-0.023555569350719452,0.029541365802288055,PREDICTED
10,hERG,2,12,C,0.02964889258146286,-0.010510517284274101,0.01913837529718876,PREDICTED
10,hERG,2,13,C,0.033613696694374084,-0.0053116013295948505,0.02830209583044052,PREDICTED
10,hERG,2,14,C,0.0064329165033996105,0.00935868825763464,0.015791604295372963,PREDICTED
10,hERG,2,15,C,0.031043212860822678,0.01573697291314602,0.04678018391132355,PREDICTED
10,hERG,2,16,C,0.02907310612499714,0.013921475037932396,0.042994581162929535,PREDICTED
10,hERG,2,17,C,0.020945653319358826,0.012642744928598404,0.03358839824795723,PREDICTED
10,hERG,2,18,C,0.027533235028386116,0.0057954550720751286,0.03332868963479996,PREDICTED
10,hERG,2,19,C,0.018869342282414436,0.0011007629800587893,0.019970105960965157,PREDICTED
10,hERG,2,20,O,-0.003543009515851736,0.009375247173011303,0.005832237657159567,PREDICTED
10,hERG,2,21,C,0.0559467189013958,0.0054476214572787285,0.0613943412899971,PREDICTED
10,hERG,2,22,O,0.009134327992796898,-0.0002891238545998931,0.00884520448744297,PREDICTED
10,hERG,2,23,O,0.046402476727962494,-0.00026223668828606606,0.046140238642692566,PREDICTED
10,hERG,2,24,C,0.06117039918899536,0.001864493708126247,0.06303489208221436,PREDICTED
11,AMES,2,0,C,-0.06312055885791779,-0.005502081010490656,-0.0686226412653923,PREDICTED
11,AMES,2,1,C,-0.13649585843086243,-0.0007448852993547916,-0.13724073767662048,PREDICTED
11,AMES,2,2,C,-0.07839486002922058,0.07887023687362671,0.00047537684440612793,PREDICTED
11,AMES,2,3,C,0.03942912071943283,0.09530551731586456,0.1347346305847168,PREDICTED
11,AMES,2,4,C,0.04722699522972107,-0.0035938387736678123,0.04363315552473068,PREDICTED
11,AMES,2,5,C,0.07168775796890259,-0.03502889350056648,0.036658864468336105,PREDICTED
11,AMES,2,6,O,0.011850301176309586,-0.01067909225821495,0.001171208918094635,PREDICTED
11,AMES,2,7,C,-0.03828937187790871,-0.011058857664465904,-0.04934822767972946,PREDICTED
11,AMES,2,8,C,0.021784840151667595,0.004424510523676872,0.026209350675344467,PREDICTED
11,AMES,2,9,C,0.13438402116298676,-0.004521537106484175,0.1298624873161316,PREDICTED
11,AMES,2,10,C,0.06421331316232681,-0.017306646332144737,0.046906664967536926,PREDICTED
11,AMES,2,11,O,0.144951730966568,-0.03133413568139076,0.11361759901046753,PREDICTED
11,AMES,2,12,C,-0.0759749487042427,-0.06566544622182846,-0.14164039492607117,PREDICTED
11,AMES,2,13,C,0.0665626972913742,-0.003996254876255989,0.06256644427776337,PREDICTED
11,AMES,2,14,C,-0.15556539595127106,0.004690734203904867,-0.15087465941905975,PREDICTED
11,AMES,2,15,C,0.041417889297008514,0.014327649027109146,0.05574553832411766,PREDICTED
11,AMES,2,16,C,0.059579379856586456,-0.029421377927064896,0.03015800192952156,PREDICTED
11,AMES,2,17,C,-0.027350302785634995,0.009879911318421364,-0.01747039146721363,PREDICTED
11,AMES,2,18,C,0.02552684023976326,-0.003543903585523367,0.021982936188578606,PREDICTED
11,AMES,2,19,C,-0.033890578895807266,0.011558166705071926,-0.022332411259412766,PREDICTED
11,AMES,2,20,C,-0.07605267316102982,-0.007397358771413565,-0.08345003426074982,PREDICTED
11,AMES,2,21,O,-0.03405771404504776,0.00171213923022151,-0.03234557434916496,PREDICTED
11,AMES,2,22,C,-0.0577331967651844,0.005085812881588936,-0.05264738202095032,PREDICTED
11,AMES,2,23,O,-0.2409781813621521,-0.05574722960591316,-0.29672542214393616,PREDICTED
11,AMES,2,24,C,-0.06312055885791779,-0.005502081010490656,-0.0686226412653923,PREDICTED
11,Skin_Reaction,2,0,C,-0.04014946147799492,-0.0004860105109401047,-0.04063547030091286,PREDICTED
11,Skin_Reaction,2,1,C,-0.021460751071572304,-0.005344002973288298,-0.02680475451052189,PREDICTED
11,Skin_Reaction,2,2,C,0.0065033212304115295,0.0095923887565732,0.016095709055662155,PREDICTED
11,Skin_Reaction,2,3,C,0.0035143429413437843,0.01319133210927248,0.016705675050616264,PREDICTED
11,Skin_Reaction,2,4,C,-0.0005836747004650533,-0.0045636859722435474,-0.005147360730916262,PREDICTED
11,Skin_Reaction,2,5,C,7.335038390010595e-05,-0.004485710524022579,-0.004412360023707151,PREDICTED
11,Skin_Reaction,2,6,O,-0.049351856112480164,-0.00536517146974802,-0.05471702665090561,PREDICTED
11,Skin_Reaction,2,7,C,0.018728485330939293,0.004583906847983599,0.023312391713261604,PREDICTED
11,Skin_Reaction,2,8,C,0.030354078859090805,0.0021042698062956333,0.0324583500623703,PREDICTED
11,Skin_Reaction,2,9,C,-0.02710065059363842,0.003906950354576111,-0.02319370023906231,PREDICTED
11,Skin_Reaction,2,10,C,-0.009636322036385536,-0.002715839771553874,-0.012352162040770054,PREDICTED
11,Skin_Reaction,2,11,O,-0.026308510452508926,-0.010628923773765564,-0.03693743422627449,PREDICTED
11,Skin_Reaction,2,12,C,0.02067536860704422,-0.014521212317049503,0.006154156289994717,PREDICTED
11,Skin_Reaction,2,13,C,-0.030570974573493004,0.0013492993311956525,-0.0292216744273901,PREDICTED
11,Skin_Reaction,2,14,C,0.020072361454367638,0.010692156851291656,0.030764518305659294,PREDICTED
11,Skin_Reaction,2,15,C,-0.005273045971989632,-0.0013955221511423588,-0.00666856812313199,PREDICTED
11,Skin_Reaction,2,16,C,0.0012948450166732073,-0.005810275673866272,-0.004515430890023708,PREDICTED
11,Skin_Reaction,2,17,C,0.00739291962236166,0.00467961048707366,0.012072529643774033,PREDICTED
11,Skin_Reaction,2,18,C,-0.026162544265389442,-0.0001581002725288272,-0.026320643723011017,PREDICTED
11,Skin_Reaction,2,19,C,0.002658289158716798,0.0017803728114813566,0.0044386619701981544,PREDICTED
11,Skin_Reaction,2,20,C,-0.016384894028306007,-0.0019300789572298527,-0.018314972519874573,PREDICTED
11,Skin_Reaction,2,21,O,-0.05776962637901306,-0.0008036907529458404,-0.058573316782712936,PREDICTED
11,Skin_Reaction,2,22,C,-0.05310946702957153,0.00028455385472625494,-0.05282491445541382,PREDICTED
11,Skin_Reaction,2,23,O,-0.0697907879948616,-0.012892921455204487,-0.08268371224403381,PREDICTED
11,Skin_Reaction,2,24,C,-0.04014946147799492,-0.0004860105109401047,-0.04063547030091286,PREDICTED
11,DILI,2,0,C,0.021058784797787666,-0.0043155355378985405,0.0167432501912117,PREDICTED
11,DILI,2,1,C,0.0038465524557977915,-0.01847226172685623,-0.014625709503889084,PREDICTED
11,DILI,2,2,C,-0.009703347459435463,-0.021360090002417564,-0.031063437461853027,PREDICTED
11,DILI,2,3,C,0.011487995274364948,-0.006052281241863966,0.005435714032500982,PREDICTED
11,DILI,2,4,C,0.1258407086133957,-0.01530054584145546,0.11054016649723053,PREDICTED
11,DILI,2,5,C,0.08777451515197754,-0.02935727871954441,0.05841723829507828,PREDICTED
11,DILI,2,6,O,0.05702706426382065,-0.003670590464025736,0.05335647240281105,PREDICTED
11,DILI,2,7,C,-0.03240782767534256,-0.021282793954014778,-0.05369061976671219,PREDICTED
11,DILI,2,8,C,-0.01314297690987587,-0.009746715426445007,-0.022889692336320877,PREDICTED
11,DILI,2,9,C,0.1557721346616745,-0.02694406546652317,0.12882806360721588,PREDICTED
11,DILI,2,10,C,0.12385591119527817,-0.042468056082725525,0.08138785511255264,PREDICTED
11,DILI,2,11,O,0.09412702172994614,-0.02864108979701996,0.06548593193292618,PREDICTED
11,DILI,2,12,C,-0.06659490615129471,-0.024430090561509132,-0.09102499485015869,PREDICTED
11,DILI,2,13,C,-0.11343788355588913,-0.005119943991303444,-0.11855782568454742,PREDICTED
11,DILI,2,14,C,-0.13599281013011932,-0.00017407024279236794,-0.13616688549518585,PREDICTED
11,DILI,2,15,C,0.1396394670009613,0.020296845585107803,0.1599363088607788,PREDICTED
11,DILI,2,16,C,0.06069865822792053,0.01778794266283512,0.0784865990281105,PREDICTED
11,DILI,2,17,C,-0.002660539234057069,-0.01091774832457304,-0.013578287325799465,PREDICTED
11,DILI,2,18,C,0.08839790523052216,-0.008618532679975033,0.07977937161922455,PREDICTED
11,DILI,2,19,C,0.012217250652611256,-0.004460499156266451,0.007756751496344805,PREDICTED
11,DILI,2,20,C,0.0022064277436584234,0.010884271003305912,0.013090698979794979,PREDICTED
11,DILI,2,21,O,0.027819430455565453,0.004612753167748451,0.032432183623313904,PREDICTED
11,DILI,2,22,C,-0.004638139624148607,0.0003598564653657377,-0.004278283100575209,PREDICTED
11,DILI,2,23,O,0.05305219441652298,0.010632750578224659,0.06368494778871536,PREDICTED
11,DILI,2,24,C,0.021058784797787666,-0.0043155355378985405,0.0167432501912117,PREDICTED
11,hERG,2,0,C,0.07082044333219528,0.0035463813692331314,0.07436682283878326,PREDICTED
11,hERG,2,1,C,-0.019970053806900978,0.015780791640281677,-0.004189262166619301,PREDICTED
11,hERG,2,2,C,0.011413524858653545,0.02687719091773033,0.03829071670770645,PREDICTED
11,hERG,2,3,C,0.0254792682826519,0.023956282064318657,0.04943554848432541,PREDICTED
11,hERG,2,4,C,0.029655441641807556,0.005723784677684307,0.03537922725081444,PREDICTED
11,hERG,2,5,C,0.06427841633558273,0.0007944284006953239,0.06507284194231033,PREDICTED
11,hERG,2,6,O,0.007047075778245926,0.0021544548217207193,0.009201530367136002,PREDICTED
11,hERG,2,7,C,0.05102189630270004,0.0007716870168223977,0.05179358273744583,PREDICTED
11,hERG,2,8,C,0.026441369205713272,0.0016113906167447567,0.028052760288119316,PREDICTED
11,hERG,2,9,C,0.09558138251304626,-0.007821867242455482,0.08775951713323593,PREDICTED
11,hERG,2,10,C,0.056471507996320724,-0.014209514483809471,0.0422619953751564,PREDICTED
11,hERG,2,11,O,0.02799295075237751,-0.020952802151441574,0.007040148600935936,PREDICTED
11,hERG,2,12,C,0.07122257351875305,-0.024623610079288483,0.04659896343946457,PREDICTED
11,hERG,2,13,C,-0.010007212869822979,-0.019173262640833855,-0.02918047457933426,PREDICTED
11,hERG,2,14,C,0.027834784239530563,-0.007474879268556833,0.020359905436635017,PREDICTED
11,hERG,2,15,C,-0.004826475866138935,0.008910110220313072,0.004083634354174137,PREDICTED
11,hERG,2,16,C,0.04797596484422684,0.025945648550987244,0.07392161339521408,PREDICTED
11,hERG,2,17,C,0.03335092216730118,0.018431823700666428,0.051782745867967606,PREDICTED
11,hERG,2,18,C,0.01580732874572277,0.0132410554215312,0.029048383235931396,PREDICTED
11,hERG,2,19,C,0.029532618820667267,0.004338632803410292,0.033871252089738846,PREDICTED
11,hERG,2,20,C,0.02024001069366932,-0.0015533268451690674,0.018686683848500252,PREDICTED
11,hERG,2,21,O,-0.010965006425976753,0.009212490171194077,-0.0017525162547826767,PREDICTED
11,hERG,2,22,C,0.04847094044089317,0.0050432332791388035,0.05351417511701584,PREDICTED
11,hERG,2,23,O,0.038332872092723846,0.0006206074613146484,0.03895347937941551,PREDICTED
11,hERG,2,24,C,0.07082044333219528,0.0035463813692331314,0.07436682283878326,PREDICTED
13,AMES,2,0,C,-0.11353491991758347,-0.0046847304329276085,-0.11821965128183365,PREDICTED
13,AMES,2,1,C,-0.06719041615724564,-0.009665108285844326,-0.07685552537441254,PREDICTED
13,AMES,2,2,C,-0.07441500574350357,-0.03580363839864731,-0.11021864414215088,PREDICTED
13,AMES,2,3,O,0.2572101354598999,-0.01186098251491785,0.24534915387630463,PREDICTED
13,AMES,2,4,C,0.06395213305950165,-0.036206237971782684,0.027745895087718964,PREDICTED
13,AMES,2,5,C,0.12680736184120178,-0.028006237000226974,0.09880112111568451,PREDICTED
13,AMES,2,6,C,-0.018658392131328583,-0.008916919119656086,-0.027575310319662094,PREDICTED
13,AMES,2,7,C,-0.07132681459188461,-0.005940929986536503,-0.07726774364709854,PREDICTED
13,AMES,2,8,C,-0.021066833287477493,-0.02388416789472103,-0.044950999319553375,PREDICTED
13,AMES,2,9,C,-0.04443872347474098,-0.02574124187231064,-0.07017996907234192,PREDICTED
13,AMES,2,10,O,-0.024287760257720947,-0.019102701917290688,-0.043390460312366486,PREDICTED
13,AMES,2,11,C,0.04730641096830368,-0.006811767816543579,0.0404946431517601,PREDICTED
13,AMES,2,12,C,0.023682016879320145,-0.03934898599982262,-0.015666969120502472,PREDICTED
13,AMES,2,13,C,-0.07296083867549896,-0.017477519810199738,-0.0904383584856987,PREDICTED
13,AMES,2,14,C,-0.005213732831180096,-0.025675654411315918,-0.030889388173818588,PREDICTED
13,AMES,2,15,C,-0.052976395934820175,-0.0031660147942602634,-0.0561424121260643,PREDICTED
13,AMES,2,16,C,-0.06024469807744026,-0.01306223776191473,-0.07330693304538727,PREDICTED
13,AMES,2,17,O,0.015701353549957275,-0.017894363030791283,-0.0021930094808340073,PREDICTED
13,AMES,2,18,O,-0.08911234885454178,-0.02355872094631195,-0.11267106980085373,PREDICTED
13,Skin_Reaction,2,0,C,0.006802437826991081,0.006075473967939615,0.01287791132926941,PREDICTED
13,Skin_Reaction,2,1,C,0.006860855966806412,0.0028906851075589657,0.009751541540026665,PREDICTED
13,Skin_Reaction,2,2,C,0.0113750621676445,-0.0028494494035840034,0.008525612764060497,PREDICTED
13,Skin_Reaction,2,3,O,-0.017357345670461655,-0.002332413336262107,-0.019689759239554405,PREDICTED
13,Skin_Reaction,2,4,C,0.001389991957694292,-0.008551051840186119,-0.007161059882491827,PREDICTED
13,Skin_Reaction,2,5,C,-0.005662339739501476,-0.003143360372632742,-0.008805699646472931,PREDICTED
13,Skin_Reaction,2,6,C,0.011384452693164349,-0.002625484950840473,0.008758967742323875,PREDICTED
13,Skin_Reaction,2,7,C,0.007251339964568615,0.001422944013029337,0.00867428444325924,PREDICTED
13,Skin_Reaction,2,8,C,0.0006207601400092244,0.0019099507480859756,0.0025307107716798782,PREDICTED
13,Skin_Reaction,2,9,C,0.0058295284397900105,-0.0027715046890079975,0.003058023750782013,PREDICTED
13,Skin_Reaction,2,10,O,-0.018540581688284874,-0.0009041697485372424,-0.019444750621914864,PREDICTED
13,Skin_Reaction,2,11,C,0.011851024813950062,-0.0021212424617260695,0.009729782119393349,PREDICTED
13,Skin_Reaction,2,12,C,-0.011909477412700653,0.00010919198393821716,-0.011800285428762436,PREDICTED
13,Skin_Reaction,2,13,C,0.0022071637213230133,0.005372128449380398,0.007579292170703411,PREDICTED
13,Skin_Reaction,2,14,C,-0.007409605197608471,0.0012336233630776405,-0.00617598183453083,PREDICTED
13,Skin_Reaction,2,15,C,0.008063617162406445,0.0012483004247769713,0.00931191723793745,PREDICTED
13,Skin_Reaction,2,16,C,-0.010261635296046734,-0.0046071503311395645,-0.014868785627186298,PREDICTED
13,Skin_Reaction,2,17,O,-0.026163408532738686,-0.0030485368333756924,-0.029211945831775665,PREDICTED
13,Skin_Reaction,2,18,O,-0.0318131186068058,-0.003512241877615452,-0.03532535955309868,PREDICTED
13,DILI,2,0,C,-0.06536245346069336,0.0047498540952801704,-0.060612600296735764,PREDICTED
13,DILI,2,1,C,-0.035068441182374954,0.004111575428396463,-0.030956866219639778,PREDICTED
13,DILI,2,2,C,-0.029938559979200363,-0.014996626414358616,-0.044935185462236404,PREDICTED
13,DILI,2,3,O,0.1018255352973938,-0.02522222511470318,0.07660330832004547,PREDICTED
13,DILI,2,4,C,0.09114212542772293,-0.04409170523285866,0.04705042019486427,PREDICTED
13,DILI,2,5,C,0.11167652159929276,-0.021330568939447403,0.09034594893455505,PREDICTED
13,DILI,2,6,C,0.003124643350020051,0.002536806743592024,0.0056614503264427185,PREDICTED
13,DILI,2,7,C,0.014964275062084198,0.0064463005401194096,0.02141057513654232,PREDICTED
13,DILI,2,8,C,0.06566747277975082,-0.00687195360660553,0.058795519173145294,PREDICTED
13,DILI,2,9,C,0.0013800491578876972,-0.009625246748328209,-0.008245198056101799,PREDICTED
13,DILI,2,10,O,-0.07942581176757812,-0.01079873088747263,-0.09022454172372818,PREDICTED
13,DILI,2,11,C,0.08935088664293289,0.006495194509625435,0.09584607928991318,PREDICTED
13,DILI,2,12,C,0.09848253428936005,-0.0026236986741423607,0.09585883468389511,PREDICTED
13,DILI,2,13,C,-0.0004681686405092478,-0.0017251359531655908,-0.0021933047100901604,PREDICTED
13,DILI,2,14,C,0.06625034660100937,-0.003526390762999654,0.06272395700216293,PREDICTED
13,DILI,2,15,C,0.01777467504143715,0.007315535563975573,0.025090210139751434,PREDICTED
13,DILI,2,16,C,-0.011544073931872845,0.0013281779829412699,-0.010215896181762218,PREDICTED
13,DILI,2,17,O,-0.04758825898170471,-0.00721464678645134,-0.05480290576815605,PREDICTED
13,DILI,2,18,O,-0.09426195919513702,-0.007438132539391518,-0.10170008987188339,PREDICTED
13,hERG,2,0,C,0.026916898787021637,-0.003762714099138975,0.023154184222221375,PREDICTED
13,hERG,2,1,C,0.034003227949142456,-0.010223974473774433,0.023779254406690598,PREDICTED
13,hERG,2,2,C,0.06942322850227356,-0.027217213064432144,0.042206015437841415,PREDICTED
13,hERG,2,3,O,0.05300990119576454,-0.015664955601096153,0.03734494745731354,PREDICTED
13,hERG,2,4,C,0.09265276044607162,-0.006237559951841831,0.08641520142555237,PREDICTED
13,hERG,2,5,C,0.09253739565610886,-0.005883114878088236,0.08665428310632706,PREDICTED
13,hERG,2,6,C,0.006088003516197205,0.0017511764308437705,0.00783917959779501,PREDICTED
13,hERG,2,7,C,0.022106314077973366,0.012430176138877869,0.034536488354206085,PREDICTED
13,hERG,2,8,C,0.02042241021990776,0.009881280362606049,0.03030369058251381,PREDICTED
13,hERG,2,9,C,0.041003864258527756,0.005452890880405903,0.046456754207611084,PREDICTED
13,hERG,2,10,O,-0.02391447313129902,-0.006439715623855591,-0.03035418875515461,PREDICTED
13,hERG,2,11,C,0.03857463225722313,0.007569819688796997,0.046144451946020126,PREDICTED
13,hERG,2,12,C,0.0679149478673935,0.00688088359311223,0.07479583472013474,PREDICTED
13,hERG,2,13,C,0.010617353953421116,0.004493150394409895,0.015110503882169724,PREDICTED
13,hERG,2,14,C,0.03312893584370613,0.008951503783464432,0.04208043962717056,PREDICTED
13,hERG,2,15,C,0.01858445629477501,0.011058343574404716,0.029642799869179726,PREDICTED
13,hERG,2,16,C,0.012341495603322983,-0.0014938537497073412,0.010847642086446285,PREDICTED
13,hERG,2,17,O,0.01959647797048092,-0.0034234432969242334,0.01617303490638733,PREDICTED
13,hERG,2,18,O,0.014367606490850449,-0.00010299868881702423,0.014264607802033424,PREDICTED
14,AMES,2,0,C,-0.0015787347219884396,-0.0034170541912317276,-0.004995788913220167,PREDICTED
14,AMES,2,1,C,-0.128742054104805,-0.0065884944051504135,-0.13533054292201996,PREDICTED
14,AMES,2,2,C,0.0009209364652633667,-0.00326246814802289,-0.0023415316827595234,PREDICTED
14,AMES,2,3,C,-0.07299438118934631,0.000641068909317255,-0.0723533108830452,PREDICTED
14,AMES,2,4,C,0.10307814180850983,0.015805218368768692,0.11888335645198822,PREDICTED
14,AMES,2,5,C,-0.06292479485273361,0.004817040637135506,-0.058107756078243256,PREDICTED
14,AMES,2,6,C,-0.024289937689900398,0.025528669357299805,0.0012387316673994064,PREDICTED
14,AMES,2,7,C,-0.012097612954676151,0.006243811920285225,-0.005853801034390926,PREDICTED
14,AMES,2,8,C,0.045597244054079056,-0.009410634636878967,0.03618660941720009,PREDICTED
14,AMES,2,9,C,-0.019620388746261597,0.03438986837863922,0.014769479632377625,PREDICTED
14,AMES,2,10,O,0.19892409443855286,0.0003404498565942049,0.1992645412683487,PREDICTED
14,AMES,2,11,C,-0.14366324245929718,-0.03631358966231346,-0.17997683584690094,PREDICTED
14,AMES,2,12,C,0.14677217602729797,-0.0004592742770910263,0.1463129073381424,PREDICTED
14,AMES,2,13,C,-0.11401336640119553,-0.01666633039712906,-0.13067969679832458,PREDICTED
14,AMES,2,14,C,0.04076952859759331,0.003227546811103821,0.04399707540869713,PREDICTED
14,AMES,2,15,C,0.008774416521191597,-0.04507560282945633,-0.03630118817090988,PREDICTED
14,AMES,2,16,C,-0.06822262704372406,-0.014417546801269054,-0.08264017105102539,PREDICTED
14,AMES,2,17,C,-0.005132606253027916,-0.026729164645075798,-0.031861770898103714,PREDICTED
14,AMES,2,18,C,-0.04472612962126732,-0.004582731053233147,-0.049308858811855316,PREDICTED
14,AMES,2,19,C,-0.0828244686126709,-0.019008807837963104,-0.101833276450634,PREDICTED
14,AMES,2,20,O,-0.011403605341911316,-0.02131015434861183,-0.03271375969052315,PREDICTED
14,AMES,2,21,O,-0.11150789260864258,-0.03441891819238663,-0.1459268033504486,PREDICTED
14,AMES,2,22,O,-0.03198707103729248,-0.015872707590460777,-0.04785978049039841,PREDICTED
14,AMES,2,23,C,-0.0015787347219884396,-0.0034170541912317276,-0.004995788913220167,PREDICTED
14,Skin_Reaction,2,0,C,-0.020891180261969566,0.0008237127913162112,-0.020067468285560608,PREDICTED
14,Skin_Reaction,2,1,C,-0.020635327324271202,0.002838746178895235,-0.017796581611037254,PREDICTED
14,Skin_Reaction,2,2,C,0.01609071157872677,0.0007403402123600245,0.01683105155825615,PREDICTED
14,Skin_Reaction,2,3,C,0.006431673653423786,-0.0016091600991785526,0.0048225135542452335,PREDICTED
14,Skin_Reaction,2,4,C,0.020248480141162872,-0.0003699352964758873,0.01987854391336441,PREDICTED
14,Skin_Reaction,2,5,C,-0.01412252802401781,0.004240238107740879,-0.009882289916276932,PREDICTED
14,Skin_Reaction,2,6,C,0.01631026156246662,0.0076385242864489555,0.023948784917593002,PREDICTED
14,Skin_Reaction,2,7,C,0.010860346257686615,0.001609964994713664,0.012470311485230923,PREDICTED
14,Skin_Reaction,2,8,C,-0.0023037483915686607,-0.0001602056436240673,-0.002463954035192728,PREDICTED
14,Skin_Reaction,2,9,C,-0.0023921981919556856,0.0032256287522614002,0.0008334305603057146,PREDICTED
14,Skin_Reaction,2,10,O,-0.01684453710913658,-0.00035684643080458045,-0.017201382666826248,PREDICTED
14,Skin_Reaction,2,11,C,0.00013311303337104619,-0.0038498034700751305,-0.0037166904658079147,PREDICTED
14,Skin_Reaction,2,12,C,0.008535739034414291,0.0009174000006169081,0.009453139267861843,PREDICTED
14,Skin_Reaction,2,13,C,0.00521100265905261,0.0027852458879351616,0.007996248081326485,PREDICTED
14,Skin_Reaction,2,14,C,0.011108254082500935,-0.005769873969256878,0.005338380113244057,PREDICTED
14,Skin_Reaction,2,15,C,-0.011369818821549416,-0.0011278260499238968,-0.012497644871473312,PREDICTED
14,Skin_Reaction,2,16,C,0.005983201786875725,0.0075010815635323524,0.013484283350408077,PREDICTED
14,Skin_Reaction,2,17,C,-0.007604679558426142,0.00225587235763669,-0.005348807200789452,PREDICTED
14,Skin_Reaction,2,18,C,0.01071249134838581,0.0021910693030804396,0.012903560884296894,PREDICTED
14,Skin_Reaction,2,19,C,-0.013881735503673553,-0.0068282876163721085,-0.020710023120045662,PREDICTED
14,Skin_Reaction,2,20,O,-0.028369702398777008,-0.003354231594130397,-0.03172393515706062,PREDICTED
14,Skin_Reaction,2,21,O,-0.037554673850536346,-0.006471649277955294,-0.04402632266283035,PREDICTED
14,Skin_Reaction,2,22,O,-0.012476839125156403,-0.0010192051995545626,-0.013496044091880322,PREDICTED
14,Skin_Reaction,2,23,C,-0.020891180261969566,0.0008237127913162112,-0.020067468285560608,PREDICTED
14,DILI,2,0,C,-0.03336414694786072,-0.0012722061946988106,-0.034636352211236954,PREDICTED
14,DILI,2,1,C,0.018473559990525246,-0.015488646924495697,0.0029849130660295486,PREDICTED
14,DILI,2,2,C,0.0795939490199089,-0.009151337668299675,0.07044260948896408,PREDICTED
14,DILI,2,3,C,-0.08315423876047134,0.003581019351258874,-0.07957322150468826,PREDICTED
14,DILI,2,4,C,0.1212674081325531,-0.002961782505735755,0.11830562353134155,PREDICTED
14,DILI,2,5,C,0.08405139297246933,-0.009939148090779781,0.07411224395036697,PREDICTED
14,DILI,2,6,C,0.01705959066748619,0.0034449389204382896,0.020504530519247055,PREDICTED
14,DILI,2,7,C,-0.00025073991855606437,-0.0024704921524971724,-0.0027212321292608976,PREDICTED
14,DILI,2,8,C,0.13037100434303284,-0.03230729699134827,0.09806370735168457,PREDICTED
14,DILI,2,9,C,0.0898599624633789,-0.043145570904016495,0.04671439155936241,PREDICTED
14,DILI,2,10,O,0.09743987023830414,-0.0409940630197525,0.056445807218551636,PREDICTED
14,DILI,2,11,C,-0.033853575587272644,-0.029099013656377792,-0.06295259296894073,PREDICTED
14,DILI,2,12,C,-0.017569342628121376,0.00314595689997077,-0.014423385262489319,PREDICTED
14,DILI,2,13,C,-0.05659857019782066,-0.00839591957628727,-0.06499449163675308,PREDICTED
14,DILI,2,14,C,0.11921294778585434,0.02024351805448532,0.13945646584033966,PREDICTED
14,DILI,2,15,C,0.10764409601688385,-0.0061685144901275635,0.10147558152675629,PREDICTED
14,DILI,2,16,C,0.003465015674009919,-0.0029849866405129433,0.0004800290334969759,PREDICTED
14,DILI,2,17,C,0.07238700985908508,-0.006332241464406252,0.06605476886034012,PREDICTED
14,DILI,2,18,C,0.0195801742374897,0.005739319603890181,0.025319494307041168,PREDICTED
14,DILI,2,19,C,0.009035580791532993,0.005867178086191416,0.014902759343385696,PREDICTED
14,DILI,2,20,O,-0.06498567759990692,-0.008749309927225113,-0.07373498380184174,PREDICTED
14,DILI,2,21,O,-0.11566504091024399,-0.011478610336780548,-0.12714365124702454,PREDICTED
14,DILI,2,22,O,-0.1423276960849762,-0.014186270534992218,-0.15651395916938782,PREDICTED
14,DILI,2,23,C,-0.03336414694786072,-0.0012722061946988106,-0.034636352211236954,PREDICTED
14,hERG,2,0,C,0.05290701240301132,0.002000445267185569,0.054907456040382385,PREDICTED
14,hERG,2,1,C,0.006866073235869408,0.007101858966052532,0.01396793220192194,PREDICTED
14,hERG,2,2,C,0.042469173669815063,-0.0011251434916630387,0.04134403169155121,PREDICTED
14,hERG,2,3,C,0.1095266118645668,0.0008287583477795124,0.11035536974668503,PREDICTED
14,hERG,2,4,C,0.019366027787327766,0.007906436920166016,0.027272464707493782,PREDICTED
14,hERG,2,5,C,-0.002295875921845436,0.011004794389009476,0.00870891846716404,PREDICTED
14,hERG,2,6,C,0.04317334294319153,0.019707106053829193,0.06288044899702072,PREDICTED
14,hERG,2,7,C,0.023820731788873672,0.002121590543538332,0.025942321866750717,PREDICTED
14,hERG,2,8,C,0.08496204763650894,-0.012982450425624847,0.0719795972108841,PREDICTED
14,hERG,2,9,C,0.053390923887491226,-0.014363659545779228,0.03902726620435715,PREDICTED
14,hERG,2,10,O,0.02870095521211624,-0.0166013166308403,0.01209963858127594,PREDICTED
14,hERG,2,11,C,0.058417245745658875,-0.01705191284418106,0.041365332901477814,PREDICTED
14,hERG,2,12,C,0.046988412737846375,-0.009996658191084862,0.036991752684116364,PREDICTED
14,hERG,2,13,C,0.062088847160339355,-0.007341538555920124,0.054747309535741806,PREDICTED
14,hERG,2,14,C,-0.007648375816643238,0.009685841389000416,0.0020374655723571777,PREDICTED
14,hERG,2,15,C,0.06147276237607002,0.010470880195498466,0.07194364070892334,PREDICTED
14,hERG,2,16,C,0.01396386232227087,0.008281325921416283,0.022245187312364578,PREDICTED
14,hERG,2,17,C,0.027884196490049362,0.006807388737797737,0.03469158709049225,PREDICTED
14,hERG,2,18,C,0.018366172909736633,0.009240414947271347,0.02760658785700798,PREDICTED
14,hERG,2,19,C,0.013221381232142448,-0.0022127970587462187,0.011008583940565586,PREDICTED
14,hERG,2,20,O,-0.0006143059581518173,-0.006483661010861397,-0.007097966969013214,PREDICTED
14,hERG,2,21,O,-0.015717769041657448,-0.004778702277690172,-0.020496470853686333,PREDICTED
14,hERG,2,22,O,-0.008466679602861404,-0.007729224860668182,-0.016195904463529587,PREDICTED
14,hERG,2,23,C,0.05290701240301132,0.002000445267185569,0.054907456040382385,PREDICTED
15,AMES,2,0,C,-0.05481646582484245,-0.00440199812874198,-0.05921846255660057,PREDICTED
15,AMES,2,1,C,-0.1155710518360138,-0.0002762963995337486,-0.11584734916687012,PREDICTED
15,AMES,2,2,C,-0.06945076584815979,0.06945838034152985,7.614493370056152e-06,PREDICTED
15,AMES,2,3,C,0.03685599938035011,0.08383700251579285,0.12069299817085266,PREDICTED
15,AMES,2,4,C,0.04477758705615997,-0.005667425692081451,0.03911016136407852,PREDICTED
15,AMES,2,5,C,0.07019655406475067,-0.03497590497136116,0.03522064909338951,PREDICTED
15,AMES,2,6,O,0.013447888195514679,-0.011439403519034386,0.0020084846764802933,PREDICTED
15,AMES,2,7,C,-0.03375523164868355,-0.012014769949018955,-0.04577000066637993,PREDICTED
15,AMES,2,8,C,0.021841760724782944,0.0025834247935563326,0.024425186216831207,PREDICTED
15,AMES,2,9,C,0.13416631519794464,-0.006324737798422575,0.12784157693386078,PREDICTED
15,AMES,2,10,C,0.05850357562303543,-0.018279602751135826,0.040223971009254456,PREDICTED
15,AMES,2,11,O,0.12962335348129272,-0.03186513110995293,0.0977582186460495,PREDICTED
15,AMES,2,12,C,-0.07847967743873596,-0.06157475709915161,-0.14005443453788757,PREDICTED
15,AMES,2,13,C,0.04646065831184387,-0.00614507868885994,0.04031557962298393,PREDICTED
15,AMES,2,14,C,-0.1495385766029358,0.0004158671945333481,-0.1491227149963379,PREDICTED
15,AMES,2,15,C,0.09195058792829514,0.0003781472332775593,0.09232873469591141,PREDICTED
15,AMES,2,16,C,0.02279198355972767,-0.05055685341358185,-0.02776486985385418,PREDICTED
15,AMES,2,17,C,-0.06495999544858932,-0.014853771775960922,-0.07981376349925995,PREDICTED
15,AMES,2,18,C,-0.010464699938893318,-0.03363563120365143,-0.0441003292798996,PREDICTED
15,AMES,2,19,C,-0.04880790784955025,-0.0023372904397547245,-0.051145199686288834,PREDICTED
15,AMES,2,20,C,-0.08436048775911331,-0.018634382635354996,-0.1029948741197586,PREDICTED
15,AMES,2,21,O,-0.04294639080762863,-0.029420142993330956,-0.07236653566360474,PREDICTED
15,AMES,2,22,O,-0.1573798954486847,-0.04112569987773895,-0.19850559532642365,PREDICTED
15,AMES,2,23,C,-0.05481646582484245,-0.00440199812874198,-0.05921846255660057,PREDICTED
15,Skin_Reaction,2,0,C,-0.045222219079732895,-0.0008746301755309105,-0.04609685018658638,PREDICTED
15,Skin_Reaction,2,1,C,-0.025478845462203026,-0.00821761041879654,-0.033696457743644714,PREDICTED
15,Skin_Reaction,2,2,C,0.0032865707762539387,0.007944824174046516,0.011231394484639168,PREDICTED
15,Skin_Reaction,2,3,C,0.005289205349981785,0.014036492444574833,0.019325697794556618,PREDICTED
15,Skin_Reaction,2,4,C,0.01735050603747368,-0.006113294046372175,0.011237211525440216,PREDICTED
15,Skin_Reaction,2,5,C,0.014272705651819706,-0.00957763846963644,0.004695067182183266,PREDICTED
15,Skin_Reaction,2,6,O,-0.04804522544145584,-0.006908979266881943,-0.054954204708337784,PREDICTED
15,Skin_Reaction,2,7,C,0.013635518960654736,0.0016986045520752668,0.015334123745560646,PREDICTED
15,Skin_Reaction,2,8,C,0.031809352338314056,0.0013868712121620774,0.03319622203707695,PREDICTED
15,Skin_Reaction,2,9,C,-0.007842835038900375,0.001718269195407629,-0.006124565843492746,PREDICTED
15,Skin_Reaction,2,10,C,0.00705056544393301,-0.005488357972353697,0.0015622074715793133,PREDICTED
15,Skin_Reaction,2,11,O,-0.027668282389640808,-0.015287430956959724,-0.04295571148395538,PREDICTED
15,Skin_Reaction,2,12,C,0.009495618753135204,-0.01895080879330635,-0.009455190040171146,PREDICTED
15,Skin_Reaction,2,13,C,-0.026532746851444244,-0.00017864094115793705,-0.026711387559771538,PREDICTED
15,Skin_Reaction,2,14,C,0.004345662891864777,0.008555132895708084,0.01290079578757286,PREDICTED
15,Skin_Reaction,2,15,C,0.020699309185147285,-0.00358936982229352,0.017109939828515053,PREDICTED
15,Skin_Reaction,2,16,C,-0.02251710183918476,-0.003204961773008108,-0.025722064077854156,PREDICTED
15,Skin_Reaction,2,17,C,0.007765237241983414,0.0069106509909033775,0.014675888232886791,PREDICTED
15,Skin_Reaction,2,18,C,-0.015896033495664597,0.0033727255649864674,-0.012523308396339417,PREDICTED
15,Skin_Reaction,2,19,C,0.010978654958307743,0.001998811960220337,0.01297746691852808,PREDICTED
15,Skin_Reaction,2,20,C,-0.020400261506438255,-0.005778690800070763,-0.026178952306509018,PREDICTED
15,Skin_Reaction,2,21,O,-0.028998658061027527,-0.004141069948673248,-0.033139728009700775,PREDICTED
15,Skin_Reaction,2,22,O,-0.032956965267658234,-0.007409939542412758,-0.04036690294742584,PREDICTED
15,Skin_Reaction,2,23,C,-0.045222219079732895,-0.0008746301755309105,-0.04609685018658638,PREDICTED
15,DILI,2,0,C,0.00922488048672676,-0.004366959445178509,0.004857921041548252,PREDICTED
15,DILI,2,1,C,0.012420880608260632,-0.01931033469736576,-0.006889454089105129,PREDICTED
15,DILI,2,2,C,-0.003725967835634947,-0.024046538397669792,-0.027772506698966026,PREDICTED
15,DILI,2,3,C,0.0050017349421978,-0.010451259091496468,-0.005449524149298668,PREDICTED
15,DILI,2,4,C,0.13279178738594055,-0.017358791083097458,0.1154329925775528,PREDICTED
15,DILI,2,5,C,0.0864521935582161,-0.026825305074453354,0.05962688848376274,PREDICTED
15,DILI,2,6,O,0.04957260191440582,-0.0037902414333075285,0.045782361179590225,PREDICTED
15,DILI,2,7,C,-0.023135552182793617,-0.018328584730625153,-0.04146413505077362,PREDICTED
15,DILI,2,8,C,-0.00958300195634365,-0.009672898799180984,-0.019255900755524635,PREDICTED
15,DILI,2,9,C,0.14770551025867462,-0.02776240184903145,0.11994311213493347,PREDICTED
15,DILI,2,10,C,0.11807624995708466,-0.04456349462270737,0.07351275533437729,PREDICTED
15,DILI,2,11,O,0.08868782967329025,-0.029857035726308823,0.05883079394698143,PREDICTED
15,DILI,2,12,C,-0.03978324308991432,-0.025126466527581215,-0.06490971148014069,PREDICTED
15,DILI,2,13,C,-0.12132111936807632,-0.004094386473298073,-0.12541550397872925,PREDICTED
15,DILI,2,14,C,-0.11071541905403137,0.002045724308118224,-0.1086696982383728,PREDICTED
15,DILI,2,15,C,0.14885734021663666,0.020184028893709183,0.16904136538505554,PREDICTED
15,DILI,2,16,C,0.09526348859071732,0.006504785269498825,0.10176827013492584,PREDICTED
15,DILI,2,17,C,-0.011803098022937775,-0.008624996989965439,-0.020428095012903214,PREDICTED
15,DILI,2,18,C,0.0801699310541153,-0.0052378070540726185,0.07493212074041367,PREDICTED
15,DILI,2,19,C,0.0128272520378232,0.005925784818828106,0.018753036856651306,PREDICTED
15,DILI,2,20,C,0.006246585864573717,0.010262271389365196,0.016508856788277626,PREDICTED
15,DILI,2,21,O,-0.012058883905410767,-0.0022472385317087173,-0.014306122437119484,PREDICTED
15,DILI,2,22,O,-0.07569871842861176,-0.003776193130761385,-0.07947491109371185,PREDICTED
15,DILI,2,23,C,0.00922488048672676,-0.004366959445178509,0.004857921041548252,PREDICTED
15,hERG,2,0,C,0.0755101814866066,0.003634205786511302,0.07914438843727112,PREDICTED
15,hERG,2,1,C,-0.009509085677564144,0.016405116766691208,0.006896031089127064,PREDICTED
15,hERG,2,2,C,0.01808604598045349,0.02386496774852276,0.0419510155916214,PREDICTED
15,hERG,2,3,C,0.02724836766719818,0.019502008333802223,0.046750374138355255,PREDICTED
15,hERG,2,4,C,0.02252587489783764,0.0046856701374053955,0.027211545035243034,PREDICTED
15,hERG,2,5,C,0.057577308267354965,0.0021843607537448406,0.05976166948676109,PREDICTED
15,hERG,2,6,O,0.010145281441509724,0.0025843647308647633,0.012729646638035774,PREDICTED
15,hERG,2,7,C,0.05412867292761803,0.0012340997345745564,0.055362772196531296,PREDICTED
15,hERG,2,8,C,0.0232914499938488,0.0005673214327543974,0.023858770728111267,PREDICTED
15,hERG,2,9,C,0.09178989380598068,-0.009646330960094929,0.08214356005191803,PREDICTED
15,hERG,2,10,C,0.047021057456731796,-0.015580223873257637,0.03144083172082901,PREDICTED
15,hERG,2,11,O,0.034431956708431244,-0.019480103626847267,0.014951853081583977,PREDICTED
15,hERG,2,12,C,0.07423137128353119,-0.02232658490538597,0.05190478637814522,PREDICTED
15,hERG,2,13,C,-0.017656132578849792,-0.01897299289703369,-0.036629125475883484,PREDICTED
15,hERG,2,14,C,0.03318854793906212,-0.007908979430794716,0.025279568508267403,PREDICTED
15,hERG,2,15,C,-0.0011438323417678475,0.008026828989386559,0.006882996764034033,PREDICTED
15,hERG,2,16,C,0.05185491964221001,0.016610315069556236,0.0684652328491211,PREDICTED
15,hERG,2,17,C,0.0061270627193152905,0.0077920472249388695,0.013919109478592873,PREDICTED
15,hERG,2,18,C,0.01924411579966545,0.010756243020296097,0.030000358819961548,PREDICTED
15,hERG,2,19,C,0.007979330606758595,0.007652742322534323,0.01563207246363163,PREDICTED
15,hERG,2,20,C,0.016398223116993904,-0.0016156780766323209,0.014782545156776905,PREDICTED
15,hERG,2,21,O,0.05398367717862129,-0.00027481582947075367,0.05370886251330376,PREDICTED
15,hERG,2,22,O,0.04889792948961258,0.0012491440866142511,0.050147075206041336,PREDICTED
15,hERG,2,23,C,0.0755101814866066,0.003634205786511302,0.07914438843727112,PREDICTED
9,AMES,3,0,C,0.053120944648981094,0.008768599480390549,0.06188954412937164,PREDICTED
9,AMES,3,1,O,-0.19010232388973236,0.02758432738482952,-0.1625179946422577,PREDICTED
9,AMES,3,2,C,-0.007733672857284546,0.021115995943546295,0.01338232308626175,PREDICTED
9,AMES,3,3,C,0.05174476280808449,0.003261271631345153,0.055006034672260284,PREDICTED
9,AMES,3,4,C,-0.05245564505457878,0.027967672795057297,-0.024487972259521484,PREDICTED
9,AMES,3,5,C,-0.0390038900077343,0.012369995936751366,-0.026633894070982933,PREDICTED
9,AMES,3,6,C,-0.05460457131266594,0.01976855657994747,-0.03483601659536362,PREDICTED
9,AMES,3,7,C,-0.014342866837978363,0.003539424389600754,-0.01080344244837761,PREDICTED
9,AMES,3,8,C,-0.32080379128456116,0.020512647926807404,-0.30029115080833435,PREDICTED
9,AMES,3,9,C,-0.033271387219429016,-0.012359077110886574,-0.04563046246767044,PREDICTED
9,AMES,3,10,C,0.16782689094543457,-0.05222884565591812,0.11559804528951645,PREDICTED
9,AMES,3,11,C,0.12359870225191116,-0.026236355304718018,0.09736234694719315,PREDICTED
9,AMES,3,12,C,0.0032642590813338757,0.009178408421576023,0.012442667037248611,PREDICTED
9,AMES,3,13,C,0.007088438607752323,0.0031587977427989244,0.010247236117720604,PREDICTED
9,AMES,3,14,C,-0.03336868807673454,-0.0012959949672222137,-0.03466468304395676,PREDICTED
9,AMES,3,15,C,0.04561477527022362,-0.0005783785600215197,0.045036397874355316,PREDICTED
9,AMES,3,16,O,-0.24865493178367615,0.0008233955595642328,-0.2478315383195877,PREDICTED
9,AMES,3,17,O,0.3709312081336975,-0.06147430092096329,0.3094569146633148,PREDICTED
9,AMES,3,18,C,0.00933221448212862,-0.037847600877285004,-0.028515387326478958,PREDICTED
9,AMES,3,19,O,-0.11250225454568863,0.02024373970925808,-0.0922585129737854,PREDICTED
9,Skin_Reaction,3,0,C,-0.03876037895679474,0.0012208360712975264,-0.037539541721343994,PREDICTED
9,Skin_Reaction,3,1,O,-0.048391006886959076,0.011956953443586826,-0.036434054374694824,PREDICTED
9,Skin_Reaction,3,2,C,-0.018491724506020546,0.0022408263757824898,-0.01625089719891548,PREDICTED
9,Skin_Reaction,3,3,C,0.008694191463291645,-0.006280975416302681,0.002413216046988964,PREDICTED
9,Skin_Reaction,3,4,C,-0.008067619986832142,0.0034783724695444107,-0.004589247517287731,PREDICTED
9,Skin_Reaction,3,5,C,0.032477084547281265,-0.01113341748714447,0.021343667060136795,PREDICTED
9,Skin_Reaction,3,6,C,-0.03255445882678032,-0.011283517815172672,-0.04383797571063042,PREDICTED
9,Skin_Reaction,3,7,C,-0.013317754492163658,-0.00927751325070858,-0.022595267742872238,PREDICTED
9,Skin_Reaction,3,8,C,-0.05248074606060982,-0.008206779137253761,-0.06068752706050873,PREDICTED
9,Skin_Reaction,3,9,C,-0.005723938345909119,-0.012048584409058094,-0.017772521823644638,PREDICTED
9,Skin_Reaction,3,10,C,0.06008174642920494,-0.016246292740106583,0.04383545368909836,PREDICTED
9,Skin_Reaction,3,11,C,0.03334485739469528,-0.010779166594147682,0.0225656908005476,PREDICTED
9,Skin_Reaction,3,12,C,-0.0025704163126647472,-0.004244295880198479,-0.006814712192863226,PREDICTED
9,Skin_Reaction,3,13,C,-0.01683804579079151,0.003948241472244263,-0.012889804318547249,PREDICTED
9,Skin_Reaction,3,14,C,-0.009243831969797611,-0.011588754132390022,-0.020832587033510208,PREDICTED
9,Skin_Reaction,3,15,C,-0.010632188990712166,-0.010133982636034489,-0.02076617255806923,PREDICTED
9,Skin_Reaction,3,16,O,0.05435146391391754,0.011488872580230236,0.06584033370018005,PREDICTED
9,Skin_Reaction,3,17,O,0.08985915035009384,-0.02853373810648918,0.06132541224360466,PREDICTED
9,Skin_Reaction,3,18,C,0.006146908272057772,-0.03300102427601814,-0.02685411646962166,PREDICTED
9,Skin_Reaction,3,19,O,0.0897957906126976,0.015075000002980232,0.10487078875303268,PREDICTED
9,DILI,3,0,C,0.000570236355997622,0.005280268378555775,0.005850504618138075,PREDICTED
9,DILI,3,1,O,0.015554089099168777,0.01113648060709238,0.026690568774938583,PREDICTED
9,DILI,3,2,C,0.041903555393218994,0.0033493046648800373,0.045252859592437744,PREDICTED
9,DILI,3,3,C,-0.002153504639863968,-0.01040157862007618,-0.012555083259940147,PREDICTED
9,DILI,3,4,C,0.003269403474405408,0.01313144713640213,0.01640085130929947,PREDICTED
9,DILI,3,5,C,0.08527600020170212,0.008154574781656265,0.09343057870864868,PREDICTED
9,DILI,3,6,C,0.01402378547936678,0.008412545546889305,0.02243633195757866,PREDICTED
9,DILI,3,7,C,0.033153463155031204,0.002464443910866976,0.03561790660023689,PREDICTED
9,DILI,3,8,C,-0.03526841476559639,-0.0008682170882821083,-0.03613663092255592,PREDICTED
9,DILI,3,9,C,-0.11414951086044312,-0.02019059844315052,-0.1343401074409485,PREDICTED
9,DILI,3,10,C,0.1972476840019226,-0.039221540093421936,0.15802614390850067,PREDICTED
9,DILI,3,11,C,0.10468597710132599,-0.020082389935851097,0.08460358530282974,PREDICTED
9,DILI,3,12,C,-0.005822319537401199,0.00013824831694364548,-0.005684071220457554,PREDICTED
9,DILI,3,13,C,0.043864574283361435,-0.0017648664070293307,0.04209970682859421,PREDICTED
9,DILI,3,14,C,0.019356900826096535,0.006977410987019539,0.026334311813116074,PREDICTED
9,DILI,3,15,C,0.008777648210525513,0.004182562232017517,0.01296021044254303,PREDICTED
9,DILI,3,16,O,-0.0781654566526413,-0.001562557416036725,-0.07972801476716995,PREDICTED
9,DILI,3,17,O,0.17569822072982788,-0.029173718765378,0.14652450382709503,PREDICTED
9,DILI,3,18,C,-0.09876091033220291,-0.02646350860595703,-0.12522441148757935,PREDICTED
9,DILI,3,19,O,0.03901715949177742,0.01942807249724865,0.05844523012638092,PREDICTED
9,hERG,3,0,C,0.06715864688158035,0.002143008867278695,0.06930165737867355,PREDICTED
9,hERG,3,1,O,0.010355656035244465,0.004321692511439323,0.014677348546683788,PREDICTED
9,hERG,3,2,C,0.04152223840355873,0.009550404734909534,0.05107264220714569,PREDICTED
9,hERG,3,3,C,0.060951557010412216,0.011406522244215012,0.07235807925462723,PREDICTED
9,hERG,3,4,C,-0.044213324785232544,0.0008423151448369026,-0.043371010571718216,PREDICTED
9,hERG,3,5,C,0.029239334166049957,0.012327107600867748,0.04156644269824028,PREDICTED
9,hERG,3,6,C,0.030576322227716446,0.0032646916806697845,0.03384101390838623,PREDICTED
9,hERG,3,7,C,0.042567797005176544,0.005437536630779505,0.04800533503293991,PREDICTED
9,hERG,3,8,C,-0.008921828120946884,0.0014126969035714865,-0.007509130984544754,PREDICTED
9,hERG,3,9,C,0.07209347933530807,-0.010854539461433887,0.06123894080519676,PREDICTED
9,hERG,3,10,C,0.05260775610804558,-0.008842858485877514,0.04376489669084549,PREDICTED
9,hERG,3,11,C,0.0772186890244484,-0.0011756271123886108,0.07604306191205978,PREDICTED
9,hERG,3,12,C,0.051744312047958374,0.006160232238471508,0.05790454521775246,PREDICTED
9,hERG,3,13,C,-0.011838871985673904,0.0008660033345222473,-0.010972868651151657,PREDICTED
9,hERG,3,14,C,0.033368609845638275,0.006290252320468426,0.039658863097429276,PREDICTED
9,hERG,3,15,C,0.02804500050842762,-0.0018491519149392843,0.026195848360657692,PREDICTED
9,hERG,3,16,O,-0.05587712302803993,-0.011965081095695496,-0.06784220039844513,PREDICTED
9,hERG,3,17,O,0.05592361465096474,0.003968080505728722,0.05989169329404831,PREDICTED
9,hERG,3,18,C,0.1009494811296463,0.004837768152356148,0.1057872474193573,PREDICTED
9,hERG,3,19,O,-0.02855379320681095,-0.01249357033520937,-0.041047364473342896,PREDICTED
10,AMES,3,0,C,0.02039080113172531,-0.006281981244683266,0.014108819887042046,PREDICTED
10,AMES,3,1,C,-0.07057616114616394,-0.03314937651157379,-0.10372553765773773,PREDICTED
10,AMES,3,2,C,-0.024129170924425125,-0.0030491207726299763,-0.027178291231393814,PREDICTED
10,AMES,3,3,C,-0.09207259863615036,0.028182968497276306,-0.06388963013887405,PREDICTED
10,AMES,3,4,C,0.0672692283987999,0.0832267701625824,0.1504960060119629,PREDICTED
10,AMES,3,5,C,0.007320924196392298,0.032556574791669846,0.039877500385046005,PREDICTED
10,AMES,3,6,C,0.016849637031555176,0.01877698302268982,0.035626620054244995,PREDICTED
10,AMES,3,7,C,-0.018313784152269363,0.00023748655803501606,-0.018076296895742416,PREDICTED
10,AMES,3,8,C,0.1317472904920578,-0.03344591706991196,0.09830137342214584,PREDICTED
10,AMES,3,9,C,0.16298896074295044,0.05501246824860573,0.21800142526626587,PREDICTED
10,AMES,3,10,O,0.2976687550544739,-0.05117640644311905,0.24649235606193542,PREDICTED
10,AMES,3,11,C,-0.0225770752876997,-0.0436125174164772,-0.06618959456682205,PREDICTED
10,AMES,3,12,C,-0.2907365560531616,0.009647916071116924,-0.281088650226593,PREDICTED
10,AMES,3,13,C,-0.03167515993118286,-0.013003218919038773,-0.044678378850221634,PREDICTED
10,AMES,3,14,C,-0.012538643553853035,0.008471991866827011,-0.004066651687026024,PREDICTED
10,AMES,3,15,C,-0.029859956353902817,0.01991885155439377,-0.009941104799509048,PREDICTED
10,AMES,3,16,C,0.051441676914691925,0.001256309449672699,0.052697986364364624,PREDICTED
10,AMES,3,17,C,-0.007356560789048672,0.019175073131918907,0.011818512342870235,PREDICTED
10,AMES,3,18,C,-0.010544016025960445,0.0020116937812417746,-0.008532322011888027,PREDICTED
10,AMES,3,19,C,-0.02535194158554077,0.019519131630659103,-0.005832809954881668,PREDICTED
10,AMES,3,20,O,-0.18798205256462097,0.026152001693844795,-0.16183005273342133,PREDICTED
10,AMES,3,21,C,0.038477569818496704,0.008465532213449478,0.04694310203194618,PREDICTED
10,AMES,3,22,O,-0.12853191792964935,0.01821875385940075,-0.11031316220760345,PREDICTED
10,AMES,3,23,O,-0.28725552558898926,0.003840300254523754,-0.2834152281284332,PREDICTED
10,AMES,3,24,C,0.02039080113172531,-0.006281981244683266,0.014108819887042046,PREDICTED
10,Skin_Reaction,3,0,C,-0.029623351991176605,-0.003732523648068309,-0.03335587680339813,PREDICTED
10,Skin_Reaction,3,1,C,0.0253374632447958,-0.003697474952787161,0.02163998782634735,PREDICTED
10,Skin_Reaction,3,2,C,0.01243616919964552,0.0071465144865214825,0.019582683220505714,PREDICTED
10,Skin_Reaction,3,3,C,0.03568229079246521,0.010398853570222855,0.046081144362688065,PREDICTED
10,Skin_Reaction,3,4,C,0.04005570337176323,0.003527987515553832,0.043583691120147705,PREDICTED
10,Skin_Reaction,3,5,C,0.001115674851462245,-0.002483455929905176,-0.0013677810784429312,PREDICTED
10,Skin_Reaction,3,6,C,0.01181168481707573,-0.002858123742043972,0.008953561075031757,PREDICTED
10,Skin_Reaction,3,7,C,-0.006113231182098389,-0.004379108548164368,-0.010492339730262756,PREDICTED
10,Skin_Reaction,3,8,C,0.02986498549580574,-0.005123489536345005,0.02474149689078331,PREDICTED
10,Skin_Reaction,3,9,C,0.029202677309513092,-0.001271626097150147,0.027931051328778267,PREDICTED
10,Skin_Reaction,3,10,O,0.04642287641763687,-0.017890067771077156,0.028532808646559715,PREDICTED
10,Skin_Reaction,3,11,C,0.006775306072086096,-0.02254888415336609,-0.015773577615618706,PREDICTED
10,Skin_Reaction,3,12,C,-0.03506844490766525,-0.004890539217740297,-0.03995898365974426,PREDICTED
10,Skin_Reaction,3,13,C,0.013374154455959797,-0.005957557819783688,0.007416596636176109,PREDICTED
10,Skin_Reaction,3,14,C,0.015376150608062744,-0.0026206921320408583,0.012755458243191242,PREDICTED
10,Skin_Reaction,3,15,C,-0.016765767708420753,-0.0019851408433169127,-0.018750907853245735,PREDICTED
10,Skin_Reaction,3,16,C,0.009763890877366066,-0.0030020130798220634,0.0067618777975440025,PREDICTED
10,Skin_Reaction,3,17,C,-0.016627194359898567,0.0018358253873884678,-0.014791369438171387,PREDICTED
10,Skin_Reaction,3,18,C,-0.009666393510997295,-0.007255906704813242,-0.016922300681471825,PREDICTED
10,Skin_Reaction,3,19,C,-0.012125816196203232,-0.005680767819285393,-0.017806584015488625,PREDICTED
10,Skin_Reaction,3,20,O,-0.042348649352788925,0.00839912798255682,-0.03394952043890953,PREDICTED
10,Skin_Reaction,3,21,C,-0.01964491605758667,0.0010858753230422735,-0.018559040501713753,PREDICTED
10,Skin_Reaction,3,22,O,0.02555963769555092,0.003149783704429865,0.028709420934319496,PREDICTED
10,Skin_Reaction,3,23,O,-0.009807138703763485,0.0010280210990458727,-0.008779117837548256,PREDICTED
10,Skin_Reaction,3,24,C,-0.029623351991176605,-0.003732523648068309,-0.03335587680339813,PREDICTED
10,DILI,3,0,C,0.04418237507343292,-0.002749938517808914,0.04143243655562401,PREDICTED
10,DILI,3,1,C,-0.011798334307968616,-0.01540336012840271,-0.027201693505048752,PREDICTED
10,DILI,3,2,C,0.03545201197266579,-0.013364681974053383,0.022087329998612404,PREDICTED
10,DILI,3,3,C,-0.10098093003034592,-0.0029043778777122498,-0.10388530790805817,PREDICTED
10,DILI,3,4,C,0.1273169219493866,0.017143532633781433,0.14446045458316803,PREDICTED
10,DILI,3,5,C,0.041805341839790344,0.021950002759695053,0.0637553483247757,PREDICTED
10,DILI,3,6,C,0.029560305178165436,0.014316885732114315,0.043877191841602325,PREDICTED
10,DILI,3,7,C,-0.008360268548130989,0.005805900786072016,-0.0025543677620589733,PREDICTED
10,DILI,3,8,C,0.20058950781822205,-0.03098033368587494,0.1696091741323471,PREDICTED
10,DILI,3,9,C,0.14738227427005768,-0.0030213952995836735,0.14436088502407074,PREDICTED
10,DILI,3,10,O,0.11486538499593735,-0.023945003747940063,0.09092038124799728,PREDICTED
10,DILI,3,11,C,-0.10156966745853424,-0.024301117286086082,-0.12587077915668488,PREDICTED
10,DILI,3,12,C,-0.008563382551074028,-0.004541005939245224,-0.013104388490319252,PREDICTED
10,DILI,3,13,C,-0.10760284215211868,-0.021146662533283234,-0.12874950468540192,PREDICTED
10,DILI,3,14,C,0.08111988008022308,0.010409769602119923,0.09152965247631073,PREDICTED
10,DILI,3,15,C,0.006482572760432959,0.009532583877444267,0.016015157103538513,PREDICTED
10,DILI,3,16,C,0.0036615412682294846,-0.007147366181015968,-0.0034858249127864838,PREDICTED
10,DILI,3,17,C,0.04430365562438965,0.0036889761686325073,0.047992631793022156,PREDICTED
10,DILI,3,18,C,0.03725443407893181,0.003865637816488743,0.04112007096409798,PREDICTED
10,DILI,3,19,C,0.01979340799152851,0.009998205117881298,0.029791612178087234,PREDICTED
10,DILI,3,20,O,0.021326826885342598,0.00904268492013216,0.030369512736797333,PREDICTED
10,DILI,3,21,C,0.015428444370627403,0.0047976113855838776,0.02022605575621128,PREDICTED
10,DILI,3,22,O,0.012953625060617924,0.011432615108788013,0.024386240169405937,PREDICTED
10,DILI,3,23,O,-0.07217390090227127,0.007435440085828304,-0.06473845988512039,PREDICTED
10,DILI,3,24,C,0.04418237507343292,-0.002749938517808914,0.04143243655562401,PREDICTED
10,hERG,3,0,C,0.0822426825761795,0.0040095048025250435,0.08625219017267227,PREDICTED
10,hERG,3,1,C,0.002740201773121953,0.007556410506367683,0.010296612046658993,PREDICTED
10,hERG,3,2,C,-0.002928490051999688,0.0030922172591090202,0.00016372720710933208,PREDICTED
10,hERG,3,3,C,0.06924133002758026,0.0025242334231734276,0.07176556438207626,PREDICTED
10,hERG,3,4,C,-0.0205402709543705,0.02127884142100811,0.0007385704666376114,PREDICTED
10,hERG,3,5,C,-0.007208096329122782,0.016697317361831665,0.00948922149837017,PREDICTED
10,hERG,3,6,C,0.030881552025675774,0.003463687375187874,0.03434523940086365,PREDICTED
10,hERG,3,7,C,0.01309624221175909,-0.003004227764904499,0.010092014446854591,PREDICTED
10,hERG,3,8,C,0.02621430531144142,0.007399711757898331,0.03361401706933975,PREDICTED
10,hERG,3,9,C,0.018285075202584267,0.025774570181965828,0.044059645384550095,PREDICTED
10,hERG,3,10,O,-0.003519838210195303,0.00578670110553503,0.0022668628953397274,PREDICTED
10,hERG,3,11,C,0.08744832873344421,0.009125173091888428,0.09657350182533264,PREDICTED
10,hERG,3,12,C,-0.044003263115882874,0.004069062881171703,-0.039934199303388596,PREDICTED
10,hERG,3,13,C,0.07479503750801086,-0.004547350108623505,0.07024768739938736,PREDICTED
10,hERG,3,14,C,0.008139315992593765,0.011194545775651932,0.019333861768245697,PREDICTED
10,hERG,3,15,C,-0.0417606495320797,0.011432233266532421,-0.0303284153342247,PREDICTED
10,hERG,3,16,C,0.05637696757912636,0.012155413627624512,0.06853237748146057,PREDICTED
10,hERG,3,17,C,0.029495803639292717,0.008803173899650574,0.03829897940158844,PREDICTED
10,hERG,3,18,C,0.032550934702157974,0.005998079665005207,0.03854901343584061,PREDICTED
10,hERG,3,19,C,0.021821726113557816,0.0036358851939439774,0.025457611307501793,PREDICTED
10,hERG,3,20,O,0.003069825004786253,0.002312593162059784,0.005382418166846037,PREDICTED
10,hERG,3,21,C,0.059915922582149506,0.0011561209103092551,0.06107204407453537,PREDICTED
10,hERG,3,22,O,0.021510224789381027,-0.003191270399838686,0.01831895485520363,PREDICTED
10,hERG,3,23,O,0.040821950882673264,0.004458844196051359,0.04528079554438591,PREDICTED
10,hERG,3,24,C,0.0822426825761795,0.0040095048025250435,0.08625219017267227,PREDICTED
11,AMES,3,0,C,-0.23435719311237335,-0.00841683242470026,-0.24277402460575104,PREDICTED
11,AMES,3,1,C,-0.11754625290632248,-0.0018646903336048126,-0.11941094696521759,PREDICTED
11,AMES,3,2,C,0.012654307298362255,0.04593008756637573,0.05858439579606056,PREDICTED
11,AMES,3,3,C,0.2053089290857315,0.007492605596780777,0.21280153095722198,PREDICTED
11,AMES,3,4,C,0.0826299786567688,-0.006854988634586334,0.07577499002218246,PREDICTED
11,AMES,3,5,C,0.032129302620887756,-0.0027877315878868103,0.029341571033000946,PREDICTED
11,AMES,3,6,O,0.13208524882793427,0.015612650662660599,0.14769789576530457,PREDICTED
11,AMES,3,7,C,-0.05393571779131889,-0.017975661903619766,-0.07191137969493866,PREDICTED
11,AMES,3,8,C,-0.004080464597791433,-0.0059394254349172115,-0.010019890032708645,PREDICTED
11,AMES,3,9,C,0.1245090663433075,-0.044592782855033875,0.07991628348827362,PREDICTED
11,AMES,3,10,C,0.17402289807796478,0.02615407668054104,0.20017696917057037,PREDICTED
11,AMES,3,11,O,0.4170754551887512,-0.06649123132228851,0.3505842089653015,PREDICTED
11,AMES,3,12,C,-0.05266532301902771,-0.0789092481136322,-0.1315745711326599,PREDICTED
11,AMES,3,13,C,-0.022363757714629173,0.006754821166396141,-0.015608936548233032,PREDICTED
11,AMES,3,14,C,-0.042584724724292755,-0.010813843458890915,-0.05339856818318367,PREDICTED
11,AMES,3,15,C,-0.04471457004547119,0.001843784935772419,-0.04287078604102135,PREDICTED
11,AMES,3,16,C,0.0235952977091074,0.028540942817926407,0.052136242389678955,PREDICTED
11,AMES,3,17,C,0.037523601204156876,0.006543945986777544,0.04406754672527313,PREDICTED
11,AMES,3,18,C,-0.019714297726750374,0.01864481344819069,-0.0010694842785596848,PREDICTED
11,AMES,3,19,C,-0.025103313848376274,0.0002892659977078438,-0.024814046919345856,PREDICTED
11,AMES,3,20,C,-0.03871249407529831,0.016760706901550293,-0.021951787173748016,PREDICTED
11,AMES,3,21,O,-0.23864638805389404,0.03192152827978134,-0.2067248523235321,PREDICTED
11,AMES,3,22,C,0.046748753637075424,0.011478220112621784,0.058226972818374634,PREDICTED
11,AMES,3,23,O,-0.22084951400756836,0.017043640837073326,-0.20380587875843048,PREDICTED
11,AMES,3,24,C,-0.23435719311237335,-0.00841683242470026,-0.24277402460575104,PREDICTED
11,Skin_Reaction,3,0,C,-0.056984610855579376,-0.002537964377552271,-0.05952257663011551,PREDICTED
11,Skin_Reaction,3,1,C,0.010320529341697693,-0.00859426986426115,0.0017262594774365425,PREDICTED
11,Skin_Reaction,3,2,C,0.05227186903357506,0.002414566930383444,0.05468643456697464,PREDICTED
11,Skin_Reaction,3,3,C,0.011362852528691292,-0.0031802738085389137,0.008182578720152378,PREDICTED
11,Skin_Reaction,3,4,C,0.02840598113834858,-0.010879095643758774,0.017526885494589806,PREDICTED
11,Skin_Reaction,3,5,C,0.07859966158866882,-0.010984562337398529,0.0676150992512703,PREDICTED
11,Skin_Reaction,3,6,O,-0.09684401750564575,-0.010944625362753868,-0.10778864473104477,PREDICTED
11,Skin_Reaction,3,7,C,-0.012514135800302029,-0.0037547112442553043,-0.01626884751021862,PREDICTED
11,Skin_Reaction,3,8,C,-0.012485121376812458,-0.007120995782315731,-0.01960611715912819,PREDICTED
11,Skin_Reaction,3,9,C,0.04518316686153412,-0.013302523642778397,0.03188064321875572,PREDICTED
11,Skin_Reaction,3,10,C,0.05977049097418785,-0.001680536661297083,0.058089952915906906,PREDICTED
11,Skin_Reaction,3,11,O,0.04075584560632706,-0.027197422459721565,0.013558423146605492,PREDICTED
11,Skin_Reaction,3,12,C,0.031790222972631454,-0.03734755888581276,-0.005557335913181305,PREDICTED
11,Skin_Reaction,3,13,C,-0.08452004939317703,-0.010104529559612274,-0.0946245789527893,PREDICTED
11,Skin_Reaction,3,14,C,0.03201115131378174,-0.0061430856585502625,0.025868065655231476,PREDICTED
11,Skin_Reaction,3,15,C,-0.00812618713825941,-0.012874671258032322,-0.021000858396291733,PREDICTED
11,Skin_Reaction,3,16,C,0.000544802169315517,-0.0023033367469906807,-0.0017585345776751637,PREDICTED
11,Skin_Reaction,3,17,C,0.008330991491675377,-0.007536644581705332,0.0007943469099700451,PREDICTED
11,Skin_Reaction,3,18,C,-0.03785461187362671,9.411759674549103e-05,-0.03776049613952637,PREDICTED
11,Skin_Reaction,3,19,C,-0.017844324931502342,-0.008508286438882351,-0.02635261043906212,PREDICTED
11,Skin_Reaction,3,20,C,-0.015161664225161076,-0.00850142166018486,-0.02366308495402336,PREDICTED
11,Skin_Reaction,3,21,O,-0.0850268229842186,0.010361806489527225,-0.07466501742601395,PREDICTED
11,Skin_Reaction,3,22,C,-0.029707059264183044,0.0017293657874688506,-0.02797769382596016,PREDICTED
11,Skin_Reaction,3,23,O,0.06362408399581909,0.005783533211797476,0.069407619535923,PREDICTED
11,Skin_Reaction,3,24,C,-0.056984610855579376,-0.002537964377552271,-0.05952257663011551,PREDICTED
11,DILI,3,0,C,-0.033960990607738495,-0.002396323950961232,-0.03635731339454651,PREDICTED
11,DILI,3,1,C,-0.023946093395352364,-0.0067488523200154305,-0.03069494664669037,PREDICTED
11,DILI,3,2,C,-0.0017992511857300997,-0.010938204824924469,-0.012737455777823925,PREDICTED
11,DILI,3,3,C,-0.004307556431740522,-0.022299129515886307,-0.026606686413288116,PREDICTED
11,DILI,3,4,C,0.17109385132789612,-0.04012739285826683,0.130966454744339,PREDICTED
11,DILI,3,5,C,0.032239317893981934,-0.021027036011219025,0.011212281882762909,PREDICTED
11,DILI,3,6,O,0.1845935434103012,0.006037653423845768,0.1906311959028244,PREDICTED
11,DILI,3,7,C,-0.015196545049548149,-0.009059805423021317,-0.024256350472569466,PREDICTED
11,DILI,3,8,C,-0.003492152551189065,-0.0010683001019060612,-0.00456045288592577,PREDICTED
11,DILI,3,9,C,0.19138802587985992,-0.029493384063243866,0.16189464926719666,PREDICTED
11,DILI,3,10,C,0.15438176691532135,-0.016387658193707466,0.13799411058425903,PREDICTED
11,DILI,3,11,O,0.09295964986085892,-0.025409821420907974,0.06754982471466064,PREDICTED
11,DILI,3,12,C,-0.12347664684057236,-0.02111509069800377,-0.14459173381328583,PREDICTED
11,DILI,3,13,C,-0.04906407743692398,0.002232263796031475,-0.04683181270956993,PREDICTED
11,DILI,3,14,C,-0.13144761323928833,-0.014893658459186554,-0.1463412642478943,PREDICTED
11,DILI,3,15,C,0.10778704285621643,0.004536569584161043,0.11232361197471619,PREDICTED
11,DILI,3,16,C,0.044690199196338654,0.013525357469916344,0.058215558528900146,PREDICTED
11,DILI,3,17,C,-0.01104594673961401,-0.0074125598184764385,-0.01845850609242916,PREDICTED
11,DILI,3,18,C,0.04494941979646683,0.0018895338289439678,0.04683895409107208,PREDICTED
11,DILI,3,19,C,0.032493460923433304,0.00419740192592144,0.036690860986709595,PREDICTED
11,DILI,3,20,C,0.04670027643442154,0.017924271523952484,0.06462454795837402,PREDICTED
11,DILI,3,21,O,0.007599741220474243,0.009676080197095871,0.017275821417570114,PREDICTED
11,DILI,3,22,C,0.024848295375704765,0.006080632098019123,0.030928928405046463,PREDICTED
11,DILI,3,23,O,0.0029430631548166275,0.0204106904566288,0.023353753611445427,PREDICTED
11,DILI,3,24,C,-0.033960990607738495,-0.002396323950961232,-0.03635731339454651,PREDICTED
11,hERG,3,0,C,0.0908500924706459,0.0020279856398701668,0.0928780809044838,PREDICTED
11,hERG,3,1,C,0.001935493783093989,0.013020082376897335,0.01495557650923729,PREDICTED
11,hERG,3,2,C,0.028931431472301483,0.004729944281280041,0.0336613766849041,PREDICTED
11,hERG,3,3,C,0.006407749839127064,0.0013161665992811322,0.007723916321992874,PREDICTED
11,hERG,3,4,C,0.005595760885626078,0.012260625138878822,0.017856385558843613,PREDICTED
11,hERG,3,5,C,0.061488617211580276,0.00986503530293703,0.07135365158319473,PREDICTED
11,hERG,3,6,O,-0.04285908117890358,0.005958857014775276,-0.036900222301483154,PREDICTED
11,hERG,3,7,C,0.04469815269112587,0.002344113541767001,0.04704226553440094,PREDICTED
11,hERG,3,8,C,0.016570312902331352,-0.0012578531168401241,0.01531245931982994,PREDICTED
11,hERG,3,9,C,0.05703873559832573,0.0016245334409177303,0.0586632676422596,PREDICTED
11,hERG,3,10,C,0.05595547705888748,0.009803079068660736,0.06575855612754822,PREDICTED
11,hERG,3,11,O,0.050503410398960114,-0.004528537858277559,0.04597487300634384,PREDICTED
11,hERG,3,12,C,0.058904971927404404,-0.004259196575731039,0.05464577674865723,PREDICTED
11,hERG,3,13,C,0.004223923664540052,-0.004868636839091778,-0.0006447131745517254,PREDICTED
11,hERG,3,14,C,0.043258413672447205,-0.004390460439026356,0.03886795416474342,PREDICTED
11,hERG,3,15,C,-0.015501455403864384,0.00832887552678585,-0.007172579877078533,PREDICTED
11,hERG,3,16,C,-0.033848267048597336,0.021067144349217415,-0.012781122699379921,PREDICTED
11,hERG,3,17,C,0.049978453665971756,0.009636228904128075,0.05961468070745468,PREDICTED
11,hERG,3,18,C,0.028450772166252136,0.007917099632322788,0.03636787086725235,PREDICTED
11,hERG,3,19,C,0.031323932111263275,0.005346206482499838,0.03667013719677925,PREDICTED
11,hERG,3,20,C,0.01787502132356167,0.003928770311176777,0.02180379256606102,PREDICTED
11,hERG,3,21,O,-0.004180993884801865,0.0035952292382717133,-0.0005857646465301514,PREDICTED
11,hERG,3,22,C,0.05746183916926384,0.0014796899631619453,0.05894152820110321,PREDICTED
11,hERG,3,23,O,0.08307347446680069,0.004966183565557003,0.08803965896368027,PREDICTED
11,hERG,3,24,C,0.0908500924706459,0.0020279856398701668,0.0928780809044838,PREDICTED
13,AMES,3,0,C,-0.08784507215023041,-0.009989271871745586,-0.09783434122800827,PREDICTED
13,AMES,3,1,C,-0.24650844931602478,0.026071423664689064,-0.22043702006340027,PREDICTED
13,AMES,3,2,C,-0.04628724232316017,-0.027074851095676422,-0.07336209714412689,PREDICTED
13,AMES,3,3,O,0.3543209731578827,-0.04864432290196419,0.3056766390800476,PREDICTED
13,AMES,3,4,C,0.10805533081293106,-0.019102737307548523,0.08895259350538254,PREDICTED
13,AMES,3,5,C,0.1366220861673355,-0.04410168156027794,0.09252040088176727,PREDICTED
13,AMES,3,6,C,0.03993963450193405,0.0008861701935529709,0.04082580655813217,PREDICTED
13,AMES,3,7,C,-0.03266230598092079,0.001994948834180832,-0.03066735714673996,PREDICTED
13,AMES,3,8,C,0.0024076574482023716,0.004801012575626373,0.007208670023828745,PREDICTED
13,AMES,3,9,C,0.007159491069614887,0.012261275202035904,0.019420765340328217,PREDICTED
13,AMES,3,10,O,-0.22405457496643066,-0.0017087198793888092,-0.22576329112052917,PREDICTED
13,AMES,3,11,C,0.010170986875891685,0.024757448583841324,0.03492843359708786,PREDICTED
13,AMES,3,12,C,-0.06501638144254684,0.05117163434624672,-0.013844747096300125,PREDICTED
13,AMES,3,13,C,-0.007258574012666941,0.006173367612063885,-0.001085206400603056,PREDICTED
13,AMES,3,14,C,0.014549844898283482,0.005428281147032976,0.019978126510977745,PREDICTED
13,AMES,3,15,C,-0.0369395986199379,0.0031505743972957134,-0.033789023756980896,PREDICTED
13,AMES,3,16,C,-0.022711779922246933,0.018135916441679,-0.004575863480567932,PREDICTED
13,AMES,3,17,O,-0.2050025314092636,0.0007807467482052743,-0.20422178506851196,PREDICTED
13,AMES,3,18,O,-0.010877758264541626,0.036226291209459305,0.02534853294491768,PREDICTED
13,Skin_Reaction,3,0,C,-0.00803842581808567,-0.009348883293569088,-0.017387308180332184,PREDICTED
13,Skin_Reaction,3,1,C,-0.030072109773755074,-0.005193931981921196,-0.03526604175567627,PREDICTED
13,Skin_Reaction,3,2,C,0.0013391372049227357,-0.021948767825961113,-0.020609630271792412,PREDICTED
13,Skin_Reaction,3,3,O,0.07054213434457779,-0.018241889774799347,0.05230024456977844,PREDICTED
13,Skin_Reaction,3,4,C,0.028396233916282654,-0.0059481170028448105,0.022448116913437843,PREDICTED
13,Skin_Reaction,3,5,C,0.04830348491668701,-0.011875220574438572,0.036428265273571014,PREDICTED
13,Skin_Reaction,3,6,C,-0.0063304901123046875,-0.006691566668450832,-0.01302205678075552,PREDICTED
13,Skin_Reaction,3,7,C,-0.006037651561200619,-0.007287837099283934,-0.013325488194823265,PREDICTED
13,Skin_Reaction,3,8,C,-0.011894876137375832,0.003647012636065483,-0.008247863501310349,PREDICTED
13,Skin_Reaction,3,9,C,-4.304456524550915e-06,-0.0015592214185744524,-0.0015635258750990033,PREDICTED
13,Skin_Reaction,3,10,O,0.03925914317369461,0.0076783448457717896,0.0469374880194664,PREDICTED
13,Skin_Reaction,3,11,C,0.031031643971800804,-0.005448528099805117,0.025583116337656975,PREDICTED
13,Skin_Reaction,3,12,C,-0.01613423600792885,0.006662108935415745,-0.009472127072513103,PREDICTED
13,Skin_Reaction,3,13,C,0.0019628717564046383,-0.00012835441157221794,0.0018345173448324203,PREDICTED
13,Skin_Reaction,3,14,C,-0.01723746955394745,0.007823050953447819,-0.00941441860049963,PREDICTED
13,Skin_Reaction,3,15,C,-0.010837656445801258,-0.006320800632238388,-0.01715845614671707,PREDICTED
13,Skin_Reaction,3,16,C,-0.020865773782134056,-0.0072996960952878,-0.02816547080874443,PREDICTED
13,Skin_Reaction,3,17,O,0.035645149648189545,0.009718911722302437,0.04536405950784683,PREDICTED
13,Skin_Reaction,3,18,O,0.07011733204126358,0.013174801133573055,0.08329213410615921,PREDICTED
13,DILI,3,0,C,-0.09698330610990524,-0.02056260034441948,-0.11754590272903442,PREDICTED
13,DILI,3,1,C,-0.006277340929955244,-0.0009190504206344485,-0.007196391467005014,PREDICTED
13,DILI,3,2,C,-0.08821289241313934,-0.028124654665589333,-0.11633754521608353,PREDICTED
13,DILI,3,3,O,0.17272603511810303,-0.029893456026911736,0.14283257722854614,PREDICTED
13,DILI,3,4,C,0.10026045888662338,-0.021441372111439705,0.07881908863782883,PREDICTED
13,DILI,3,5,C,0.17786698043346405,-0.03871356323361397,0.13915342092514038,PREDICTED
13,DILI,3,6,C,0.0036662225611507893,0.002021175343543291,0.00568739790469408,PREDICTED
13,DILI,3,7,C,0.016170531511306763,0.005301962606608868,0.021472495049238205,PREDICTED
13,DILI,3,8,C,0.03612637519836426,-0.003227466717362404,0.032898910343647,PREDICTED
13,DILI,3,9,C,-0.003953804727643728,0.001099880551919341,-0.002853924175724387,PREDICTED
13,DILI,3,10,O,-0.07964614033699036,-0.0040968842804431915,-0.08374302089214325,PREDICTED
13,DILI,3,11,C,0.1260867714881897,0.003982624504715204,0.13006938993930817,PREDICTED
13,DILI,3,12,C,0.025092726573348045,0.012711482122540474,0.03780420869588852,PREDICTED
13,DILI,3,13,C,-0.00546050863340497,-0.005583237856626511,-0.011043746024370193,PREDICTED
13,DILI,3,14,C,0.05249352380633354,-0.0009028388885781169,0.0515906848013401,PREDICTED
13,DILI,3,15,C,0.01993435248732567,0.0049520330503582954,0.02488638460636139,PREDICTED
13,DILI,3,16,C,0.010879475623369217,0.0035832440480589867,0.014462719671428204,PREDICTED
13,DILI,3,17,O,-0.06795555353164673,-0.0031619262881577015,-0.07111748307943344,PREDICTED
13,DILI,3,18,O,-0.0058708880096673965,0.019316203892230988,0.013445315882563591,PREDICTED
13,hERG,3,0,C,0.06582123786211014,-0.007418840192258358,0.058402396738529205,PREDICTED
13,hERG,3,1,C,-0.00253390078432858,-1.193024218082428e-06,-0.0025350938085466623,PREDICTED
13,hERG,3,2,C,0.08491608500480652,0.004131542984396219,0.0890476256608963,PREDICTED
13,hERG,3,3,O,0.043484658002853394,0.0043332502245903015,0.047817908227443695,PREDICTED
13,hERG,3,4,C,0.06311575323343277,0.0009522881591692567,0.06406804174184799,PREDICTED
13,hERG,3,5,C,0.03378999978303909,-0.0047486587427556515,0.029041340574622154,PREDICTED
13,hERG,3,6,C,0.02731362357735634,6.0056219808757305e-05,0.027373678982257843,PREDICTED
13,hERG,3,7,C,0.030292043462395668,0.007204489782452583,0.03749653324484825,PREDICTED
13,hERG,3,8,C,-0.008756241761147976,-0.0015633422881364822,-0.010319584049284458,PREDICTED
13,hERG,3,9,C,0.045490577816963196,0.006974560208618641,0.05246513709425926,PREDICTED
13,hERG,3,10,O,-0.07589490711688995,-0.014115764759480953,-0.09001067280769348,PREDICTED
13,hERG,3,11,C,0.017913762480020523,0.010683206841349602,0.028596969321370125,PREDICTED
13,hERG,3,12,C,-0.012181390076875687,0.007219894323498011,-0.004961495753377676,PREDICTED
13,hERG,3,13,C,0.048459362238645554,0.007587652187794447,0.05604701489210129,PREDICTED
13,hERG,3,14,C,-0.0006312034674920142,0.001563269179314375,0.0009320657118223608,PREDICTED
13,hERG,3,15,C,0.010005006566643715,0.0036398854572325945,0.013644891791045666,PREDICTED
13,hERG,3,16,C,0.01652148924767971,0.0026333231944590807,0.019154813140630722,PREDICTED
13,hERG,3,17,O,-0.018407706171274185,-0.004863366950303316,-0.023271072655916214,PREDICTED
13,hERG,3,18,O,0.002136513125151396,-0.002145910169929266,-9.397044777870178e-06,PREDICTED
14,AMES,3,0,C,0.03413718566298485,-0.005813100375235081,0.028324086219072342,PREDICTED
14,AMES,3,1,C,-0.08024962246417999,-0.0319853350520134,-0.11223495751619339,PREDICTED
14,AMES,3,2,C,-0.017529882490634918,-9.439513087272644e-05,-0.017624277621507645,PREDICTED
14,AMES,3,3,C,-0.10485891252756119,0.030846349895000458,-0.07401256263256073,PREDICTED
14,AMES,3,4,C,0.037816960364580154,0.08379971981048584,0.1216166764497757,PREDICTED
14,AMES,3,5,C,-0.006132247857749462,0.031636230647563934,0.025503981858491898,PREDICTED
14,AMES,3,6,C,0.010081115178763866,0.021794065833091736,0.03187518194317818,PREDICTED
14,AMES,3,7,C,-0.01421070285141468,0.0017066462896764278,-0.012504056096076965,PREDICTED
14,AMES,3,8,C,0.04066259786486626,-0.04124481976032257,-0.0005822218954563141,PREDICTED
14,AMES,3,9,C,0.14271032810211182,0.047291480004787445,0.19000181555747986,PREDICTED
14,AMES,3,10,O,0.3582814335823059,-0.04877108335494995,0.30951035022735596,PREDICTED
14,AMES,3,11,C,-0.05606754869222641,-0.057479552924633026,-0.11354710161685944,PREDICTED
14,AMES,3,12,C,-0.008048946969211102,0.009623531252145767,0.0015745842829346657,PREDICTED
14,AMES,3,13,C,-0.09619198739528656,-0.01943005621433258,-0.11562204360961914,PREDICTED
14,AMES,3,14,C,0.050911933183670044,0.02905704267323017,0.07996897399425507,PREDICTED
14,AMES,3,15,C,-0.003230237402021885,0.05683009326457977,0.05359985679388046,PREDICTED
14,AMES,3,16,C,-0.01918545737862587,0.005839116871356964,-0.013346340507268906,PREDICTED
14,AMES,3,17,C,0.0013976553454995155,0.0029484014958143234,0.004346056841313839,PREDICTED
14,AMES,3,18,C,-0.041533175855875015,0.0007178029045462608,-0.04081537202000618,PREDICTED
14,AMES,3,19,C,-0.024291882291436195,0.007708462420850992,-0.01658342033624649,PREDICTED
14,AMES,3,20,O,-0.2541077435016632,-1.894403249025345e-05,-0.2541266977787018,PREDICTED
14,AMES,3,21,O,-0.00791991874575615,0.04129999876022339,0.03338008001446724,PREDICTED
14,AMES,3,22,O,-0.30723220109939575,-0.0014869950246065855,-0.3087191879749298,PREDICTED
14,AMES,3,23,C,0.03413718566298485,-0.005813100375235081,0.028324086219072342,PREDICTED
14,Skin_Reaction,3,0,C,-0.0346093587577343,-0.003485532011836767,-0.038094889372587204,PREDICTED
14,Skin_Reaction,3,1,C,0.024391477927565575,-0.005249327514320612,0.01914215087890625,PREDICTED
14,Skin_Reaction,3,2,C,0.009210982359945774,0.004159637726843357,0.013370620086789131,PREDICTED
14,Skin_Reaction,3,3,C,0.023495158180594444,0.007875162176787853,0.03137031942605972,PREDICTED
14,Skin_Reaction,3,4,C,0.0445626825094223,0.0027653975412249565,0.04732808098196983,PREDICTED
14,Skin_Reaction,3,5,C,0.0010773595422506332,0.0011543951695784926,0.0022317548282444477,PREDICTED
14,Skin_Reaction,3,6,C,0.010251929052174091,-0.0014444156549870968,0.008807513862848282,PREDICTED
14,Skin_Reaction,3,7,C,-0.004484117962419987,-0.0026394198648631573,-0.007123537827283144,PREDICTED
14,Skin_Reaction,3,8,C,0.02495078183710575,-0.005921475123614073,0.01902930624783039,PREDICTED
14,Skin_Reaction,3,9,C,0.03692835196852684,-0.00355684757232666,0.03337150439620018,PREDICTED
14,Skin_Reaction,3,10,O,0.043366800993680954,-0.016102977097034454,0.0272638238966465,PREDICTED
14,Skin_Reaction,3,11,C,0.0002351108705624938,-0.02017599157989025,-0.019940881058573723,PREDICTED
14,Skin_Reaction,3,12,C,-0.0267681572586298,-0.006155078765004873,-0.03292323648929596,PREDICTED
14,Skin_Reaction,3,13,C,-0.0044045234099030495,-0.006226280704140663,-0.010630804114043713,PREDICTED
14,Skin_Reaction,3,14,C,0.013326083309948444,-0.003610944841057062,0.009715138003230095,PREDICTED
14,Skin_Reaction,3,15,C,-0.020126188173890114,0.005155390594154596,-0.014970798045396805,PREDICTED
14,Skin_Reaction,3,16,C,0.0028030581306666136,0.0016999435611069202,0.00450300145894289,PREDICTED
14,Skin_Reaction,3,17,C,-0.019533401355147362,0.006168448831886053,-0.013364952057600021,PREDICTED
14,Skin_Reaction,3,18,C,-0.008791868574917316,-0.005035551730543375,-0.013827420771121979,PREDICTED
14,Skin_Reaction,3,19,C,-0.011053776368498802,-0.006053189747035503,-0.01710696518421173,PREDICTED
14,Skin_Reaction,3,20,O,0.020251885056495667,0.006604888942092657,0.02685677446424961,PREDICTED
14,Skin_Reaction,3,21,O,0.05255281925201416,0.007698976434767246,0.06025179475545883,PREDICTED
14,Skin_Reaction,3,22,O,0.011361315846443176,0.0029383269138634205,0.01429964229464531,PREDICTED
14,Skin_Reaction,3,23,C,-0.0346093587577343,-0.003485532011836767,-0.038094889372587204,PREDICTED
14,DILI,3,0,C,0.027349205687642097,-0.0035939281806349754,0.023755278438329697,PREDICTED
14,DILI,3,1,C,-0.0036285179667174816,-0.016121793538331985,-0.019750311970710754,PREDICTED
14,DILI,3,2,C,0.03144622966647148,-0.012771673500537872,0.01867455616593361,PREDICTED
14,DILI,3,3,C,-0.09712151437997818,-0.0018879047129303217,-0.09900941699743271,PREDICTED
14,DILI,3,4,C,0.11585341393947601,0.017609424889087677,0.1334628462791443,PREDICTED
14,DILI,3,5,C,0.035344429314136505,0.018808763474225998,0.0541531927883625,PREDICTED
14,DILI,3,6,C,0.020599590614438057,0.013645455241203308,0.034245043992996216,PREDICTED
14,DILI,3,7,C,-0.008031492121517658,0.004826450254768133,-0.003205041866749525,PREDICTED
14,DILI,3,8,C,0.15920132398605347,-0.02902810461819172,0.1301732212305069,PREDICTED
14,DILI,3,9,C,0.14254601299762726,-0.0015860600396990776,0.1409599483013153,PREDICTED
14,DILI,3,10,O,0.13870932161808014,-0.030399661511182785,0.10830965638160706,PREDICTED
14,DILI,3,11,C,-0.0918898954987526,-0.028192967176437378,-0.12008286267518997,PREDICTED
14,DILI,3,12,C,-0.040541112422943115,0.0027528805658221245,-0.037788230925798416,PREDICTED
14,DILI,3,13,C,-0.10045439004898071,-0.016936007887125015,-0.11739039421081543,PREDICTED
14,DILI,3,14,C,0.15140412747859955,0.011242052540183067,0.16264617443084717,PREDICTED
14,DILI,3,15,C,0.052633270621299744,0.014311281964182854,0.06694455444812775,PREDICTED
14,DILI,3,16,C,0.004974061623215675,0.0007072477601468563,0.005681309383362532,PREDICTED
14,DILI,3,17,C,0.0587981641292572,-0.0001642161514610052,0.0586339496076107,PREDICTED
14,DILI,3,18,C,0.021928301081061363,0.012487215921282768,0.03441551700234413,PREDICTED
14,DILI,3,19,C,0.02138364501297474,0.012761680409312248,0.03414532542228699,PREDICTED
14,DILI,3,20,O,-0.08205245435237885,-0.0049082692712545395,-0.08696072548627853,PREDICTED
14,DILI,3,21,O,-0.0494578592479229,0.00871433224529028,-0.04074352607131004,PREDICTED
14,DILI,3,22,O,-0.05568729341030121,0.00562385143712163,-0.050063442438840866,PREDICTED
14,DILI,3,23,C,0.027349205687642097,-0.0035939281806349754,0.023755278438329697,PREDICTED
14,hERG,3,0,C,0.09802398830652237,0.00402428675442934,0.10204827785491943,PREDICTED
14,hERG,3,1,C,0.0151579100638628,0.009944398887455463,0.02510230988264084,PREDICTED
14,hERG,3,2,C,0.02378213033080101,0.005341778509318829,0.029123909771442413,PREDICTED
14,hERG,3,3,C,0.0678045004606247,0.0028563369996845722,0.07066083699464798,PREDICTED
14,hERG,3,4,C,-0.004617289640009403,0.016760598868131638,0.012143309228122234,PREDICTED
14,hERG,3,5,C,0.002194596454501152,0.002202737145125866,0.004397333599627018,PREDICTED
14,hERG,3,6,C,0.04175039753317833,0.005641655996441841,0.04739205539226532,PREDICTED
14,hERG,3,7,C,0.01909579522907734,-0.0017970119370147586,0.017298784106969833,PREDICTED
14,hERG,3,8,C,0.038710374385118484,0.0018411172786727548,0.04055149108171463,PREDICTED
14,hERG,3,9,C,0.01892196200788021,0.011536144651472569,0.030458107590675354,PREDICTED
14,hERG,3,10,O,0.032660722732543945,0.0021070106886327267,0.03476773202419281,PREDICTED
14,hERG,3,11,C,0.09828086942434311,0.000471488106995821,0.09875235706567764,PREDICTED
14,hERG,3,12,C,0.0458352230489254,-0.0050241658464074135,0.04081105813384056,PREDICTED
14,hERG,3,13,C,0.0909709483385086,-0.006036433391273022,0.08493451774120331,PREDICTED
14,hERG,3,14,C,-0.01108464039862156,0.010655729100108147,-0.0004289112985134125,PREDICTED
14,hERG,3,15,C,-0.01528552733361721,0.01254798099398613,-0.0027375463396310806,PREDICTED
14,hERG,3,16,C,0.04667523130774498,0.007553992792963982,0.05422922223806381,PREDICTED
14,hERG,3,17,C,0.0005094349035061896,0.0006583021022379398,0.0011677369475364685,PREDICTED
14,hERG,3,18,C,0.006096722092479467,0.0015542160253971815,0.007650937885046005,PREDICTED
14,hERG,3,19,C,0.006387739907950163,-0.0025213335175067186,0.0038664063904434443,PREDICTED
14,hERG,3,20,O,-0.01997828483581543,-0.004322999622672796,-0.024301284924149513,PREDICTED
14,hERG,3,21,O,0.018787479028105736,0.0008957262034527957,0.01968320459127426,PREDICTED
14,hERG,3,22,O,-0.06788459420204163,-0.009887195192277431,-0.07777179032564163,PREDICTED
14,hERG,3,23,C,0.09802398830652237,0.00402428675442934,0.10204827785491943,PREDICTED
15,AMES,3,0,C,-0.20214876532554626,-0.007218108978122473,-0.20936687290668488,PREDICTED
15,AMES,3,1,C,-0.11639820039272308,0.0011936426162719727,-0.11520455777645111,PREDICTED
15,AMES,3,2,C,0.008482759818434715,0.04353811591863632,0.052020877599716187,PREDICTED
15,AMES,3,3,C,0.19336894154548645,0.007276345044374466,0.20064528286457062,PREDICTED
15,AMES,3,4,C,0.06858159601688385,-0.0052201999351382256,0.06336139887571335,PREDICTED
15,AMES,3,5,C,0.019008522853255272,-0.0008494285866618156,0.01815909519791603,PREDICTED
15,AMES,3,6,O,0.13434717059135437,0.01711159013211727,0.1514587551355362,PREDICTED
15,AMES,3,7,C,-0.05008621886372566,-0.016504758968949318,-0.06659097969532013,PREDICTED
15,AMES,3,8,C,-0.0032300068996846676,-0.0048154192045331,-0.00804542563855648,PREDICTED
15,AMES,3,9,C,0.1109117865562439,-0.041110455989837646,0.06980133056640625,PREDICTED
15,AMES,3,10,C,0.15726062655448914,0.024971626698970795,0.18223226070404053,PREDICTED
15,AMES,3,11,O,0.4058144688606262,-0.0605260506272316,0.3452884256839752,PREDICTED
15,AMES,3,12,C,-0.14966365694999695,-0.0683600977063179,-0.21802374720573425,PREDICTED
15,AMES,3,13,C,0.034468185156583786,0.019036423414945602,0.05350460857152939,PREDICTED
15,AMES,3,14,C,-0.14063283801078796,-0.007876187562942505,-0.14850902557373047,PREDICTED
15,AMES,3,15,C,0.023850349709391594,0.01328712236136198,0.037137471139431,PREDICTED
15,AMES,3,16,C,0.014025634154677391,0.060343120247125626,0.07436875253915787,PREDICTED
15,AMES,3,17,C,-0.03328818827867508,0.009487699717283249,-0.02380048856139183,PREDICTED
15,AMES,3,18,C,0.012313738465309143,-0.0007854413706809282,0.011528297327458858,PREDICTED
15,AMES,3,19,C,-0.04853347688913345,0.00040004123002290726,-0.04813343659043312,PREDICTED
15,AMES,3,20,C,-0.005903101991862059,0.010924658738076687,0.005021556746214628,PREDICTED
15,AMES,3,21,O,-0.3028179109096527,-0.004551553167402744,-0.3073694705963135,PREDICTED
15,AMES,3,22,O,-0.06509379297494888,0.042206987738609314,-0.02288680523633957,PREDICTED
15,AMES,3,23,C,-0.20214876532554626,-0.007218108978122473,-0.20936687290668488,PREDICTED
15,Skin_Reaction,3,0,C,-0.041437312960624695,-0.0019824793562293053,-0.043419793248176575,PREDICTED
15,Skin_Reaction,3,1,C,0.010408672504127026,-0.0049968259409070015,0.005411846563220024,PREDICTED
15,Skin_Reaction,3,2,C,0.038348279893398285,0.001441845204681158,0.03979012370109558,PREDICTED
15,Skin_Reaction,3,3,C,0.00651632621884346,-0.0030435367953032255,0.0034727894235402346,PREDICTED
15,Skin_Reaction,3,4,C,0.02686792053282261,-0.00839938223361969,0.01846853829920292,PREDICTED
15,Skin_Reaction,3,5,C,0.05759477615356445,-0.008318902924656868,0.049275875091552734,PREDICTED
15,Skin_Reaction,3,6,O,-0.06465204060077667,-0.006794926710426807,-0.0714469701051712,PREDICTED
15,Skin_Reaction,3,7,C,-0.005332751665264368,-0.002849369775503874,-0.008182121440768242,PREDICTED
15,Skin_Reaction,3,8,C,-0.006388111971318722,-0.005221930332481861,-0.011610042303800583,PREDICTED
15,Skin_Reaction,3,9,C,0.041918158531188965,-0.011413196101784706,0.03050496242940426,PREDICTED
15,Skin_Reaction,3,10,C,0.0518096424639225,-0.002160456497222185,0.0496491864323616,PREDICTED
15,Skin_Reaction,3,11,O,0.03743092715740204,-0.020053470507264137,0.0173774566501379,PREDICTED
15,Skin_Reaction,3,12,C,0.015985026955604553,-0.027259686961770058,-0.011274660006165504,PREDICTED
15,Skin_Reaction,3,13,C,-0.044180989265441895,-0.0067230286076664925,-0.05090401694178581,PREDICTED
15,Skin_Reaction,3,14,C,0.016221003606915474,-0.006529398262500763,0.009691605344414711,PREDICTED
15,Skin_Reaction,3,15,C,0.0024745939299464226,-0.006619442254304886,-0.004144848324358463,PREDICTED
15,Skin_Reaction,3,16,C,-0.02167409472167492,0.00429648207500577,-0.017377613112330437,PREDICTED
15,Skin_Reaction,3,17,C,0.002156164962798357,0.0005319535266608,0.002688118489459157,PREDICTED
15,Skin_Reaction,3,18,C,-0.029336638748645782,0.006822887808084488,-0.022513750940561295,PREDICTED
15,Skin_Reaction,3,19,C,-0.009664749726653099,-0.007160219829529524,-0.01682497002184391,PREDICTED
15,Skin_Reaction,3,20,C,-0.008260254748165607,-0.006515653803944588,-0.014775908552110195,PREDICTED
15,Skin_Reaction,3,21,O,0.03230777010321617,0.00846056267619133,0.0407683327794075,PREDICTED
15,Skin_Reaction,3,22,O,0.04759225621819496,0.00816511269658804,0.055757369846105576,PREDICTED
15,Skin_Reaction,3,23,C,-0.041437312960624695,-0.0019824793562293053,-0.043419793248176575,PREDICTED
15,DILI,3,0,C,-0.030552104115486145,-0.0021964609622955322,-0.03274856507778168,PREDICTED
15,DILI,3,1,C,-0.010251862928271294,-0.006453840993344784,-0.016705702990293503,PREDICTED
15,DILI,3,2,C,0.004582852590829134,-0.011439509689807892,-0.006856657098978758,PREDICTED
15,DILI,3,3,C,-0.006552882492542267,-0.021176202222704887,-0.027729084715247154,PREDICTED
15,DILI,3,4,C,0.15181544423103333,-0.03696564584970474,0.11484979838132858,PREDICTED
15,DILI,3,5,C,0.033618319779634476,-0.02147015556693077,0.012148164212703705,PREDICTED
15,DILI,3,6,O,0.16707855463027954,0.0033780578523874283,0.17045661807060242,PREDICTED
15,DILI,3,7,C,-0.010515904054045677,-0.008346356451511383,-0.01886226050555706,PREDICTED
15,DILI,3,8,C,-0.0011541519779711962,-0.0017416990594938397,-0.0028958511538803577,PREDICTED
15,DILI,3,9,C,0.17592108249664307,-0.029273763298988342,0.14664731919765472,PREDICTED
15,DILI,3,10,C,0.1446281224489212,-0.01809137873351574,0.12653674185276031,PREDICTED
15,DILI,3,11,O,0.10503161698579788,-0.02625405602157116,0.07877755910158157,PREDICTED
15,DILI,3,12,C,-0.10530723631381989,-0.021169379353523254,-0.12647661566734314,PREDICTED
15,DILI,3,13,C,-0.028392774984240532,0.004199971444904804,-0.024192802608013153,PREDICTED
15,DILI,3,14,C,-0.10634225606918335,-0.013802370987832546,-0.12014462798833847,PREDICTED
15,DILI,3,15,C,0.14366161823272705,0.006136344745755196,0.1497979611158371,PREDICTED
15,DILI,3,16,C,0.06538410484790802,0.013953760266304016,0.07933786511421204,PREDICTED
15,DILI,3,17,C,-0.007710185367614031,-0.002814020961523056,-0.0105242058634758,PREDICTED
15,DILI,3,18,C,0.06440342217683792,-0.0033899766858667135,0.061013445258140564,PREDICTED
15,DILI,3,19,C,0.02201620116829872,0.011570104397833347,0.033586304634809494,PREDICTED
15,DILI,3,20,C,0.04797021672129631,0.018171852454543114,0.06614206731319427,PREDICTED
15,DILI,3,21,O,-0.09117166697978973,-0.005941052921116352,-0.09711272269487381,PREDICTED
15,DILI,3,22,O,-0.06829283386468887,0.01459506805986166,-0.05369776487350464,PREDICTED
15,DILI,3,23,C,-0.030552104115486145,-0.0021964609622955322,-0.03274856507778168,PREDICTED
15,hERG,3,0,C,0.10745510458946228,0.0026738676242530346,0.1101289689540863,PREDICTED
15,hERG,3,1,C,0.020070791244506836,0.013356434181332588,0.033427223563194275,PREDICTED
15,hERG,3,2,C,0.032272905111312866,-0.0008724448271095753,0.03140046074986458,PREDICTED
15,hERG,3,3,C,-0.0045552640222013,-0.0028384120669215918,-0.007393675856292248,PREDICTED
15,hERG,3,4,C,-0.002738864626735449,0.011794705875217915,0.009055841714143753,PREDICTED
15,hERG,3,5,C,0.05144417658448219,0.007953823544085026,0.059397999197244644,PREDICTED
15,hERG,3,6,O,-0.04792612046003342,0.0053720660507678986,-0.04255405440926552,PREDICTED
15,hERG,3,7,C,0.04969644919037819,0.0015726799611002207,0.051269128918647766,PREDICTED
15,hERG,3,8,C,0.019736429676413536,-0.0017691708635538816,0.017967259511351585,PREDICTED
15,hERG,3,9,C,0.05104644596576691,0.0006373217329382896,0.05168376863002777,PREDICTED
15,hERG,3,10,C,0.046620916575193405,0.006552578881382942,0.0531734973192215,PREDICTED
15,hERG,3,11,O,0.069796621799469,-0.006553681567311287,0.06324294209480286,PREDICTED
15,hERG,3,12,C,0.0709005817770958,-0.005974754691123962,0.06492582708597183,PREDICTED
15,hERG,3,13,C,0.0342576764523983,-0.005851304158568382,0.028406372293829918,PREDICTED
15,hERG,3,14,C,0.06281723082065582,-0.0046342541463673115,0.0581829771399498,PREDICTED
15,hERG,3,15,C,-0.009096834808588028,0.011613395996391773,0.0025165611878037453,PREDICTED
15,hERG,3,16,C,-0.025369709357619286,0.020411817356944084,-0.004957892000675201,PREDICTED
15,hERG,3,17,C,0.04314757511019707,0.006223238538950682,0.049370814114809036,PREDICTED
15,hERG,3,18,C,-0.000890216208063066,0.004552721045911312,0.0036625047214329243,PREDICTED
15,hERG,3,19,C,0.0011190692894160748,-0.00044794983114115894,0.0006711194291710854,PREDICTED
15,hERG,3,20,C,0.010949146002531052,0.0012199805350974202,0.01216912642121315,PREDICTED
15,hERG,3,21,O,0.044838741421699524,0.0038760430179536343,0.048714783042669296,PREDICTED
15,hERG,3,22,O,0.03771296143531799,0.003720625303685665,0.04143358767032623,PREDICTED
15,hERG,3,23,C,0.10745510458946228,0.0026738676242530346,0.1101289689540863,PREDICTED
9,AMES,4,0,C,-0.04546025022864342,-0.0056487941183149815,-0.05110904574394226,PREDICTED
9,AMES,4,1,O,-0.03384537994861603,-0.006141079124063253,-0.03998645767569542,PREDICTED
9,AMES,4,2,C,0.03483094274997711,0.009792306460440159,0.044623248279094696,PREDICTED
9,AMES,4,3,C,0.04861387610435486,0.04725253954529762,0.09586641192436218,PREDICTED
9,AMES,4,4,C,0.12467523664236069,0.013937339186668396,0.1386125683784485,PREDICTED
9,AMES,4,5,C,0.11112124472856522,0.044837601482868195,0.1559588462114334,PREDICTED
9,AMES,4,6,C,0.06283363699913025,0.0015191840939223766,0.06435281783342361,PREDICTED
9,AMES,4,7,C,-0.03941884636878967,-0.01082505565136671,-0.05024390295147896,PREDICTED
9,AMES,4,8,C,-0.013368792831897736,-0.0782204121351242,-0.09158920496702194,PREDICTED
9,AMES,4,9,C,-0.026122841984033585,-0.03478589281439781,-0.060908734798431396,PREDICTED
9,AMES,4,10,C,0.01278986968100071,-0.02005898207426071,-0.007269112393260002,PREDICTED
9,AMES,4,11,C,-0.051112961024045944,-0.027117673307657242,-0.07823063433170319,PREDICTED
9,AMES,4,12,C,0.011309996247291565,0.001183284679427743,0.012493280693888664,PREDICTED
9,AMES,4,13,C,-0.031097542494535446,-0.01631651259958744,-0.047414056956768036,PREDICTED
9,AMES,4,14,C,0.05857839807868004,0.0017951843328773975,0.06037358194589615,PREDICTED
9,AMES,4,15,C,-0.055377278476953506,-0.017579179257154465,-0.07295645773410797,PREDICTED
9,AMES,4,16,O,-0.3358093500137329,-0.028265876695513725,-0.3640752136707306,PREDICTED
9,AMES,4,17,O,0.2935066223144531,-0.04852668568491936,0.24497993290424347,PREDICTED
9,AMES,4,18,C,0.0628807321190834,-0.08261725306510925,-0.01973652094602585,PREDICTED
9,AMES,4,19,O,-0.480133056640625,-0.049200937151908875,-0.5293340086936951,PREDICTED
9,Skin_Reaction,4,0,C,-0.06874780356884003,-0.0031110288109630346,-0.07185883074998856,PREDICTED
9,Skin_Reaction,4,1,O,-0.054822083562612534,-0.009720038622617722,-0.06454212218523026,PREDICTED
9,Skin_Reaction,4,2,C,-0.020506152883172035,-0.00334965530782938,-0.02385580912232399,PREDICTED
9,Skin_Reaction,4,3,C,0.006079043261706829,0.007364293560385704,0.013443336822092533,PREDICTED
9,Skin_Reaction,4,4,C,0.035180531442165375,0.0020107701420783997,0.037191301584243774,PREDICTED
9,Skin_Reaction,4,5,C,0.05125702545046806,0.0006389738991856575,0.051895998418331146,PREDICTED
9,Skin_Reaction,4,6,C,0.0022157891653478146,-0.002316738711670041,-0.00010094954632222652,PREDICTED
9,Skin_Reaction,4,7,C,-0.01501174084842205,-0.0017310187686234713,-0.016742760315537453,PREDICTED
9,Skin_Reaction,4,8,C,0.004302832763642073,-0.02245272323489189,-0.01814989000558853,PREDICTED
9,Skin_Reaction,4,9,C,-0.018604490906000137,-0.01755654439330101,-0.03616103529930115,PREDICTED
9,Skin_Reaction,4,10,C,0.017213884741067886,-0.0025207013823091984,0.014693183824419975,PREDICTED
9,Skin_Reaction,4,11,C,-0.01459981594234705,0.0016141114756464958,-0.012985704466700554,PREDICTED
9,Skin_Reaction,4,12,C,-0.005557503085583448,-0.00719969579949975,-0.012757198885083199,PREDICTED
9,Skin_Reaction,4,13,C,-0.010832048021256924,-0.002570146694779396,-0.01340219471603632,PREDICTED
9,Skin_Reaction,4,14,C,-0.0005953785730525851,-0.006870671641081572,-0.0074660503305494785,PREDICTED
9,Skin_Reaction,4,15,C,-0.026445256546139717,-0.005841456353664398,-0.032286711037158966,PREDICTED
9,Skin_Reaction,4,16,O,0.035916753113269806,0.00488757248967886,0.04080432653427124,PREDICTED
9,Skin_Reaction,4,17,O,0.029540369287133217,-0.002878522966057062,0.026661846786737442,PREDICTED
9,Skin_Reaction,4,18,C,0.008314789272844791,-0.019470684230327606,-0.011155894957482815,PREDICTED
9,Skin_Reaction,4,19,O,0.021315036341547966,0.003471115604043007,0.024786151945590973,PREDICTED
9,DILI,4,0,C,0.0010871179401874542,-0.0002672398113645613,0.0008198781288228929,PREDICTED
9,DILI,4,1,O,0.025904115289449692,0.014821946620941162,0.040726061910390854,PREDICTED
9,DILI,4,2,C,0.0830656960606575,0.01674114726483822,0.09980684518814087,PREDICTED
9,DILI,4,3,C,-0.002663417486473918,0.0036520857829600573,0.0009886682964861393,PREDICTED
9,DILI,4,4,C,0.027441920712590218,0.0005852365866303444,0.028027158230543137,PREDICTED
9,DILI,4,5,C,0.041279371827840805,0.015403919853270054,0.056683290749788284,PREDICTED
9,DILI,4,6,C,-0.0029844832606613636,0.009573984891176224,0.00658950163051486,PREDICTED
9,DILI,4,7,C,0.03213239088654518,0.0038075067568570375,0.03593989834189415,PREDICTED
9,DILI,4,8,C,-0.022314613685011864,-0.0039618476293981075,-0.02627646178007126,PREDICTED
9,DILI,4,9,C,-0.0176394023001194,-0.009476098231971264,-0.02711550146341324,PREDICTED
9,DILI,4,10,C,0.05561171844601631,-0.004231393802911043,0.051380325108766556,PREDICTED
9,DILI,4,11,C,0.07535146921873093,-0.0012923763133585453,0.07405909150838852,PREDICTED
9,DILI,4,12,C,-0.027116915211081505,-0.00041329479427076876,-0.027530210092663765,PREDICTED
9,DILI,4,13,C,0.06859929114580154,-0.005080660805106163,0.06351862847805023,PREDICTED
9,DILI,4,14,C,-0.009712784551084042,0.004431822802871466,-0.005280961748212576,PREDICTED
9,DILI,4,15,C,-0.008088711649179459,0.006131990347057581,-0.0019567213021218777,PREDICTED
9,DILI,4,16,O,-0.10227563977241516,-0.004318390041589737,-0.1065940260887146,PREDICTED
9,DILI,4,17,O,0.008466720581054688,-0.008301434107124805,0.00016528647392988205,PREDICTED
9,DILI,4,18,C,-0.0018108459189534187,-0.008420208469033241,-0.01023105438798666,PREDICTED
9,DILI,4,19,O,-0.10497306287288666,-0.009709515608847141,-0.11468257755041122,PREDICTED
9,hERG,4,0,C,0.06375741958618164,0.0035822498612105846,0.06733966618776321,PREDICTED
9,hERG,4,1,O,0.01238820981234312,0.018496649339795113,0.03088485822081566,PREDICTED
9,hERG,4,2,C,0.04299785569310188,0.01887560449540615,0.061873458325862885,PREDICTED
9,hERG,4,3,C,0.04610737785696983,0.019473355263471603,0.06558073312044144,PREDICTED
9,hERG,4,4,C,0.004109226167201996,0.009730114601552486,0.013839340768754482,PREDICTED
9,hERG,4,5,C,0.013858146965503693,0.02055998519062996,0.03441813215613365,PREDICTED
9,hERG,4,6,C,0.029046107083559036,0.0055991122499108315,0.03464521840214729,PREDICTED
9,hERG,4,7,C,0.052797555923461914,0.005318684969097376,0.05811624228954315,PREDICTED
9,hERG,4,8,C,0.04549236223101616,0.0018254956230521202,0.047317858785390854,PREDICTED
9,hERG,4,9,C,0.05054657161235809,-0.008773761801421642,0.041772808879613876,PREDICTED
9,hERG,4,10,C,-0.018123215064406395,0.006875327788293362,-0.011247887276113033,PREDICTED
9,hERG,4,11,C,0.08663621544837952,-0.0029275487177073956,0.08370866626501083,PREDICTED
9,hERG,4,12,C,0.0009903900790959597,0.000692776869982481,0.0016831669490784407,PREDICTED
9,hERG,4,13,C,0.015367701649665833,0.009149106219410896,0.02451680786907673,PREDICTED
9,hERG,4,14,C,0.011835897341370583,-0.002515167696401477,0.009320729412138462,PREDICTED
9,hERG,4,15,C,-0.00043264328269287944,-0.004841119982302189,-0.005273763090372086,PREDICTED
9,hERG,4,16,O,0.03766762092709541,0.002939606085419655,0.04060722887516022,PREDICTED
9,hERG,4,17,O,0.08448521792888641,-0.003428907133638859,0.08105631172657013,PREDICTED
9,hERG,4,18,C,0.061708834022283554,-0.0026278579607605934,0.059080976992845535,PREDICTED
9,hERG,4,19,O,-0.046268053352832794,-0.009651281870901585,-0.055919334292411804,PREDICTED
10,AMES,4,0,C,-0.09811369329690933,0.002409243257716298,-0.09570445120334625,PREDICTED
10,AMES,4,1,C,-0.03610335290431976,-0.017823785543441772,-0.053927138447761536,PREDICTED
10,AMES,4,2,C,-0.05269477888941765,-0.031019490212202072,-0.08371426910161972,PREDICTED
10,AMES,4,3,C,0.0827760174870491,0.0019247084856033325,0.08470072597265244,PREDICTED
10,AMES,4,4,C,0.07060334086418152,0.020647592842578888,0.0912509337067604,PREDICTED
10,AMES,4,5,C,-0.01440770085901022,0.01604735106229782,0.0016396502032876015,PREDICTED
10,AMES,4,6,C,0.06461559981107712,0.026173675432801247,0.09078927338123322,PREDICTED
10,AMES,4,7,C,-0.042254284024238586,-0.007867773063480854,-0.050122056156396866,PREDICTED
10,AMES,4,8,C,-0.013796770945191383,-0.020136075094342232,-0.033932846039533615,PREDICTED
10,AMES,4,9,C,-0.046130504459142685,-0.024889472872018814,-0.0710199773311615,PREDICTED
10,AMES,4,10,O,0.19327691197395325,-0.0285191647708416,0.16475774347782135,PREDICTED
10,AMES,4,11,C,0.06166991591453552,-0.06925005465745926,-0.007580138742923737,PREDICTED
10,AMES,4,12,C,-0.013363655656576157,-0.0690823495388031,-0.08244600892066956,PREDICTED
10,AMES,4,13,C,-0.010236580856144428,-0.03332328051328659,-0.043559860438108444,PREDICTED
10,AMES,4,14,C,0.1421251744031906,0.037300072610378265,0.17942523956298828,PREDICTED
10,AMES,4,15,C,0.10208088159561157,0.012429945170879364,0.11451082676649094,PREDICTED
10,AMES,4,16,C,0.04024667665362358,0.040766168385744095,0.08101284503936768,PREDICTED
10,AMES,4,17,C,0.020795203745365143,0.006190942600369453,0.026986146345734596,PREDICTED
10,AMES,4,18,C,-0.0399932861328125,-0.01134837418794632,-0.05134166032075882,PREDICTED
10,AMES,4,19,C,0.06166316196322441,-0.000588973518460989,0.061074189841747284,PREDICTED
10,AMES,4,20,O,-0.031555481255054474,-0.00830365251749754,-0.03985913470387459,PREDICTED
10,AMES,4,21,C,-0.0535215325653553,-0.005697899963706732,-0.05921943113207817,PREDICTED
10,AMES,4,22,O,-0.4043445289134979,-0.04084504395723343,-0.44518956542015076,PREDICTED
10,AMES,4,23,O,-0.33114153146743774,-0.03282982110977173,-0.3639713525772095,PREDICTED
10,AMES,4,24,C,-0.09811369329690933,0.002409243257716298,-0.09570445120334625,PREDICTED
10,Skin_Reaction,4,0,C,-0.07399282604455948,-0.002072605537250638,-0.07606542855501175,PREDICTED
10,Skin_Reaction,4,1,C,-0.025663714855909348,0.006113479845225811,-0.019550234079360962,PREDICTED
10,Skin_Reaction,4,2,C,0.0097894798964262,0.010789008811116219,0.02057848870754242,PREDICTED
10,Skin_Reaction,4,3,C,0.1245957463979721,0.010808615945279598,0.13540436327457428,PREDICTED
10,Skin_Reaction,4,4,C,0.02330254390835762,0.006561075337231159,0.029863618314266205,PREDICTED
10,Skin_Reaction,4,5,C,-0.013590528629720211,0.001691398210823536,-0.011899130418896675,PREDICTED
10,Skin_Reaction,4,6,C,0.013357860036194324,0.0033385325223207474,0.016696393489837646,PREDICTED
10,Skin_Reaction,4,7,C,-0.01492366287857294,-0.0022046351805329323,-0.017128298059105873,PREDICTED
10,Skin_Reaction,4,8,C,-0.026326073333621025,-0.004161042161285877,-0.030487116426229477,PREDICTED
10,Skin_Reaction,4,9,C,0.0043816701509058475,-0.003902084194123745,0.0004795859567821026,PREDICTED
10,Skin_Reaction,4,10,O,0.015541398897767067,0.0003276019124314189,0.015869000926613808,PREDICTED
10,Skin_Reaction,4,11,C,0.025724198669195175,-0.010696026496589184,0.015028172172605991,PREDICTED
10,Skin_Reaction,4,12,C,0.017228351905941963,-0.015429584309458733,0.0017987675964832306,PREDICTED
10,Skin_Reaction,4,13,C,0.00213786493986845,-0.015267778187990189,-0.013129913248121738,PREDICTED
10,Skin_Reaction,4,14,C,0.0438486784696579,-0.000525283336173743,0.043323393911123276,PREDICTED
10,Skin_Reaction,4,15,C,0.02191820926964283,-0.0030324445106089115,0.018885765224695206,PREDICTED
10,Skin_Reaction,4,16,C,0.005774063058197498,0.006308572366833687,0.012082635425031185,PREDICTED
10,Skin_Reaction,4,17,C,-0.022366289049386978,-0.005889697000384331,-0.02825598604977131,PREDICTED
10,Skin_Reaction,4,18,C,-0.01164418924599886,-0.0018064153846353292,-0.013450604863464832,PREDICTED
10,Skin_Reaction,4,19,C,0.005568842403590679,-0.0032276299316436052,0.002341212471947074,PREDICTED
10,Skin_Reaction,4,20,O,-0.05061844736337662,-0.009962138719856739,-0.06058058515191078,PREDICTED
10,Skin_Reaction,4,21,C,-0.04722195491194725,-0.002002411289140582,-0.0492243655025959,PREDICTED
10,Skin_Reaction,4,22,O,-0.0001830700784921646,-0.0017069397727027535,-0.0018900098511949182,PREDICTED
10,Skin_Reaction,4,23,O,-0.004084162414073944,-0.004277431406080723,-0.008361593820154667,PREDICTED
10,Skin_Reaction,4,24,C,-0.07399282604455948,-0.002072605537250638,-0.07606542855501175,PREDICTED
10,DILI,4,0,C,0.017291873693466187,0.0011034741764888167,0.018395347520709038,PREDICTED
10,DILI,4,1,C,0.04884323105216026,0.001640585600398481,0.050483815371990204,PREDICTED
10,DILI,4,2,C,0.02367076277732849,-0.00483350595459342,0.018837256357073784,PREDICTED
10,DILI,4,3,C,-0.15369540452957153,-0.010583779774606228,-0.16427917778491974,PREDICTED
10,DILI,4,4,C,0.08314191550016403,0.017712343484163284,0.10085426270961761,PREDICTED
10,DILI,4,5,C,0.04969271272420883,0.00033716950565576553,0.05002988129854202,PREDICTED
10,DILI,4,6,C,-0.004826280754059553,0.003573145717382431,-0.0012531350366771221,PREDICTED
10,DILI,4,7,C,-0.00632970966398716,0.005224338732659817,-0.001105370931327343,PREDICTED
10,DILI,4,8,C,0.08753453195095062,-0.0017580646090209484,0.08577647060155869,PREDICTED
10,DILI,4,9,C,0.07603705674409866,0.02205948904156685,0.09809654951095581,PREDICTED
10,DILI,4,10,O,-0.017261825501918793,-0.0066409725695848465,-0.02390279807150364,PREDICTED
10,DILI,4,11,C,-0.009719819761812687,-0.014129579067230225,-0.023849397897720337,PREDICTED
10,DILI,4,12,C,-0.01687416061758995,-0.008590495213866234,-0.025464655831456184,PREDICTED
10,DILI,4,13,C,-0.01723204366862774,-0.013240532949566841,-0.03047257661819458,PREDICTED
10,DILI,4,14,C,0.054065071046352386,0.015402309596538544,0.06946738064289093,PREDICTED
10,DILI,4,15,C,0.03183184936642647,-0.0007981704548001289,0.031033679842948914,PREDICTED
10,DILI,4,16,C,-0.0037479561287909746,0.0030527764465659857,-0.0006951796822249889,PREDICTED
10,DILI,4,17,C,0.08744968473911285,0.016913684085011482,0.10436336696147919,PREDICTED
10,DILI,4,18,C,0.034124623984098434,0.003830334637314081,0.03795496001839638,PREDICTED
10,DILI,4,19,C,-0.003075249260291457,0.00944727286696434,0.006372023373842239,PREDICTED
10,DILI,4,20,O,0.029568813741207123,0.015246408060193062,0.044815219938755035,PREDICTED
10,DILI,4,21,C,0.004491446539759636,-0.00016144296387210488,0.004330003634095192,PREDICTED
10,DILI,4,22,O,-0.11204575002193451,-0.010918927378952503,-0.12296468019485474,PREDICTED
10,DILI,4,23,O,-0.11670847237110138,-0.00915015209466219,-0.1258586198091507,PREDICTED
10,DILI,4,24,C,0.017291873693466187,0.0011034741764888167,0.018395347520709038,PREDICTED
10,hERG,4,0,C,0.06940403580665588,-0.0007159532397054136,0.06868807971477509,PREDICTED
10,hERG,4,1,C,0.0030560872983187437,0.011786176823079586,0.014842264354228973,PREDICTED
10,hERG,4,2,C,0.05718977749347687,0.0019631125032901764,0.059152889996767044,PREDICTED
10,hERG,4,3,C,0.0785045251250267,-0.003265645820647478,0.07523887604475021,PREDICTED
10,hERG,4,4,C,-0.03242518752813339,0.020076757296919823,-0.01234843023121357,PREDICTED
10,hERG,4,5,C,0.0036545484326779842,0.01159723475575447,0.015251783654093742,PREDICTED
10,hERG,4,6,C,0.0455523319542408,0.013366924598813057,0.058919258415699005,PREDICTED
10,hERG,4,7,C,0.025826312601566315,0.0011872542090713978,0.027013566344976425,PREDICTED
10,hERG,4,8,C,-0.004389643669128418,-0.0003201593644917011,-0.004709803033620119,PREDICTED
10,hERG,4,9,C,0.06698817759752274,0.005603407975286245,0.07259158790111542,PREDICTED
10,hERG,4,10,O,0.02276577241718769,0.0011112536303699017,0.02387702651321888,PREDICTED
10,hERG,4,11,C,0.04680434614419937,-0.004622181877493858,0.042182162404060364,PREDICTED
10,hERG,4,12,C,0.022223353385925293,-0.00017990730702877045,0.022043446078896523,PREDICTED
10,hERG,4,13,C,0.03576008975505829,-0.009754125960171223,0.02600596472620964,PREDICTED
10,hERG,4,14,C,0.0031959088519215584,0.017575323581695557,0.02077123150229454,PREDICTED
10,hERG,4,15,C,0.009200266562402248,0.008963676169514656,0.01816394180059433,PREDICTED
10,hERG,4,16,C,0.041154664009809494,0.01791190169751644,0.059066563844680786,PREDICTED
10,hERG,4,17,C,0.02979244850575924,0.01753135584294796,0.0473238043487072,PREDICTED
10,hERG,4,18,C,0.03985276818275452,0.004340806044638157,0.0441935732960701,PREDICTED
10,hERG,4,19,C,0.02781837433576584,0.0050845518708229065,0.032902926206588745,PREDICTED
10,hERG,4,20,O,0.01142754964530468,0.015875814482569695,0.027303364127874374,PREDICTED
10,hERG,4,21,C,0.052556272596120834,0.002250389661639929,0.0548066608607769,PREDICTED
10,hERG,4,22,O,-0.035467274487018585,-0.008583815768361092,-0.04405108839273453,PREDICTED
10,hERG,4,23,O,-0.04311190918087959,-0.008763900026679039,-0.05187580734491348,PREDICTED
10,hERG,4,24,C,0.06940403580665588,-0.0007159532397054136,0.06868807971477509,PREDICTED
11,AMES,4,0,C,-0.04218176007270813,0.004810832440853119,-0.03737092763185501,PREDICTED
11,AMES,4,1,C,-0.07800401002168655,0.015750233083963394,-0.06225377693772316,PREDICTED
11,AMES,4,2,C,-0.026598606258630753,-0.0033670770935714245,-0.029965683817863464,PREDICTED
11,AMES,4,3,C,-0.03253384679555893,0.000810123048722744,-0.03172372281551361,PREDICTED
11,AMES,4,4,C,0.10526040941476822,-0.018105648458003998,0.08715476095676422,PREDICTED
11,AMES,4,5,C,-0.008658942766487598,-0.006118806079030037,-0.014777748845517635,PREDICTED
11,AMES,4,6,O,-0.0827474594116211,0.00635606050491333,-0.07639139890670776,PREDICTED
11,AMES,4,7,C,0.024306682869791985,-0.006510360166430473,0.01779632270336151,PREDICTED
11,AMES,4,8,C,-0.07676247507333755,-0.016861703246831894,-0.09362417459487915,PREDICTED
11,AMES,4,9,C,0.012882162816822529,-0.024831319227814674,-0.011949156410992146,PREDICTED
11,AMES,4,10,C,-0.06058141216635704,-0.03477583825588226,-0.0953572541475296,PREDICTED
11,AMES,4,11,O,0.2412967085838318,-0.0178869366645813,0.2234097719192505,PREDICTED
11,AMES,4,12,C,-0.018834466114640236,-0.03699484094977379,-0.055829308927059174,PREDICTED
11,AMES,4,13,C,0.30067017674446106,-0.041269972920417786,0.2594001889228821,PREDICTED
11,AMES,4,14,C,-0.07327087968587875,-0.03180163726210594,-0.1050725132226944,PREDICTED
11,AMES,4,15,C,0.10530178248882294,0.02935176156461239,0.13465353846549988,PREDICTED
11,AMES,4,16,C,0.07507672905921936,0.00935688242316246,0.08443361520767212,PREDICTED
11,AMES,4,17,C,0.05972820520401001,0.053520772606134415,0.11324897408485413,PREDICTED
11,AMES,4,18,C,0.0041236733086407185,0.010180201381444931,0.014303874224424362,PREDICTED
11,AMES,4,19,C,-0.05678175017237663,-0.01012321189045906,-0.0669049620628357,PREDICTED
11,AMES,4,20,C,0.029986590147018433,-0.018623068928718567,0.011363521218299866,PREDICTED
11,AMES,4,21,O,-0.04515204578638077,-0.011256275698542595,-0.05640832334756851,PREDICTED
11,AMES,4,22,C,-0.07196585088968277,-0.007147468626499176,-0.07911331951618195,PREDICTED
11,AMES,4,23,O,-0.4283149838447571,-0.053727615624666214,-0.4820426106452942,PREDICTED
11,AMES,4,24,C,-0.04218176007270813,0.004810832440853119,-0.03737092763185501,PREDICTED
11,Skin_Reaction,4,0,C,-0.03103160485625267,0.0031154556199908257,-0.02791614830493927,PREDICTED
11,Skin_Reaction,4,1,C,-0.058708615601062775,-0.01144666038453579,-0.07015527784824371,PREDICTED
11,Skin_Reaction,4,2,C,0.03134920820593834,0.003815785050392151,0.03516499325633049,PREDICTED
11,Skin_Reaction,4,3,C,0.05083121731877327,0.021063771098852158,0.07189498841762543,PREDICTED
11,Skin_Reaction,4,4,C,0.016171501949429512,-0.007614900358021259,0.008556601591408253,PREDICTED
11,Skin_Reaction,4,5,C,0.03578998148441315,-0.010546812787652016,0.02524316869676113,PREDICTED
11,Skin_Reaction,4,6,O,-0.06088624149560928,-0.008166749030351639,-0.06905299425125122,PREDICTED
11,Skin_Reaction,4,7,C,1.4485762221738696e-05,-0.003115920815616846,-0.003101435024291277,PREDICTED
11,Skin_Reaction,4,8,C,-0.014937404543161392,-0.0034838011488318443,-0.01842120662331581,PREDICTED
11,Skin_Reaction,4,9,C,0.004572803154587746,-0.002996452385559678,0.0015763507690280676,PREDICTED
11,Skin_Reaction,4,10,C,9.747773583512753e-05,-0.0017671254463493824,-0.0016696477541700006,PREDICTED
11,Skin_Reaction,4,11,O,-0.011879819445312023,0.0037545713130384684,-0.008125248365104198,PREDICTED
11,Skin_Reaction,4,12,C,0.0005025223363190889,0.001701456494629383,0.002203978830948472,PREDICTED
11,Skin_Reaction,4,13,C,0.03299710154533386,-0.0066659655421972275,0.026331136003136635,PREDICTED
11,Skin_Reaction,4,14,C,-0.017735697329044342,-0.014221007004380226,-0.03195670247077942,PREDICTED
11,Skin_Reaction,4,15,C,0.029331805184483528,-0.009420427493751049,0.019911378622055054,PREDICTED
11,Skin_Reaction,4,16,C,0.005951184779405594,-0.006515315733850002,-0.0005641309544444084,PREDICTED
11,Skin_Reaction,4,17,C,0.010814642533659935,0.004571355879306793,0.015385998412966728,PREDICTED
11,Skin_Reaction,4,18,C,-0.030121121555566788,-0.009288900531828403,-0.03941002115607262,PREDICTED
11,Skin_Reaction,4,19,C,-0.01575096882879734,-0.0018222290091216564,-0.017573198303580284,PREDICTED
11,Skin_Reaction,4,20,C,0.01891329325735569,-0.005683173891156912,0.01323011890053749,PREDICTED
11,Skin_Reaction,4,21,O,-0.0644579529762268,-0.01308795902878046,-0.07754591107368469,PREDICTED
11,Skin_Reaction,4,22,C,-0.06178681552410126,-0.002364077139645815,-0.06415089219808578,PREDICTED
11,Skin_Reaction,4,23,O,0.03209248557686806,-0.00015074809198267758,0.0319417379796505,PREDICTED
11,Skin_Reaction,4,24,C,-0.03103160485625267,0.0031154556199908257,-0.02791614830493927,PREDICTED
11,DILI,4,0,C,-0.030018586665391922,-0.0038409007247537374,-0.0338594876229763,PREDICTED
11,DILI,4,1,C,0.049888383597135544,0.0027336180210113525,0.052622001618146896,PREDICTED
11,DILI,4,2,C,0.010582559742033482,-0.007889404892921448,0.002693154849112034,PREDICTED
11,DILI,4,3,C,-0.041006769984960556,-0.022834565490484238,-0.0638413354754448,PREDICTED
11,DILI,4,4,C,0.08120512962341309,0.005160036962479353,0.08636516332626343,PREDICTED
11,DILI,4,5,C,0.023174788802862167,0.011599358171224594,0.03477414697408676,PREDICTED
11,DILI,4,6,O,0.06203558295965195,0.010722724720835686,0.07275830954313278,PREDICTED
11,DILI,4,7,C,0.003053214866667986,0.0017052148468792439,0.00475842971354723,PREDICTED
11,DILI,4,8,C,0.019768407568335533,0.0009553470299579203,0.020723754540085793,PREDICTED
11,DILI,4,9,C,0.0789838656783104,-0.006057793274521828,0.07292607426643372,PREDICTED
11,DILI,4,10,C,0.05629534274339676,0.014506654813885689,0.0708019956946373,PREDICTED
11,DILI,4,11,O,0.010186798870563507,-0.015455096028745174,-0.005268297158181667,PREDICTED
11,DILI,4,12,C,-0.012573194690048695,-0.02599528804421425,-0.03856848180294037,PREDICTED
11,DILI,4,13,C,-0.06971189379692078,-0.004071954637765884,-0.07378384470939636,PREDICTED
11,DILI,4,14,C,-0.0035707103088498116,-0.009662091732025146,-0.013232802040874958,PREDICTED
11,DILI,4,15,C,0.05963589623570442,0.02522232197225094,0.08485821634531021,PREDICTED
11,DILI,4,16,C,0.04314776137471199,0.00869361124932766,0.0518413707613945,PREDICTED
11,DILI,4,17,C,-0.006298259366303682,0.007569559384137392,0.0012713000178337097,PREDICTED
11,DILI,4,18,C,0.09271185100078583,0.01936638541519642,0.1120782345533371,PREDICTED
11,DILI,4,19,C,0.03661647439002991,0.003935304004698992,0.04055177792906761,PREDICTED
11,DILI,4,20,C,-0.02586730383336544,0.008809147402644157,-0.017058156430721283,PREDICTED
11,DILI,4,21,O,0.03292989358305931,0.015501524321734905,0.04843141883611679,PREDICTED
11,DILI,4,22,C,-0.0038141198456287384,-0.0006008305354043841,-0.004414950497448444,PREDICTED
11,DILI,4,23,O,-0.1285145878791809,-0.010831502266228199,-0.13934609293937683,PREDICTED
11,DILI,4,24,C,-0.030018586665391922,-0.0038409007247537374,-0.0338594876229763,PREDICTED
11,hERG,4,0,C,0.08442435413599014,0.004179730545729399,0.08860408514738083,PREDICTED
11,hERG,4,1,C,0.04126576706767082,-0.005975297652184963,0.035290468484163284,PREDICTED
11,hERG,4,2,C,0.026085762307047844,-0.007890368811786175,0.018195394426584244,PREDICTED
11,hERG,4,3,C,0.02743087150156498,0.006432944443076849,0.033863816410303116,PREDICTED
11,hERG,4,4,C,-0.022545896470546722,0.014434806071221828,-0.008111090399324894,PREDICTED
11,hERG,4,5,C,0.019689077511429787,0.01036686822772026,0.030055945739150047,PREDICTED
11,hERG,4,6,O,0.01717783696949482,-3.43923456966877e-05,0.01714344508945942,PREDICTED
11,hERG,4,7,C,0.016514888033270836,-0.0014560159761458635,0.015058872289955616,PREDICTED
11,hERG,4,8,C,0.03563833609223366,-0.000891915347892791,0.03474641963839531,PREDICTED
11,hERG,4,9,C,0.0024149257224053144,0.003876400412991643,0.006291326135396957,PREDICTED
11,hERG,4,10,C,0.04924437776207924,0.006042139604687691,0.05528651922941208,PREDICTED
11,hERG,4,11,O,0.044497571885585785,-0.005813588388264179,0.03868398442864418,PREDICTED
11,hERG,4,12,C,0.04803074523806572,-0.007770007010549307,0.040260739624500275,PREDICTED
11,hERG,4,13,C,0.045358773320913315,-0.006514190696179867,0.03884458169341087,PREDICTED
11,hERG,4,14,C,0.032356809824705124,-0.010963097214698792,0.021393712610006332,PREDICTED
11,hERG,4,15,C,-0.020794399082660675,0.009657144546508789,-0.011137254536151886,PREDICTED
11,hERG,4,16,C,-0.002912046853452921,0.01374947838485241,0.010837431997060776,PREDICTED
11,hERG,4,17,C,0.045228011906147,0.019225846976041794,0.0644538551568985,PREDICTED
11,hERG,4,18,C,0.02679247036576271,0.01863042451441288,0.04542289674282074,PREDICTED
11,hERG,4,19,C,0.04025846719741821,0.005287959240376949,0.04554642736911774,PREDICTED
11,hERG,4,20,C,0.024368438869714737,0.0017873619217425585,0.026155801489949226,PREDICTED
11,hERG,4,21,O,0.011974059045314789,0.016161523759365082,0.02813558280467987,PREDICTED
11,hERG,4,22,C,0.05354610085487366,0.0024392183404415846,0.05598532035946846,PREDICTED
11,hERG,4,23,O,0.003344658762216568,-0.006005513947457075,-0.002660855185240507,PREDICTED
11,hERG,4,24,C,0.08442435413599014,0.004179730545729399,0.08860408514738083,PREDICTED
13,AMES,4,0,C,-0.03904503956437111,-0.02688741497695446,-0.06593245267868042,PREDICTED
13,AMES,4,1,C,-0.011413033120334148,-0.05841467157006264,-0.06982770562171936,PREDICTED
13,AMES,4,2,C,0.029538152739405632,-0.06605608016252518,-0.036517925560474396,PREDICTED
13,AMES,4,3,O,0.24332287907600403,-0.038916923105716705,0.20440596342086792,PREDICTED
13,AMES,4,4,C,-0.04239377751946449,-0.021598288789391518,-0.06399206817150116,PREDICTED
13,AMES,4,5,C,-0.008684178814291954,-0.015894046053290367,-0.02457822486758232,PREDICTED
13,AMES,4,6,C,-0.04808001592755318,-0.015405436977744102,-0.06348545104265213,PREDICTED
13,AMES,4,7,C,0.041369348764419556,-0.00030769407749176025,0.041061654686927795,PREDICTED
13,AMES,4,8,C,-0.02563737891614437,-0.015483876690268517,-0.04112125560641289,PREDICTED
13,AMES,4,9,C,0.008458904922008514,-0.0005414867773652077,0.007917418144643307,PREDICTED
13,AMES,4,10,O,-0.25989770889282227,-0.02324545383453369,-0.28314316272735596,PREDICTED
13,AMES,4,11,C,0.06923741847276688,0.03647514432668686,0.10571256279945374,PREDICTED
13,AMES,4,12,C,0.05636104568839073,0.018372289836406708,0.07473333179950714,PREDICTED
13,AMES,4,13,C,0.06691611558198929,0.03678228333592415,0.10369840264320374,PREDICTED
13,AMES,4,14,C,-0.001644182251766324,-0.016499396413564682,-0.018143579363822937,PREDICTED
13,AMES,4,15,C,0.03602364659309387,-0.0030573655385524035,0.03296628221869469,PREDICTED
13,AMES,4,16,C,0.016507355496287346,0.0004382282495498657,0.01694558374583721,PREDICTED
13,AMES,4,17,O,-0.24118322134017944,-0.027130383998155594,-0.26831361651420593,PREDICTED
13,AMES,4,18,O,-0.2936459481716156,-0.032647743821144104,-0.3262937068939209,PREDICTED
13,Skin_Reaction,4,0,C,-0.016202332451939583,-0.016194242984056473,-0.032396577298641205,PREDICTED
13,Skin_Reaction,4,1,C,0.018700802698731422,-0.017003029584884644,0.0016977731138467789,PREDICTED
13,Skin_Reaction,4,2,C,0.0066420529037714005,-0.016278540715575218,-0.009636487811803818,PREDICTED
13,Skin_Reaction,4,3,O,0.028241055086255074,-0.002608958398923278,0.025632096454501152,PREDICTED
13,Skin_Reaction,4,4,C,-0.005422831978648901,0.0018068314529955387,-0.0036160005256533623,PREDICTED
13,Skin_Reaction,4,5,C,0.01192609965801239,-0.0026221866719424725,0.00930391252040863,PREDICTED
13,Skin_Reaction,4,6,C,-0.02133345976471901,-0.005168883129954338,-0.026502342894673347,PREDICTED
13,Skin_Reaction,4,7,C,-0.0003837268450297415,-0.005122797563672066,-0.005506524350494146,PREDICTED
13,Skin_Reaction,4,8,C,-0.006479110103100538,-0.0010587669676169753,-0.007537877187132835,PREDICTED
13,Skin_Reaction,4,9,C,-0.0037656454369425774,-0.005005966406315565,-0.008771611377596855,PREDICTED
13,Skin_Reaction,4,10,O,0.021732710301876068,0.0035927779972553253,0.025325488299131393,PREDICTED
13,Skin_Reaction,4,11,C,0.043172940611839294,0.0022920011542737484,0.04546494036912918,PREDICTED
13,Skin_Reaction,4,12,C,-0.006979241501539946,0.0008699552854523063,-0.0061092860996723175,PREDICTED
13,Skin_Reaction,4,13,C,0.017047854140400887,0.003529034787788987,0.02057688869535923,PREDICTED
13,Skin_Reaction,4,14,C,-0.020491687580943108,-0.0016362665919587016,-0.02212795428931713,PREDICTED
13,Skin_Reaction,4,15,C,0.009681002236902714,-0.0029163327999413013,0.006764669436961412,PREDICTED
13,Skin_Reaction,4,16,C,-0.0013865255750715733,-0.004808702040463686,-0.006195227615535259,PREDICTED
13,Skin_Reaction,4,17,O,0.018277980387210846,0.0007271413924172521,0.019005121663212776,PREDICTED
13,Skin_Reaction,4,18,O,0.0012153461575508118,-0.0010834154672920704,0.00013193069025874138,PREDICTED
13,DILI,4,0,C,-0.0212748683989048,-0.006202162709087133,-0.02747703157365322,PREDICTED
13,DILI,4,1,C,-0.0228115227073431,-0.003386324504390359,-0.026197846978902817,PREDICTED
13,DILI,4,2,C,-0.007743978872895241,-0.005009315442293882,-0.01275329478085041,PREDICTED
13,DILI,4,3,O,0.010978817008435726,-0.006101381964981556,0.00487743504345417,PREDICTED
13,DILI,4,4,C,0.055829815566539764,-0.0011599537683650851,0.05466986075043678,PREDICTED
13,DILI,4,5,C,0.04341321066021919,-0.0033199251629412174,0.04009328410029411,PREDICTED
13,DILI,4,6,C,-0.005695236846804619,0.005499478429555893,-0.0001957584172487259,PREDICTED
13,DILI,4,7,C,-0.005750269629061222,0.0051950979977846146,-0.0005551716312766075,PREDICTED
13,DILI,4,8,C,0.050346750766038895,-0.0009951941901817918,0.04935155808925629,PREDICTED
13,DILI,4,9,C,-0.01963631808757782,0.0010998004581779242,-0.018536517396569252,PREDICTED
13,DILI,4,10,O,-0.07608570158481598,-0.0021763646509498358,-0.07826206833124161,PREDICTED
13,DILI,4,11,C,0.03454659879207611,0.010496614500880241,0.0450432151556015,PREDICTED
13,DILI,4,12,C,0.06126052141189575,0.005478251725435257,0.06673876941204071,PREDICTED
13,DILI,4,13,C,-0.02300945855677128,0.004342952277511358,-0.018666505813598633,PREDICTED
13,DILI,4,14,C,0.06263646483421326,0.003208475187420845,0.06584493815898895,PREDICTED
13,DILI,4,15,C,-0.0052280789241194725,0.005806048400700092,0.0005779694765806198,PREDICTED
13,DILI,4,16,C,-0.009778225794434547,0.013357581570744514,0.003579355776309967,PREDICTED
13,DILI,4,17,O,-0.06175095587968826,0.0007699448615312576,-0.060981012880802155,PREDICTED
13,DILI,4,18,O,-0.042451146990060806,-0.0001932027516886592,-0.04264434799551964,PREDICTED
13,hERG,4,0,C,0.04475537687540054,-0.007244968321174383,0.03751040995121002,PREDICTED
13,hERG,4,1,C,0.05904461070895195,0.0036120465956628323,0.06265665590763092,PREDICTED
13,hERG,4,2,C,0.04871222376823425,-0.0007650824263691902,0.04794714227318764,PREDICTED
13,hERG,4,3,O,0.06986897438764572,-0.002416034461930394,0.06745293736457825,PREDICTED
13,hERG,4,4,C,0.08643878996372223,-0.0017294671852141619,0.08470932394266129,PREDICTED
13,hERG,4,5,C,-0.014126736670732498,0.007382230367511511,-0.006744506303220987,PREDICTED
13,hERG,4,6,C,-0.0004452640423551202,-0.004073105752468109,-0.0045183696784079075,PREDICTED
13,hERG,4,7,C,0.007293873466551304,-0.002251924015581608,0.005041949450969696,PREDICTED
13,hERG,4,8,C,0.020554883405566216,0.0026985006406903267,0.023253384977579117,PREDICTED
13,hERG,4,9,C,-0.0002220059686806053,0.0014579321723431349,0.0012359261745586991,PREDICTED
13,hERG,4,10,O,-0.007276479154825211,-0.004692641086876392,-0.011969120241701603,PREDICTED
13,hERG,4,11,C,0.0022517689503729343,0.015352119691669941,0.017603889107704163,PREDICTED
13,hERG,4,12,C,0.02388661541044712,0.005330088548362255,0.0292167030274868,PREDICTED
13,hERG,4,13,C,0.035762786865234375,0.017771564424037933,0.05353435128927231,PREDICTED
13,hERG,4,14,C,0.0401080921292305,0.0018882565200328827,0.04199634864926338,PREDICTED
13,hERG,4,15,C,0.03133849427103996,0.0036192117258906364,0.034957706928253174,PREDICTED
13,hERG,4,16,C,0.0035752132534980774,0.0036847784649580717,0.007259991951286793,PREDICTED
13,hERG,4,17,O,0.008180517703294754,-0.0043252864852547646,0.0038552312180399895,PREDICTED
13,hERG,4,18,O,-0.011983034200966358,-0.0073087518103420734,-0.01929178647696972,PREDICTED
14,AMES,4,0,C,-0.0860845074057579,0.0026791731361299753,-0.08340533077716827,PREDICTED
14,AMES,4,1,C,-0.028869112953543663,-0.013559997081756592,-0.042429111897945404,PREDICTED
14,AMES,4,2,C,-0.045228321105241776,-0.02525256760418415,-0.07048089057207108,PREDICTED
14,AMES,4,3,C,0.07531369477510452,0.00375601788982749,0.07906971126794815,PREDICTED
14,AMES,4,4,C,0.06518571078777313,0.018705718219280243,0.08389142900705338,PREDICTED
14,AMES,4,5,C,0.0007695487583987415,0.00835166871547699,0.009121217764914036,PREDICTED
14,AMES,4,6,C,0.053261034190654755,0.023343920707702637,0.07660495489835739,PREDICTED
14,AMES,4,7,C,-0.055361032485961914,-0.010054504498839378,-0.06541553884744644,PREDICTED
14,AMES,4,8,C,-0.02276379056274891,-0.016111649572849274,-0.03887543827295303,PREDICTED
14,AMES,4,9,C,-0.05357581004500389,-0.03170941397547722,-0.08528522402048111,PREDICTED
14,AMES,4,10,O,0.2113574743270874,-0.01259096059948206,0.19876651465892792,PREDICTED
14,AMES,4,11,C,0.06445340067148209,-0.029254641383886337,0.03519875928759575,PREDICTED
14,AMES,4,12,C,0.10110390186309814,-0.0211171992123127,0.07998670637607574,PREDICTED
14,AMES,4,13,C,0.012160141952335835,-0.012569012120366096,-0.000408870168030262,PREDICTED
14,AMES,4,14,C,0.10799026489257812,0.03478647768497467,0.1427767425775528,PREDICTED
14,AMES,4,15,C,0.002752346219494939,0.0201527401804924,0.02290508709847927,PREDICTED
14,AMES,4,16,C,0.07036837190389633,0.04055266082286835,0.11092103272676468,PREDICTED
14,AMES,4,17,C,-0.01785116270184517,-0.014371760189533234,-0.0322229228913784,PREDICTED
14,AMES,4,18,C,0.034572944045066833,-0.004535536281764507,0.03003740683197975,PREDICTED
14,AMES,4,19,C,-0.04322705790400505,-0.019411437213420868,-0.06263849139213562,PREDICTED
14,AMES,4,20,O,-0.2560575008392334,-0.0274015124887228,-0.28345900774002075,PREDICTED
14,AMES,4,21,O,-0.2890825867652893,-0.03484028950333595,-0.32392287254333496,PREDICTED
14,AMES,4,22,O,-0.33642351627349854,-0.03518322482705116,-0.3716067373752594,PREDICTED
14,AMES,4,23,C,-0.0860845074057579,0.0026791731361299753,-0.08340533077716827,PREDICTED
14,Skin_Reaction,4,0,C,-0.07691967487335205,-0.002304201014339924,-0.0792238786816597,PREDICTED
14,Skin_Reaction,4,1,C,-0.020383823662996292,0.0050677042454481125,-0.01531611941754818,PREDICTED
14,Skin_Reaction,4,2,C,0.01055365800857544,0.010757106356322765,0.02131076529622078,PREDICTED
14,Skin_Reaction,4,3,C,0.08805857598781586,0.008848381228744984,0.09690696001052856,PREDICTED
14,Skin_Reaction,4,4,C,0.028931749984622,0.008478180505335331,0.03740993142127991,PREDICTED
14,Skin_Reaction,4,5,C,0.00034898874582722783,0.003023548051714897,0.003372536739334464,PREDICTED
14,Skin_Reaction,4,6,C,0.009754817001521587,0.0024210098199546337,0.012175826355814934,PREDICTED
14,Skin_Reaction,4,7,C,-0.015395115129649639,-0.0030064797028899193,-0.01840159483253956,PREDICTED
14,Skin_Reaction,4,8,C,-0.004889513365924358,-0.003636921290308237,-0.008526435121893883,PREDICTED
14,Skin_Reaction,4,9,C,0.0010177996009588242,0.0008898206287994981,0.0019076202297583222,PREDICTED
14,Skin_Reaction,4,10,O,0.008351437747478485,0.0036588783841580153,0.012010316364467144,PREDICTED
14,Skin_Reaction,4,11,C,0.0203537717461586,0.0022619757801294327,0.022615747526288033,PREDICTED
14,Skin_Reaction,4,12,C,0.01667313650250435,0.0009726979769766331,0.017645834013819695,PREDICTED
14,Skin_Reaction,4,13,C,-0.004480651114135981,-0.009023264050483704,-0.013503914698958397,PREDICTED
14,Skin_Reaction,4,14,C,0.02387395314872265,-0.004002050496637821,0.019871901720762253,PREDICTED
14,Skin_Reaction,4,15,C,-0.027833979576826096,-0.0034055772703140974,-0.031239556148648262,PREDICTED
14,Skin_Reaction,4,16,C,0.017843758687376976,0.0026763835921883583,0.02052014321088791,PREDICTED
14,Skin_Reaction,4,17,C,-0.02828267216682434,-0.002949764020740986,-0.031232435256242752,PREDICTED
14,Skin_Reaction,4,18,C,0.008313177153468132,-0.005081730894744396,0.003231446258723736,PREDICTED
14,Skin_Reaction,4,19,C,-0.007847643457353115,-0.011768820695579052,-0.019616464152932167,PREDICTED
14,Skin_Reaction,4,20,O,0.023511724546551704,-0.00018307601567357779,0.023328648880124092,PREDICTED
14,Skin_Reaction,4,21,O,0.006845742464065552,-0.003059123642742634,0.003786618821322918,PREDICTED
14,Skin_Reaction,4,22,O,0.006406791508197784,-0.001506298896856606,0.0049004927277565,PREDICTED
14,Skin_Reaction,4,23,C,-0.07691967487335205,-0.002304201014339924,-0.0792238786816597,PREDICTED
14,DILI,4,0,C,0.016837073490023613,0.0009459875291213393,0.017783060669898987,PREDICTED
14,DILI,4,1,C,0.0392470508813858,0.00038248521741479635,0.03962953761219978,PREDICTED
14,DILI,4,2,C,0.017757968977093697,-0.004297070670872927,0.013460898771882057,PREDICTED
14,DILI,4,3,C,-0.10507986694574356,-0.007246709428727627,-0.11232657730579376,PREDICTED
14,DILI,4,4,C,0.049669064581394196,0.011642059311270714,0.06131112575531006,PREDICTED
14,DILI,4,5,C,0.02438819222152233,3.5847537219524384e-05,0.02442403882741928,PREDICTED
14,DILI,4,6,C,-0.004553343169391155,0.0030244672670960426,-0.0015288759022951126,PREDICTED
14,DILI,4,7,C,0.0036615440621972084,0.004631580784916878,0.008293124847114086,PREDICTED
14,DILI,4,8,C,0.06962957233190536,-0.0073230694979429245,0.06230650097131729,PREDICTED
14,DILI,4,9,C,0.0593750886619091,0.012607752345502377,0.07198283821344376,PREDICTED
14,DILI,4,10,O,-0.008996507152915001,-0.005006715655326843,-0.014003222808241844,PREDICTED
14,DILI,4,11,C,-0.01056400965899229,-0.014043919742107391,-0.024607930332422256,PREDICTED
14,DILI,4,12,C,-0.02537691406905651,-0.006640915758907795,-0.03201783075928688,PREDICTED
14,DILI,4,13,C,-0.008832384832203388,-0.012898270040750504,-0.021730653941631317,PREDICTED
14,DILI,4,14,C,0.056279636919498444,0.010932201519608498,0.06721183657646179,PREDICTED
14,DILI,4,15,C,0.07198358327150345,0.001628110185265541,0.07361169159412384,PREDICTED
14,DILI,4,16,C,-0.027656735852360725,0.005917027592658997,-0.02173970825970173,PREDICTED
14,DILI,4,17,C,0.0646841749548912,0.0013907132670283318,0.06607488542795181,PREDICTED
14,DILI,4,18,C,-0.0011654377449303865,0.00654981192201376,0.005384374409914017,PREDICTED
14,DILI,4,19,C,-0.011790608055889606,0.012205994687974453,0.0004153866320848465,PREDICTED
14,DILI,4,20,O,-0.08263756334781647,-0.0029727246146649122,-0.0856102854013443,PREDICTED
14,DILI,4,21,O,-0.06640635430812836,-0.0026180241256952286,-0.06902437657117844,PREDICTED
14,DILI,4,22,O,-0.08844509720802307,-0.007238489575684071,-0.09568358957767487,PREDICTED
14,DILI,4,23,C,0.016837073490023613,0.0009459875291213393,0.017783060669898987,PREDICTED
14,hERG,4,0,C,0.0728120505809784,-0.001729181152768433,0.07108286768198013,PREDICTED
14,hERG,4,1,C,0.027229128405451775,0.014687199145555496,0.04191632568836212,PREDICTED
14,hERG,4,2,C,0.08456534892320633,0.008774355053901672,0.093339703977108,PREDICTED
14,hERG,4,3,C,0.07741398364305496,-0.001494889846071601,0.07591909170150757,PREDICTED
14,hERG,4,4,C,-0.04099368676543236,0.022697357460856438,-0.01829632930457592,PREDICTED
14,hERG,4,5,C,0.002152850851416588,-0.0005068536847829819,0.001645997166633606,PREDICTED
14,hERG,4,6,C,0.04539118707180023,0.014411482028663158,0.059802670031785965,PREDICTED
14,hERG,4,7,C,0.03310207650065422,0.0013837004080414772,0.03448577597737312,PREDICTED
14,hERG,4,8,C,0.016029076650738716,-0.002761455252766609,0.013267621397972107,PREDICTED
14,hERG,4,9,C,0.060252971947193146,0.010786857455968857,0.0710398256778717,PREDICTED
14,hERG,4,10,O,0.03951142728328705,-0.0006489852676168084,0.0388624407351017,PREDICTED
14,hERG,4,11,C,0.04278162866830826,-0.006086393259465694,0.03669523447751999,PREDICTED
14,hERG,4,12,C,0.10078420490026474,0.004721229895949364,0.10550543665885925,PREDICTED
14,hERG,4,13,C,0.02264324575662613,-0.013809818774461746,0.008833426982164383,PREDICTED
14,hERG,4,14,C,0.002357417717576027,0.0029188937041908503,0.0052763111889362335,PREDICTED
14,hERG,4,15,C,0.027987107634544373,-0.005676568485796452,0.022310540080070496,PREDICTED
14,hERG,4,16,C,0.03741053119301796,0.021988965570926666,0.059399496763944626,PREDICTED
14,hERG,4,17,C,0.03154531493782997,0.00164114311337471,0.03318645805120468,PREDICTED
14,hERG,4,18,C,0.04041297361254692,0.0042061652056872845,0.04461913928389549,PREDICTED
14,hERG,4,19,C,-0.009997468441724777,-0.005978894419968128,-0.01597636193037033,PREDICTED
14,hERG,4,20,O,-0.026320211589336395,-0.01073733065277338,-0.0370575413107872,PREDICTED
14,hERG,4,21,O,-0.022052468731999397,-0.011461423709988594,-0.03351389244198799,PREDICTED
14,hERG,4,22,O,-0.10575468093156815,-0.021846231073141098,-0.12760090827941895,PREDICTED
14,hERG,4,23,C,0.0728120505809784,-0.001729181152768433,0.07108286768198013,PREDICTED
15,AMES,4,0,C,-0.03058909997344017,0.004799771588295698,-0.025789327919483185,PREDICTED
15,AMES,4,1,C,-0.04955457150936127,0.01287679374217987,-0.036677777767181396,PREDICTED
15,AMES,4,2,C,-0.01533421315252781,-0.005293664522469044,-0.020627878606319427,PREDICTED
15,AMES,4,3,C,-0.03754718601703644,-0.00017473381012678146,-0.037721920758485794,PREDICTED
15,AMES,4,4,C,0.08359139412641525,-0.01468843873590231,0.06890295445919037,PREDICTED
15,AMES,4,5,C,-0.01259130984544754,-0.005655024200677872,-0.018246334046125412,PREDICTED
15,AMES,4,6,O,-0.0596291720867157,0.004691447596997023,-0.05493772402405739,PREDICTED
15,AMES,4,7,C,0.025820214301347733,-0.007281155325472355,0.018539059907197952,PREDICTED
15,AMES,4,8,C,-0.062099240720272064,-0.016198500990867615,-0.07829774171113968,PREDICTED
15,AMES,4,9,C,0.011310788802802563,-0.0237857885658741,-0.012474999763071537,PREDICTED
15,AMES,4,10,C,-0.05886641517281532,-0.030331552028656006,-0.08919796347618103,PREDICTED
15,AMES,4,11,O,0.2134418785572052,-0.021661734208464622,0.19178014993667603,PREDICTED
15,AMES,4,12,C,-0.028650641441345215,-0.041328076273202896,-0.06997871398925781,PREDICTED
15,AMES,4,13,C,0.3356848955154419,-0.03573323041200638,0.2999516725540161,PREDICTED
15,AMES,4,14,C,-0.07880905270576477,-0.029901523143053055,-0.10871057212352753,PREDICTED
15,AMES,4,15,C,0.07639467716217041,0.026847543194890022,0.10324221849441528,PREDICTED
15,AMES,4,16,C,0.028729410842061043,0.012765694409608841,0.04149510711431503,PREDICTED
15,AMES,4,17,C,0.09969592839479446,0.05390653386712074,0.1536024659872055,PREDICTED
15,AMES,4,18,C,-0.006992052309215069,-0.019280729815363884,-0.026272781193256378,PREDICTED
15,AMES,4,19,C,0.05436398833990097,6.513483822345734e-05,0.05442912131547928,PREDICTED
15,AMES,4,20,C,-0.013447165489196777,-0.02094050869345665,-0.03438767418265343,PREDICTED
15,AMES,4,21,O,-0.3453276455402374,-0.0392456129193306,-0.3845732510089874,PREDICTED
15,AMES,4,22,O,-0.40999168157577515,-0.05246954783797264,-0.4624612331390381,PREDICTED
15,AMES,4,23,C,-0.03058909997344017,0.004799771588295698,-0.025789327919483185,PREDICTED
15,Skin_Reaction,4,0,C,-0.03320346772670746,0.0020427382551133633,-0.031160729005932808,PREDICTED
15,Skin_Reaction,4,1,C,-0.04390056058764458,-0.009278487414121628,-0.053179048001766205,PREDICTED
15,Skin_Reaction,4,2,C,0.024978995323181152,0.0035079042427241802,0.02848690003156662,PREDICTED
15,Skin_Reaction,4,3,C,0.03812815994024277,0.01696150377392769,0.055089663714170456,PREDICTED
15,Skin_Reaction,4,4,C,0.014383295550942421,-0.004993549548089504,0.009389746002852917,PREDICTED
15,Skin_Reaction,4,5,C,0.03132639080286026,-0.00797562301158905,0.02335076779127121,PREDICTED
15,Skin_Reaction,4,6,O,-0.041671931743621826,-0.005910227075219154,-0.04758215695619583,PREDICTED
15,Skin_Reaction,4,7,C,-0.0015839713159948587,-0.0029394105076789856,-0.004523381590843201,PREDICTED
15,Skin_Reaction,4,8,C,-0.014351710677146912,-0.003002496436238289,-0.0173542071133852,PREDICTED
15,Skin_Reaction,4,9,C,0.002082506427541375,-0.001699536107480526,0.0003829703200608492,PREDICTED
15,Skin_Reaction,4,10,C,6.986182415857911e-05,-7.892539724707603e-05,-9.063573088496923e-06,PREDICTED
15,Skin_Reaction,4,11,O,-0.008635655045509338,0.0028152200393378735,-0.005820435006171465,PREDICTED
15,Skin_Reaction,4,12,C,-0.0033134918194264174,-2.523045986890793e-05,-0.0033387222792953253,PREDICTED
15,Skin_Reaction,4,13,C,0.04982510954141617,-0.004231580998748541,0.04559352993965149,PREDICTED
15,Skin_Reaction,4,14,C,-0.020734773948788643,-0.011446425691246986,-0.03218119964003563,PREDICTED
15,Skin_Reaction,4,15,C,0.021147720515727997,-0.006903844885528088,0.01424387563019991,PREDICTED
15,Skin_Reaction,4,16,C,-0.03018759749829769,-0.005578642711043358,-0.03576624020934105,PREDICTED
15,Skin_Reaction,4,17,C,0.02236390858888626,0.002831673249602318,0.02519558183848858,PREDICTED
15,Skin_Reaction,4,18,C,-0.02635166607797146,-0.006663970649242401,-0.03301563858985901,PREDICTED
15,Skin_Reaction,4,19,C,0.010826947167515755,-0.005240212194621563,0.005586734972894192,PREDICTED
15,Skin_Reaction,4,20,C,0.007857618853449821,-0.00977230817079544,-0.0019146893173456192,PREDICTED
15,Skin_Reaction,4,21,O,0.023780904710292816,-0.001909057144075632,0.02187184803187847,PREDICTED
15,Skin_Reaction,4,22,O,-0.0012558996677398682,-0.005313499830663204,-0.006569399498403072,PREDICTED
15,Skin_Reaction,4,23,C,-0.03320346772670746,0.0020427382551133633,-0.031160729005932808,PREDICTED
15,DILI,4,0,C,-0.016072861850261688,-0.0028314508963376284,-0.018904313445091248,PREDICTED
15,DILI,4,1,C,0.048051852732896805,0.002331733936443925,0.050383586436510086,PREDICTED
15,DILI,4,2,C,0.014888192526996136,-0.007180862128734589,0.007707330398261547,PREDICTED
15,DILI,4,3,C,-0.033633481711149216,-0.01836428977549076,-0.051997773349285126,PREDICTED
15,DILI,4,4,C,0.06167842447757721,0.00454098591580987,0.06621941179037094,PREDICTED
15,DILI,4,5,C,0.017704639583826065,0.010383419692516327,0.028088059276342392,PREDICTED
15,DILI,4,6,O,0.04975400120019913,0.009855905547738075,0.05960990488529205,PREDICTED
15,DILI,4,7,C,0.006234298925846815,0.0014790995046496391,0.007713398430496454,PREDICTED
15,DILI,4,8,C,0.020440496504306793,0.000615588971413672,0.02105608582496643,PREDICTED
15,DILI,4,9,C,0.07228171080350876,-0.006590302102267742,0.06569141149520874,PREDICTED
15,DILI,4,10,C,0.04663587361574173,0.011625835672020912,0.05826170742511749,PREDICTED
15,DILI,4,11,O,0.00859377533197403,-0.01366383396089077,-0.00507005862891674,PREDICTED
15,DILI,4,12,C,-0.015410976484417915,-0.02220272831618786,-0.037613704800605774,PREDICTED
15,DILI,4,13,C,-0.059889424592256546,-0.0032270613592118025,-0.06311648339033127,PREDICTED
15,DILI,4,14,C,-0.0029132633935660124,-0.00914321281015873,-0.012056476436555386,PREDICTED
15,DILI,4,15,C,0.06055687367916107,0.019101331010460854,0.07965820282697678,PREDICTED
15,DILI,4,16,C,0.08576183766126633,0.007391461171209812,0.09315329790115356,PREDICTED
15,DILI,4,17,C,-0.03244736045598984,0.008199390023946762,-0.024247970432043076,PREDICTED
15,DILI,4,18,C,0.07964393496513367,0.0011321126949042082,0.08077605068683624,PREDICTED
15,DILI,4,19,C,-0.003259228775277734,0.0072455680929124355,0.003986339084804058,PREDICTED
15,DILI,4,20,C,-0.03340265899896622,0.014934267848730087,-0.01846839115023613,PREDICTED
15,DILI,4,21,O,-0.09937483072280884,-0.0032467059791088104,-0.10262154042720795,PREDICTED
15,DILI,4,22,O,-0.08789773285388947,-0.0035370616242289543,-0.0914347916841507,PREDICTED
15,DILI,4,23,C,-0.016072861850261688,-0.0028314508963376284,-0.018904313445091248,PREDICTED
15,hERG,4,0,C,0.07719988375902176,0.003746302332729101,0.080946184694767,PREDICTED
15,hERG,4,1,C,0.05736129730939865,-0.008459924720227718,0.04890137165784836,PREDICTED
15,hERG,4,2,C,0.036916960030794144,-0.006914236582815647,0.03000272437930107,PREDICTED
15,hERG,4,3,C,0.03349892050027847,0.009164124727249146,0.04266304522752762,PREDICTED
15,hERG,4,4,C,-0.02993173338472843,0.014974137768149376,-0.014957595616579056,PREDICTED
15,hERG,4,5,C,0.023902548477053642,0.007800069637596607,0.031702619045972824,PREDICTED
15,hERG,4,6,O,0.025610173121094704,-0.0023323148488998413,0.023277858272194862,PREDICTED
15,hERG,4,7,C,0.02017594501376152,-0.0016496580792590976,0.018526287749409676,PREDICTED
15,hERG,4,8,C,0.04490697383880615,-0.0007620653486810625,0.04414490982890129,PREDICTED
15,hERG,4,9,C,0.015729693695902824,0.001572212902829051,0.017301905900239944,PREDICTED
15,hERG,4,10,C,0.05274853855371475,0.006572915241122246,0.05932145565748215,PREDICTED
15,hERG,4,11,O,0.031572721898555756,-0.010093294084072113,0.021479427814483643,PREDICTED
15,hERG,4,12,C,0.036730147898197174,-0.012909273616969585,0.023820873349905014,PREDICTED
15,hERG,4,13,C,0.057185664772987366,-0.005219379905611277,0.05196628347039223,PREDICTED
15,hERG,4,14,C,0.027189552783966064,-0.013948101550340652,0.013241451233625412,PREDICTED
15,hERG,4,15,C,-0.020509060472249985,0.003856445662677288,-0.016652613878250122,PREDICTED
15,hERG,4,16,C,0.007556416559964418,0.005845208186656237,0.013401624746620655,PREDICTED
15,hERG,4,17,C,0.04504523426294327,0.01959223300218582,0.06463746726512909,PREDICTED
15,hERG,4,18,C,0.026361167430877686,0.0046910555101931095,0.031052222475409508,PREDICTED
15,hERG,4,19,C,0.041808560490608215,0.0015369565226137638,0.04334551841020584,PREDICTED
15,hERG,4,20,C,0.006188519299030304,-0.0012708199210464954,0.0049176993779838085,PREDICTED
15,hERG,4,21,O,0.047783054411411285,5.95608726143837e-05,0.047842614352703094,PREDICTED
15,hERG,4,22,O,0.010056104511022568,-0.005407425574958324,0.004648678936064243,PREDICTED
15,hERG,4,23,C,0.07719988375902176,0.003746302332729101,0.080946184694767,PREDICTED
