doi,title,host,family,system,record_count,strategies,title_strategies,phase_class
10.1006/abbi.1996.0312,"Human isopentenyl diphosphate:dimethylallyl diphosphate isomerase: Overproduction, purification, and characterization",细菌,萜类／异戊二烯类,体外测定,13,前体与辅因子供给,,非标题相分离主题
10.1006/bbrc.1997.6792,Photoaffinity labeling of yeast farnesyl protein transferase and enzymatic synthesis of a Ras protein incorporating a photoactive isoprenoid,酵母,萜类／异戊二烯类,体外测定,1,,,非标题相分离主题
10.1006/bbrc.1998.9414,"CYP81E1, a cytochrome P450 cDNA of licorice ( Glycyrrhiza echinata L.), encodes isoflavone 2′-hydroxylase",酵母,异黄酮类,未标注,1,表达与动态调控,,非标题相分离主题
10.1006/prep.1996.0016,Bacterial expression of the Saccharomyces cerevisiae ubiquitin-conjugating enzyme Ubc7,酵母,其他研究对象,未标注,7,,,非标题相分离主题
10.1007/bf00326284,ISOLATION AND CHARACTERIZATION OF CHLAMYDOMONAS TEMPERATURE-SENSITIVE MUTANTS AFFECTING GAMETIC DIFFERENTIATION UNDER NITROGEN-STARVED CONDITIONS,植物,未标注,未标注,15,,,非标题相分离主题
10.1007/bf00351494,Saccharomyces cerevisiae phosphoglucose isomerase and fructose bisphosphate aldolase can be replaced functionally by the corresponding enzymes of Escherichia coli and Drosophila melanogaster,酵母,其他研究对象,细胞／活体反应,45,,,非标题相分离主题
10.1007/bf00403963,"C-peptide stimulates rat renal tubular Na+, K+-ATPase activity in synergism with neuropeptide Y",哺乳动物／细胞,其他研究对象,体外测定,33,,,非标题相分离主题
10.1007/s00005-021-00637-2,A Novel Human Recombinant Lactoferrin Inhibits Lung Adenocarcinoma Cell Growth and Migration with No Cytotoxic Effect on Normal Human Epithelial Cells,哺乳动物／细胞,其他研究对象,体外测定,6,,,非标题相分离主题
10.1007/s00011-023-01774-4,BI 1291583: a novel selective inhibitor of cathepsin C with superior in vivo profile for the treatment of bronchiectasis,哺乳动物／细胞,其他研究对象,细胞／活体反应,54,,,非标题相分离主题
10.1007/s00018-012-0944-2,Diversity and roles of (t)RNA ligases,酵母,其他研究对象,体外测定,51,前体与辅因子供给,,非标题相分离主题
10.1007/s00018-012-1130-2,MAPK uncouples cell cycle progression from cell spreading and cytoskeletal organization in cycling cells,哺乳动物／细胞,其他研究对象,体外测定,9,,,非标题相分离主题
10.1007/s00018-015-1985-0,Regulation of protein homeostasis in neurodegenerative diseases: The role of coding and non-coding genes,酵母,未标注,体外测定,11,,,非标题相分离主题
10.1007/s00018-021-03918-3,Metabolomics and health: from nutritional crops and plant-based pharmaceuticals to profiling of human biofluids,植物,其他天然产物,细胞／活体反应,59,,,非标题相分离主题
10.1007/s00018-023-04727-6,"On the assembly of the mitotic spindle, bistability and hysteresis",哺乳动物／细胞,未标注,体外测定,2,,,非标题相分离主题
10.1007/s00018-024-05115-4,The human OPA1delTTAG mutation induces adult onset and progressive auditory neuropathy in mice,哺乳动物／细胞,未标注,细胞／活体反应,4,,,非标题相分离主题
10.1007/s00018-025-05662-4,Rhodosporidium toruloides—a new surrogate model to study rapamycin induced effects on human aging and cancer,酵母,其他研究对象,细胞／活体反应,14,,,非标题相分离主题
10.1007/s00125-002-0996-1,"C-peptide stimulates Na+,K+-ATPase activity via PKC alpha in rat medullary thick ascending limb",哺乳动物／细胞,未标注,体外测定,8,,,非标题相分离主题
10.1007/s00125-003-1091-y,Intercellular signalling within vascular cells under high D-glucose involves free radical-triggered tyrosine kinase activation,哺乳动物／细胞,未标注,细胞／活体反应,72,,,非标题相分离主题
10.1007/s00125-009-1537-y,Regression of diabetic complications by islet transplantation in the rat,哺乳动物／细胞,未标注,未标注,18,,,非标题相分离主题
10.1007/s00125-012-2806-8,Hydrogen sulfide-induced inhibition of L-type Ca2+ channels and insulin secretion in mouse pancreatic beta cells,哺乳动物／细胞,未标注,细胞／活体反应,8,,,非标题相分离主题
10.1007/s00125-014-3452-0,Selective inhibition of 12-lipoxygenase protects islets and beta cells from inflammatory cytokine-mediated beta cell dysfunction,哺乳动物／细胞,其他研究对象,细胞／活体反应,3,,,非标题相分离主题
10.1007/s00198-025-07595-x,Vitamin B6 challenge as a tool for detecting ALPL mutations and diagnosing hypophosphatasia,未标注,未标注,细胞／活体反应,1,,,非标题相分离主题
10.1007/s00203-016-1322-5,Design and characterisation of synthetic operons for biohydrogen technology,细菌,其他研究对象,细胞／活体反应,5,表达与动态调控；竞争途径与转运,,非标题相分离主题
10.1007/s00203-026-04804-x,Probiotic and immune-modulatory capacities of three human gut-derived strains of Parabacteroides distasonis,细菌,未标注,无细胞／分离酶,17,,,非标题相分离主题
10.1007/s00204-020-02852-w,Neurite outgrowth inhibitory levels of organophosphates induce tissue transglutaminase activity in differentiating N2a cells: evidence for covalent adduct formation,植物,未标注,体外测定,18,,,非标题相分离主题
10.1007/s00204-021-03111-2,Structure-based virtual screening of CYP1A1 inhibitors: towards rapid tier-one assessment of potential developmental toxicants,无细胞体系,其他研究对象,体外测定,54,,,非标题相分离主题
10.1007/s00204-021-03186-x,"Organophosphorus pesticides exhibit compound specific effects in rat precision-cut lung slices (PCLS): mechanisms involved in airway response, cytotoxicity, inflammatory activation and antioxidative defense",哺乳动物／细胞,未标注,多类别并列,8,,,非标题相分离主题
10.1007/s00204-022-03346-7,Sulfur mustard single-dose exposure triggers senescence in primary human dermal fibroblasts,哺乳动物／细胞,其他研究对象,细胞／活体反应,44,,,非标题相分离主题
10.1007/s00204-023-03565-6,Basic concepts of mixture toxicity and relevance for risk evaluation and regulation,哺乳动物／细胞,未标注,细胞／活体反应,2,,,非标题相分离主题
10.1007/s00204-024-03836-w,"Metabolic activation of WHO-congeners PCB28, 52, and 101 by human CYP2A6: evidence from in vitro and in vivo experiments",哺乳动物／细胞,其他研究对象,细胞／活体反应,110,,,非标题相分离主题
10.1007/s00204-025-04071-7,Relevance of kinetic interactions and co-formulants for plant protection product liver toxicity in vitro,植物,其他研究对象,体外测定,49,前体与辅因子供给,,非标题相分离主题
10.1007/s00210-013-0847-2,Evaluation of antinociceptive and antioxidant properties of 3-[4-(3-trifluoromethyl-phenyl)-piperazin-1-yl]-dihydrofuran-2-one in mice,哺乳动物／细胞,其他研究对象,细胞／活体反应,35,,,非标题相分离主题
10.1007/s00210-015-1144-z,Effect of thioridazine on antioxidant status of HEMn-DP melanocytes,哺乳动物／细胞,其他研究对象,体外测定,32,表达与动态调控,,非标题相分离主题
10.1007/s00210-023-02664-6,"Organ-specific off-target effects of Pim/ZIP kinase inhibitors suggest lack of contractile Pim kinase activity in prostate, bladder, and vascular smooth muscle",哺乳动物／细胞,未标注,未标注,4,,,非标题相分离主题
10.1007/s00216-011-5061-9,Agonistic and antagonistic estrogens in licorice root (Glycyrrhiza glabra),植物,异黄酮类,体外测定,58,,,非标题相分离主题
10.1007/s00216-023-04786-5,Tailored extraction and ion mobility-mass spectrometry enables isotopologue analysis of tetrahydrofolate vitamers,酵母,其他研究对象,细胞／活体反应,9,,,非标题相分离主题
10.1007/s00217-025-04714-0,Investigation of antioxidant activity of Rosa canina L. fruit and gall extracts,植物,其他天然产物,无细胞／分离酶,4,,,非标题相分离主题
10.1007/s00217-025-04777-z,Using a combination of in vitro and in silico approaches to explore the biological potential of Arceuthobium oxycedri extracts: innovative insights from the lab to functional applications,植物,黄酮类,体外测定,2,,,非标题相分离主题
10.1007/s00223-021-00882-9,Proton Pump Inhibitors Inhibit PHOSPHO1 Activity and Matrix Mineralisation In Vitro,无细胞体系,其他研究对象,无细胞／分离酶,20,,,非标题相分离主题
10.1007/s00232-026-00380-9,Fluorescence Lifetime Spectroscopy Reveals Distinct Allosteric Mechanisms of SERCA Inhibitors,哺乳动物／细胞,未标注,无细胞／分离酶,19,,,非标题相分离主题
10.1007/s00244-020-00773-4,Review of Rare Earth Elements as Fertilizers and Feed Additives: A Knowledge Gap Analysis,植物,其他研究对象,细胞／活体反应,16,,,非标题相分离主题
10.1007/s00248-025-02572-7,Transcriptome Analysis of the Fat Body of the Maize Pest Delphacodes kuscheli (Hemiptera: Delphacidae) Reveals Essential Roles of Fungal Endosymbionts,其他宿主,萜类／异戊二烯类,未标注,13,,,非标题相分离主题
10.1007/s00249-019-01392-1,Enzymatic activity of human immunodeficiency virus type 1 protease in crowded solutions,无细胞体系,其他研究对象,体外测定,49,,,非标题相分离主题
10.1007/s00253-009-2219-x,Increasing diterpene yield with a modular metabolic engineering system in E. coli: comparison of MEV and MEP isoprenoid precursor pathway engineering,细菌,萜类／异戊二烯类,细胞／活体反应,87,代谢与通路工程；发酵与过程优化,代谢与通路工程,非标题相分离主题
10.1007/s00253-010-2860-4,Engineered polyketide biosynthesis and biocatalysis in Escherichia coli,细菌,其他研究对象,细胞／活体反应,59,代谢与通路工程；前体与辅因子供给；表达与动态调控,,非标题相分离主题
10.1007/s00253-011-3506-x,"Identification and characterization of DGA2, an acyltransferase of the DGAT1 acyl-CoA:diacylglycerol acyltransferase family in the oleaginous yeast Yarrowia lipolytica. New insights into the storage lipid metabolism of oleaginous yeasts",酵母,其他研究对象,细胞／活体反应,6,,,非标题相分离主题
10.1007/s00253-011-3853-7,Fermentative production of isobutene,其他宿主,其他研究对象,发酵／反应器,5,,,非标题相分离主题
10.1007/s00253-012-4173-2,Pectin-rich biomass as feedstock for fuel ethanol production,酵母,其他研究对象,发酵／反应器,25,,,非标题相分离主题
10.1007/s00253-014-5732-5,Protein expression in Pichia pastoris: Recent achievements and perspectives for heterologous protein production,酵母,其他研究对象,细胞／活体反应,16,代谢与通路工程；表达与动态调控；发酵与过程优化,,非标题相分离主题
10.1007/s00253-014-5991-1,Sustainable conversion of coffee and other crop wastes to biofuels and bioproducts using coupled biochemical and thermochemical processes in a multi-stage biorefinery concept,酵母,萜类／异戊二烯类,未标注,29,资源与环境,资源与环境,非标题相分离主题
10.1007/s00253-014-6217-2,Modifying the lipid content and composition of plant seeds: engineering the production of LC-PUFA,植物,其他研究对象,细胞／活体反应,9,资源与环境,,非标题相分离主题
10.1007/s00253-014-6318-y,Sustainable source of omega-3 eicosapentaenoic acid from metabolically engineered Yarrowia lipolytica: from fundamental research to commercial production,酵母,其他研究对象,发酵／反应器,28,代谢与通路工程；资源与环境,资源与环境,非标题相分离主题
10.1007/s00253-015-6531-3,Enhanced C30 carotenoid production in Bacillus subtilis by systematic overexpression of MEP pathway genes,细菌,萜类／异戊二烯类,细胞／活体反应,22,前体与辅因子供给；表达与动态调控,表达与动态调控,非标题相分离主题
10.1007/s00253-015-6950-1,Metabolic engineering of Bacillus subtilis for terpenoid production,细菌,萜类／异戊二烯类,细胞／活体反应,10,代谢与通路工程；表达与动态调控,代谢与通路工程,非标题相分离主题
10.1007/s00253-016-7993-7,P450BM3fused to phosphite dehydrogenase allows phosphite-driven selective oxidations,无细胞体系,其他研究对象,多类别并列,12,前体与辅因子供给,,非标题相分离主题
10.1007/s00253-017-8317-2,Insights into the prevalence and underlying causes of clonal variation through transcriptomic analysis in Pichia pastoris,酵母,其他研究对象,未标注,5,,,非标题相分离主题
10.1007/s00253-018-9154-7,Upregulating the mevalonate pathway and repressing sterol synthesis in Saccharomyces cerevisiae enhances the production of triterpenes,酵母,萜类／异戊二烯类,细胞／活体反应,5,代谢与通路工程,,非标题相分离主题
10.1007/s00253-019-09892-y,Identifying and engineering the ideal microbial terpenoid production host,细菌,萜类／异戊二烯类,细胞／活体反应,6,,,非标题相分离主题
10.1007/s00253-020-10643-7,Engineering intracellular malonyl-CoA availability in microbial hosts and its impact on polyketide and fatty acid synthesis,细菌,其他研究对象,细胞／活体反应,28,前体与辅因子供给；表达与动态调控；发酵与过程优化,前体与辅因子供给,非标题相分离主题
10.1007/s00253-020-10697-7,Valorisation of pectin-rich agro-industrial residues by yeasts: potential and challenges,酵母,其他研究对象,发酵／反应器,83,,,非标题相分离主题
10.1007/s00253-020-10798-3,Bioengineering studies and pathway modeling of the heterologous biosynthesis of tetrahydrocannabinolic acid in yeast,酵母,其他研究对象,发酵／反应器,16,,,非标题相分离主题
10.1007/s00253-021-11539-w,Production of bioactive plant secondary metabolites through in vitro technologies—status and outlook,植物,其他天然产物,细胞／活体反应,16,发酵与过程优化,,非标题相分离主题
10.1007/s00253-021-11743-8,Impacts of elicitors on metabolite production and on antioxidant potential and tyrosinase inhibition in watercress microshoot cultures,植物,黄酮类,未标注,34,,,非标题相分离主题
10.1007/s00253-022-12054-2,Generation of stable homozygous transformants of diploid yeasts such as Xanthophyllomyces dendrorhous,酵母,萜类／异戊二烯类,细胞／活体反应,40,代谢与通路工程,,非标题相分离主题
10.1007/s00253-023-12856-y,Long chain capsaicin analogues synthetized by CALB-CLEAs show cytotoxicity on glioblastoma cell lines,无细胞体系,其他研究对象,无细胞／分离酶,63,,,非标题相分离主题
10.1007/s00253-023-12875-9,Combined 6-benzylaminopurine and H2O2 stimulate the astaxanthin biosynthesis in Xanthophyllomyces dendrorhous,酵母,萜类／异戊二烯类,细胞／活体反应,116,表达与动态调控,,非标题相分离主题
10.1007/s00253-023-12922-5,The potency of mitochondria enlargement for mitochondria-mediated terpenoid production in yeast,酵母,萜类／异戊二烯类,未标注,18,前体与辅因子供给,,非标题相分离主题
10.1007/s00253-023-12928-z,Metabolic control analysis enabled the improvement of the L-cysteine production process with Escherichia coli,细菌,其他研究对象,细胞／活体反应,11,空间组织与区室化；发酵与过程优化,,非标题相分离主题
10.1007/s00253-024-13077-7,The non-mevalonate pathway requires a delicate balance of intermediates to maximize terpene production,酵母,萜类／异戊二烯类,发酵／反应器,43,前体与辅因子供给,,非标题相分离主题
10.1007/s00253-024-13118-1,Fighting pathogenic yeasts with plant defensins and anti-fungal proteins from fungi,酵母,其他研究对象,细胞／活体反应,64,,,非标题相分离主题
10.1007/s00253-024-13261-9,Innovative sustainable bioreactor-in-a-granule formulation of Trichoderma asperelloides,其他宿主,凝聚体相关体系,发酵／反应器,7,发酵与过程优化；资源与环境,发酵与过程优化；资源与环境,非标题相分离主题
10.1007/s00253-024-13271-7,Step-by-step optimization of a heterologous pathway for de novo naringenin production in Escherichia coli,细菌,黄酮类,发酵／反应器,131,前体与辅因子供给；竞争途径与转运；发酵与过程优化,,非标题相分离主题
10.1007/s00253-025-13409-1,Engineering yeast to produce fraxetin from ferulic acid and lignin,酵母,苯丙素类,细胞／活体反应,110,发酵与过程优化,,非标题相分离主题
10.1007/s00253-025-13515-0,Unlocking the potential of Metschnikowia pulcherrima: a dive into the genomic and safety characterization of four plant-associated strains,植物,其他研究对象,体外测定,16,,,非标题相分离主题
10.1007/s00253-025-13702-z,Enhanced bacterial cellulose production by Komagataeibacter xylinus using agro-derived flour nitrogen sources,细菌,其他研究对象,发酵／反应器,143,发酵与过程优化,,非标题相分离主题
10.1007/s00253-026-13840-y,2-Keto-3-deoxy-D-xylonate and 2-oxo-4-hydroxybutyrate as natural and artificial effectors of transcription factors regulating D-xylonate operons in E. coli,细菌,其他研究对象,体外测定,11,表达与动态调控,表达与动态调控,非标题相分离主题
10.1007/s00277-025-06695-2,"Establishment of reference interval (RI) for G6PD/6PGD ratio in adults from Yangjiang, China",哺乳动物／细胞,其他研究对象,未标注,99,,,非标题相分离主题
10.1007/s00284-023-03584-7,Peptoniphilus genitalis sp. nov. and Mobiluncus massiliensis sp. nov.: Novel Bacteria Isolated from the Vaginal Microbiome,哺乳动物／细胞,未标注,未标注,15,,,非标题相分离主题
10.1007/s00284-024-03744-3,Photorhabdus africana sp. nov. isolated from Heterorhabditis entomopathogenic nematodes,细菌,萜类／异戊二烯类,细胞／活体反应,13,,,非标题相分离主题
10.1007/s00284-024-03838-y,Nucleophagy in Aspergillus oryzae is Mediated by Autophagosome Formation and Vacuole-Mediated Degradation,酵母,未标注,体外测定,4,,,非标题相分离主题
10.1007/s00285-015-0921-0,A mathematical model of the dynamics of prion aggregates with chaperone-mediated fragmentation,酵母,其他研究对象,体外测定,16,,,非标题相分离主题
10.1007/s00285-017-1189-3,Multi-timescale analysis of a metabolic network in synthetic biology: a kinetic model for 3-hydroxypropionic acid production via beta-alanine,酵母,其他研究对象,体外测定,1,,,非标题相分离主题
10.1007/s00289-025-05783-7,Antimicrobial testing of cyanoethyl cellulose membranes incorporated with Schinus molle (L.) leaf extract,植物,黄酮类,发酵／反应器,24,,,非标题相分离主题
10.1007/s00294-002-0343-6,Identification of putative genes involved in the development of Tuber borchii fruit body by mRNA differential display in agarose gel,酵母,萜类／异戊二烯类,体外测定,47,,,非标题相分离主题
10.1007/s00294-003-0411-6,Malo-ethanolic fermentation in Saccharomyces and Schizosaccharomyces,酵母,其他研究对象,发酵／反应器,15,,,非标题相分离主题
10.1007/s00294-005-0009-2,A computational approach to the inference of sphingolipid pathways from the genome of Aspergillus fumigatus,酵母,其他研究对象,未标注,13,,,非标题相分离主题
10.1007/s00294-005-0563-7,"Isolation and characterization of a fruiting body-specific exo-β-1,3-glucanase-encoding gene, exg1 , from Lentinula edodes",其他宿主,未标注,体外测定,2,,,非标题相分离主题
10.1007/s00294-008-0183-0,"Characterization of MYR1, a dosage suppressor of YPT6 and RIC1 deficient mutants",酵母,未标注,无细胞／分离酶,5,,,非标题相分离主题
10.1007/s00294-009-0284-4,Sulfate metabolism in Tuber borchii: characterization of a putative sulfate transporter and the homocysteine synthase genes,其他宿主,其他研究对象,无细胞／分离酶,2,竞争途径与转运,竞争途径与转运,非标题相分离主题
10.1007/s00294-010-0307-1,Mutations in the Cc.rmt1 gene encoding a putative protein arginine methyltransferase alter developmental programs in the basidiomycete Coprinopsis cinerea,酵母,其他研究对象,细胞／活体反应,5,,,非标题相分离主题
10.1007/s00294-015-0544-4,Responses to phosphate deprivation in yeast cells,酵母,凝聚体相关体系,细胞／活体反应,7,,,非标题相分离主题
10.1007/s00294-016-0566-6,Partial suppression of the respiratory defect of qrs1/her2 glutamyl-tRNA amidotransferase mutants by overexpression of the mitochondrial pentatricopeptide Msc6p,酵母,未标注,细胞／活体反应,11,表达与动态调控,表达与动态调控,非标题相分离主题
10.1007/s00294-016-0617-z,"The slim, the fat, and the obese: guess who lives the longest?",植物,未标注,未标注,8,,,非标题相分离主题
10.1007/s00294-017-0699-2,Position matters: multiple functions of LINC-dependent chromosome positioning during meiosis,酵母,未标注,细胞／活体反应,4,,,非标题相分离主题
10.1007/s00294-017-0714-7,The life of [PSI],酵母,未标注,细胞／活体反应,10,,,非标题相分离主题
10.1007/s00294-017-0736-1,Toxicity and infectivity: insights from de novo prion formation,酵母,凝聚体相关体系,多类别并列,10,表达与动态调控,,非标题相分离主题
10.1007/s00294-017-0748-x,Misfolding and aggregation of nascent proteins: a novel mode of toxic cadmium action in vivo,酵母,未标注,细胞／活体反应,1,,,非标题相分离主题
10.1007/s00294-017-0759-7,Screening for amyloid proteins in the yeast proteome,酵母,未标注,细胞／活体反应,20,,,非标题相分离主题
10.1007/s00294-018-0803-2,Respiratory deficiency in yeast mevalonate kinase deficient may explain MKD-associate metabolic disorder in humans,酵母,萜类／异戊二烯类,细胞／活体反应,46,,,非标题相分离主题
10.1007/s00294-018-0805-0,A reversible liquid drop aggregation controls glucose response in yeast,酵母,凝聚体相关体系,细胞／活体反应,2,,,非标题相分离主题
10.1007/s00294-018-0807-y,Rad5 coordinates translesion DNA synthesis pathway by recognizing specific DNA structures in saccharomyces cerevisiae,酵母,凝聚体相关体系,细胞／活体反应,19,表达与动态调控,,非标题相分离主题
10.1007/s00294-018-0847-3,Manipulation of cytokinin level in the ergot fungus Claviceps purpurea emphasizes its contribution to virulence,其他宿主,萜类／异戊二烯类,无细胞／分离酶,5,,,非标题相分离主题
10.1007/s00294-018-0922-9,"Recruitment, loading, and activation of the Smc5–Smc6 SUMO ligase",酵母,未标注,细胞／活体反应,6,,,非标题相分离主题
10.1007/s00294-019-00982-y,TORC1 specifically inhibits microautophagy through ESCRT-0,酵母,未标注,体外测定,3,,,非标题相分离主题
10.1007/s00294-019-00994-8,FgPEX1 and FgPEX10 are required for the maintenance of Woronin bodies and full virulence of Fusarium graminearum,其他宿主,未标注,细胞／活体反应,16,,,非标题相分离主题
10.1007/s00294-019-01049-8,The putative deubiquitinating enzyme MoUbp4 is required for infection-related morphogenesis and pathogenicity in the rice blast fungus Magnaporthe oryzae,其他宿主,未标注,未标注,4,,,非标题相分离主题
10.1007/s00294-020-01148-x,Model systems for studying polyphosphate biology: a focus on microorganisms,细菌,未标注,体外测定,5,,,非标题相分离主题
10.1007/s00294-022-01227-1,A positive genetic selection for transmembrane domain mutations in HRD1 underscores the importance of Hrd1 complex integrity during ERAD,酵母,未标注,细胞／活体反应,8,,,非标题相分离主题
10.1007/s00294-022-01248-w,Nab3 nuclear granule accumulation is driven by respiratory capacity,酵母,凝聚体相关体系,细胞／活体反应,7,,,非标题相分离主题
10.1007/s002940050174,3-Hydroxy-3-methylglutaryl-CoA reductase gene of Gibberella fujikuroi: Isolation and characterization,其他宿主,萜类／异戊二烯类,体外测定,9,,,非标题相分离主题
10.1007/s00299-018-2283-8,"Can the world’s favorite fruit, tomato, provide an effective biosynthetic chassis for high-value metabolites?",植物,其他研究对象,体外测定,13,代谢与通路工程,,非标题相分离主题
10.1007/s00299-018-2296-3,Engineering terpenoid production through transient expression in Nicotiana benthamiana,植物,萜类／异戊二烯类,未标注,32,,,非标题相分离主题
10.1007/s00299-023-03095-6,Disruption of a licorice cellulose synthase-derived glycosyltransferase gene demonstrates its in planta role in soyasaponin biosynthesis,植物,萜类／异戊二烯类,细胞／活体反应,3,,,非标题相分离主题
10.1007/s00335-011-9324-8,A missense mutation in Fgfr1 causes ear and skull defects in hush puppy mice,哺乳动物／细胞,未标注,体外测定,20,,,非标题相分离主题
10.1007/s00344-026-12178-z,The Boesenbergia rotunda R2R3-MYB Transcription Factor BrMYB2 Regulates Flavonoid Biosynthesis in Nicotiana tabacum,植物,黄酮类,细胞／活体反应,8,表达与动态调控,表达与动态调控,非标题相分离主题
10.1007/s00394-015-1118-4,DNA damage and oxidative stress response to selenium yeast in the non-smoking individuals: a short-term supplementation trial with respect to GPX1 and SEPP1 polymorphism,酵母,其他研究对象,体外测定,45,,,非标题相分离主题
10.1007/s00412-013-0444-7,Localisation of the SMC loading complex Nipbl/Mau2 during mammalian meiotic prophase I,哺乳动物／细胞,凝聚体相关体系,体外测定,17,,,非标题相分离主题
10.1007/s00412-019-00705-9,S. cerevisiae Srs2 helicase ensures normal recombination intermediate metabolism during meiosis and prevents accumulation of Rad51 aggregates,酵母,凝聚体相关体系,细胞／活体反应,14,,,非标题相分离主题
10.1007/s00412-021-00766-9,NucPosDB: a database of nucleosome positioning in vivo and nucleosomics of cell-free DNA,酵母,未标注,无细胞／分离酶,9,,,非标题相分离主题
10.1007/s00425-020-03476-1,GbMYBR1 from Ginkgo biloba represses phenylpropanoid biosynthesis and trichome development in Arabidopsis,植物,多类别并列,细胞／活体反应,4,,,非标题相分离主题
10.1007/s00425-025-04715-z,Insight into the genetic underpinnings of tobacco hairy root formation by variant-associated genes based on whole-genome resequencing,植物,黄酮类,未标注,42,,,非标题相分离主题
10.1007/s00425-026-04986-0,"Genomic characterization, annotation, and comparative analysis of Ludisia discolor reveal its evolutionary and functional traits",植物,黄酮类,体外测定,220,,,非标题相分离主题
10.1007/s00432-020-03351-2,"Different effects of tryptophan 2,3-dioxygenase inhibition on SK-Mel-28 and HCT-8 cancer cell lines",哺乳动物／细胞,其他研究对象,体外测定,29,竞争途径与转运,,非标题相分离主题
10.1007/s00436-023-08020-0,Immunisation with Neospora caninum subunits rsNcSAG4 and rsNcGRA1 (NcSAG4 and NcGRA1 epitopes construct) in BALB/c mice: the profile of the immune response and controlling the vertical transmission,酵母,凝聚体相关体系,体外测定,20,,,非标题相分离主题
10.1007/s00438-017-1409-y,Integrated analysis of transcriptomic and metabolomic data reveals critical metabolic pathways involved in rotenoid biosynthesis in the medicinal plant Mirabilis himalaica,植物,异黄酮类,体外测定,1,,,非标题相分离主题
10.1007/s00439-022-02441-0,Usher syndrome type IV: clinically and molecularly confirmed by novel ARSG variants,哺乳动物／细胞,未标注,体外测定,4,,,非标题相分离主题
10.1007/s00467-021-05167-9,Atypical HUS and Crohn’s disease—interference of intestinal disease activity with complement-blocking treatment,细菌,未标注,未标注,18,,,非标题相分离主题
10.1007/s00535-012-0564-5,Attenuation of indomethacin-induced gastric mucosal injury by prophylactic administration of sake yeast-derived thioredoxin,酵母,其他研究对象,无细胞／分离酶,5,,,非标题相分离主题
10.1007/s00590-021-02907-3,Cytotoxic effect of sodium hypochlorite (Lavanox 0.08%) and chlorhexidine gluconate (Irrisept 0.05%) on human osteoblasts,哺乳动物／细胞,未标注,体外测定,1,,,非标题相分离主题
10.1007/s00709-017-1145-5,Structural and functional diversity of caspase homologues in non-metazoan organisms,植物,未标注,细胞／活体反应,5,,,非标题相分离主题
10.1007/s00709-022-01795-6,Light and prey influence the abundances of two rhodopsins in the dinoflagellate Oxyrrhis marina,酵母,其他研究对象,未标注,7,,,非标题相分离主题
10.1007/s00723-009-0077-4,Resolving the EPR spectra in the cytochrome bc1 complex from Saccharomyces cerevisiae,酵母,其他研究对象,未标注,6,,,非标题相分离主题
10.1007/s10068-023-01275-4,Enzyme-derived deer velvet extract activate the immune response in cyclophosphamide-induced immunosuppressive mice,哺乳动物／细胞,其他天然产物,无细胞／分离酶,25,,,非标题相分离主题
10.1007/s10068-026-02128-6,Plasmolyzed yeast cell system for the encapsulation of Pulicaria odora polyphenols: RSM-based process optimization and functional characterization,酵母,黄酮类,细胞／活体反应,31,发酵与过程优化,发酵与过程优化,非标题相分离主题
10.1007/s10068-026-02221-w,Fermentation-associated compositional changes in hot-brewed Chenopodium formosanum leaf infusion under defined microbial conditions,植物,黄酮类,发酵／反应器,11,,,非标题相分离主题
10.1007/s10086-013-1388-5,Intsia palembanica wood extracts and its isolated compounds as Propionibacterium acnes lipase inhibitor,植物,其他天然产物,体外测定,8,,,非标题相分离主题
10.1007/s10123-026-00779-3,In vitro bioactivities and molecular docking analysis of methanolic extract from Phoenix dactylifera L. (cv. Ghars) seeds,酵母,黄酮类,体外测定,18,,,非标题相分离主题
10.1007/s10123-026-00796-2,Effect of epigenetic modulation on metabolites from endophytes isolated from Embelia ribes,植物,萜类／异戊二烯类,体外测定,1,,,非标题相分离主题
10.1007/s10295-009-0532-0,Engineering metabolic systems for production of advanced fuels,细菌,其他研究对象,发酵／反应器,79,前体与辅因子供给；表达与动态调控,,非标题相分离主题
10.1007/s10295-017-1911-6,Effects of acetoacetyl-CoA synthase expression on production of farnesene in Saccharomyces cerevisiae,酵母,萜类／异戊二烯类,发酵／反应器,80,前体与辅因子供给；发酵与过程优化,,非标题相分离主题
10.1007/s10343-025-01113-z,Evaluation of Salinity Tolerance Threshold of Two Wheat Cultivars Via Photosynthetic Efficiency and Ion Homeostasis,植物,萜类／异戊二烯类,无细胞／分离酶,28,,,非标题相分离主题
10.1007/s10482-017-0959-7,Consortia formed by yeasts and acetic acid bacteria Asaia spp. in soft drinks,酵母,未标注,发酵／反应器,10,,,非标题相分离主题
10.1007/s10482-018-1034-8,The ‘gifted’ actinomycete Streptomyces leeuwenhoekii,细菌,其他研究对象,体外测定,39,竞争途径与转运,,非标题相分离主题
10.1007/s10499-025-02247-7,"Dietary Saccharomyces cerevisiae mitigates glyphosate-induced oxidative stress, immunotoxicity and apoptosis in Nile tilapia ( Oreochromis niloticus )",酵母,芪类,体外测定,28,,,非标题相分离主题
10.1007/s10522-026-10448-7,Eugenol from Syzygium aromaticum enhances longevity and proteostasis in aged yeast,酵母,苯丙素类,未标注,19,,,非标题相分离主题
10.1007/s10534-015-9882-4,"The physiological concentration of ferrous iron (II) alters the inhibitory effect of hydrogen peroxide on CD45, LAR and PTP1B phosphatases",无细胞体系,未标注,无细胞／分离酶,31,,,非标题相分离主题
10.1007/s10534-024-00592-3,Production of iron-enriched yeast and it’s application in the treatment of iron-deficiency anemia,酵母,其他研究对象,细胞／活体反应,13,,,非标题相分离主题
10.1007/s10565-013-9240-7,"Effect of boric acid on antioxidant enzyme activity, lipid peroxidation, and ultrastructure of midgut and fat body of Galleria mellonella",其他宿主,其他研究对象,无细胞／分离酶,60,,,非标题相分离主题
10.1007/s10565-021-09596-y,The DNA methylation inhibitor RG108 protects against noise-induced hearing loss,哺乳动物／细胞,其他研究对象,细胞／活体反应,1,,,非标题相分离主题
10.1007/s10577-017-9563-y,"BIME2, a novel gene required for interhomolog meiotic recombination in the protist model organism Tetrahymena",其他宿主,未标注,未标注,7,,,非标题相分离主题
10.1007/s10577-023-09732-w,Consequences of gaining an extra chromosome,酵母,未标注,细胞／活体反应,8,,,非标题相分离主题
10.1007/s10616-015-9889-2,"Using simple models to describe the kinetics of growth, glucose consumption, and monoclonal antibody formation in naive and infliximab producer CHO cells",哺乳动物／细胞,其他研究对象,发酵／反应器,111,发酵与过程优化,,非标题相分离主题
10.1007/s10616-016-0036-5,Selection of chemically defined media for CHO cell fed-batch culture processes,哺乳动物／细胞,其他研究对象,发酵／反应器,6,发酵与过程优化,发酵与过程优化,非标题相分离主题
10.1007/s10646-025-03022-3,Combined impacts of warming and methomyl on neurophysiological and behavioral responses in Amazonian frog tadpoles,其他宿主,其他研究对象,无细胞／分离酶,22,,,非标题相分离主题
10.1007/s10653-021-01105-8,"Heavy metal load and effects on biochemical properties in urban soils of a medium-sized city, Ancona, Italy",植物,未标注,未标注,35,,,非标题相分离主题
10.1007/s10658-022-02506-w,Suppression of Cephalosporium maydis by the resistance inducer beta-sitosterol,植物,其他研究对象,体外测定,20,,,非标题相分离主题
10.1007/s10658-024-02972-4,Antifungal activity of dimethyl trisulfide and potential biocontrol against Alternaria alternata on postharvest Lycium barbarum,其他宿主,未标注,体外测定,6,,,非标题相分离主题
10.1007/s10661-022-10301-7,Biomonitoring and assessment of toxic element contamination in floodplain sediments and soils using fluorescein diacetate (FDA) enzymatic activity measurements: evaluation of possibilities and limitations through the case study of the Drava River floodplain,其他宿主,其他研究对象,细胞／活体反应,91,,,非标题相分离主题
10.1007/s10661-024-13096-x,"Different mulch films, consistent results: soil fauna responses to microplastic",其他宿主,其他研究对象,未标注,115,,,非标题相分离主题
10.1007/s10661-025-14719-7,Grass is a tattletale: using grass as a biomonitoring tool for remote sensing of coal combustion residue contamination,植物,未标注,未标注,3,,,非标题相分离主题
10.1007/s10668-024-04792-2,Current progress on lignocellulosic bioethanol including a technological and economical perspective,酵母,其他研究对象,发酵／反应器,52,资源与环境,,非标题相分离主题
10.1007/s10725-025-01299-2,Effects of exogenous γ-aminobutyric acid (GABA) on nitrogen metabolism of oriental melon seedlings under elevated rhizosphere CO2,植物,未标注,未标注,1,,,非标题相分离主题
10.1007/s10725-025-01386-4,Exogenous MeJA-induced chlorosis and senescence in flue-cured tobacco: concentration-dependent effects and transcriptomic analysis,植物,萜类／异戊二烯类,体外测定,46,,,非标题相分离主题
10.1007/s10725-025-01412-5,Silicon mitigates cadmium toxicity in grain Amaranth (Amaranthus cruentus L.),植物,黄酮类,体外测定,26,,,非标题相分离主题
10.1007/s10815-024-03276-6,The melatonin-FTO-ATF4 signaling pathway protects granulosa cells from cisplatin-induced chemotherapeutic toxicity by suppressing ferroptosis,哺乳动物／细胞,其他研究对象,细胞／活体反应,10,,,非标题相分离主题
10.1007/s10886-015-0544-3,Olfactory Specialization in Drosophila suzukii Supports an Ecological Shift in Host Preference from Rotten to Fresh Fruit,酵母,萜类／异戊二烯类,发酵／反应器,3,,,非标题相分离主题
10.1007/s11010-014-2116-1,Nicotine impact on melanogenesis and antioxidant defense system in HEMn-DP melanocytes,哺乳动物／细胞,其他天然产物,细胞／活体反应,32,,,非标题相分离主题
10.1007/s11010-014-2297-7,Effect of norfloxacin and moxifloxacin on melanin synthesis and antioxidant enzymes activity in normal human melanocytes,哺乳动物／细胞,其他天然产物,无细胞／分离酶,29,,,非标题相分离主题
10.1007/s11010-015-2361-y,Improved survival of mesenchymal stem cells by macrophage migration inhibitory factor,哺乳动物／细胞,其他研究对象,细胞／活体反应,6,,,非标题相分离主题
10.1007/s11030-026-11526-1,Managing Malassezia species and related infections: new insights into recent natural and synthetic antifungal compounds and their mechanism of action,酵母,其他研究对象,细胞／活体反应,46,,,非标题相分离主题
10.1007/s11033-019-04605-0,Comparison of the effect of three different topoisomerase II inhibitors combined with cisplatin in human glioblastoma cells sensitized with double strand break repair inhibitors,哺乳动物／细胞,其他天然产物,体外测定,6,,,非标题相分离主题
10.1007/s11033-023-09033-9,Long-term exposure to lead nitrate and zinc sulfate Nile tilapia impact the Aeromonas hydrophila treatment,其他宿主,其他研究对象,体外测定,80,前体与辅因子供给,,非标题相分离主题
10.1007/s11046-007-9071-2,Insights into the pathobiology of Paracoccidioides brasiliensis from transcriptome analysis - Advances and perspectives,酵母,未标注,体外测定,2,,,非标题相分离主题
10.1007/s11051-026-06620-2,Potentially a new approach in cancer diagnosis: development of lanthanide-loaded nanoparticle-based biosensors for determining telomerase levels,哺乳动物／细胞,未标注,体外测定,3,,,非标题相分离主题
10.1007/s11060-017-2474-0,Epithelial growth factor receptor expression influences 5-ALA induced glioblastoma fluorescence,哺乳动物／细胞,其他研究对象,细胞／活体反应,8,,,非标题相分离主题
10.1007/s11064-020-02954-y,Iron-Doping of Copper Oxide Nanoparticles Lowers Their Toxic Potential on C6 Glioma Cells,哺乳动物／细胞,未标注,细胞／活体反应,31,,,非标题相分离主题
10.1007/s11064-023-03964-2,G6PDi-1 is a Potent Inhibitor of G6PDH and of Pentose Phosphate pathway-dependent Metabolic Processes in Cultured Primary Astrocytes,哺乳动物／细胞,其他研究对象,无细胞／分离酶,12,前体与辅因子供给,,非标题相分离主题
10.1007/s11064-024-04104-0,Exogenous Substrates Prevent the Decline in the Cellular ATP Content of Primary Rat Astrocytes During Glucose Deprivation,哺乳动物／细胞,其他研究对象,细胞／活体反应,9,,,非标题相分离主题
10.1007/s11064-025-04511-x,Coapplication of Adenine with Inosine or Guanosine Supports Rapid ATP Restoration by ATP-deprived Cultured Primary Astrocytes,哺乳动物／细胞,未标注,体外测定,3,,,非标题相分离主题
10.1007/s11101-025-10093-x,"Antifungal potential of plant-based extracts against Candida species: values, safety concerns, and possible applications",植物,其他天然产物,多类别并列,2,,,非标题相分离主题
10.1007/s11101-026-10284-0,Emerging logic in monoterpene indole alkaloid biosynthesis: a perspective,酵母,其他天然产物,细胞／活体反应,10,前体与辅因子供给,,非标题相分离主题
10.1007/s11103-012-9891-4,Unraveling the function of Arabidopsis thaliana OS9 in the endoplasmic reticulum-associated degradation of glycoproteins,植物,未标注,细胞／活体反应,3,,,非标题相分离主题
10.1007/s11104-026-08290-4,Rethinking plant nutrients in practice: partial substitution of potassium by sodium in tropical agriculture,植物,未标注,未标注,29,,,非标题相分离主题
10.1007/s11239-020-02086-8,"Evaluation of a rapid turn-over, fully-automated ADAMTS13 activity assay: a method comparison study",哺乳动物／细胞,其他研究对象,未标注,4,,,非标题相分离主题
10.1007/s11240-014-0515-3,Antioxidant activity and ROS tolerance in triticale (x Triticosecale Wittm.) anthers affect the efficiency of microspore embryogenesis,植物,未标注,体外测定,14,,,非标题相分离主题
10.1007/s11240-017-1208-5,"In vitro regeneration, Agrobacterium-mediated transformation, and genetic assay of chalcone synthase in the medicinal plant Echinacea pallida",植物,黄酮类,体外测定,44,,,非标题相分离主题
10.1007/s11240-018-1398-5,Metabolic alteration of Catharanthus roseus cell suspension cultures overexpressing geraniol synthase in the plastids or cytosol,植物,萜类／异戊二烯类,细胞／活体反应,33,表达与动态调控；发酵与过程优化,表达与动态调控,非标题相分离主题
10.1007/s11240-024-02690-z,Establishment and elicitation of liquid adventitious root cultures of Inula crithmoides L. for increased caffeoylquinic acids production and hepatoprotective properties,酵母,苯丙素类,细胞／活体反应,121,发酵与过程优化,,非标题相分离主题
10.1007/s11240-025-02991-x,Yeast extract elicitation enhances growth and metabolite production in Limonium algarvense callus cultures,酵母,其他研究对象,细胞／活体反应,87,资源与环境,,非标题相分离主题
10.1007/s11240-026-03395-1,Development of in vitro cultures from Astragalus thracicus Griseb and Astragalus aitosensis (Ivanisch.) and evaluation of their bioproduction potential,植物,黄酮类,体外测定,121,,,非标题相分离主题
10.1007/s11248-022-00299-6,Multilevel interactions between native and ectopic isoprenoid pathways affect global metabolism in rice,植物,萜类／异戊二烯类,细胞／活体反应,64,,,非标题相分离主题
10.1007/s11250-023-03794-y,"Growth performance, digestive function, thyroid activity, and immunity of growing rabbits fed olive cake with or without Saccharomyces cerevisiae or citric acid",酵母,未标注,体外测定,9,,,非标题相分离主题
10.1007/s11270-018-4040-6,Restoration of Vegetation in Relation to Soil Properties of Spoil Heap Heavily Contaminated with Heavy Metals,植物,其他研究对象,体外测定,22,,,非标题相分离主题
10.1007/s11270-025-07966-4,Green Solutions for Heavy Metal Pollution in the Aquatic Environment of the Nile Islands: Cues from some Submerged and Emergent Macrophytes,植物,其他天然产物,未标注,1,,,非标题相分离主题
10.1007/s11274-019-2649-2,Trends in designing microbial silage quality by biotechnological methods using lactic acid bacteria inoculants: a minireview,酵母,未标注,体外测定,2,,,非标题相分离主题
10.1007/s11274-019-2728-4,Biocontrol yeasts: mechanisms and applications,酵母,其他天然产物,未标注,3,,,非标题相分离主题
10.1007/s11274-022-03242-3,Recent advances in the metabolic pathways and microbial production of coenzyme Q,细菌,萜类／异戊二烯类,发酵／反应器,54,前体与辅因子供给；表达与动态调控；发酵与过程优化,,非标题相分离主题
10.1007/s11274-023-03701-5,"Dissecting the role of microorganisms in tea production of different fermentation levels: a multifaceted review of their action mechanisms, quality attributes and future perspectives",其他宿主,其他天然产物,发酵／反应器,28,,,非标题相分离主题
10.1007/s11274-023-03708-y,Liquid submerged fermentation by selected microbial strains for onion skins valorization and its effects on polyphenols,酵母,异黄酮类,发酵／反应器,78,,,非标题相分离主题
10.1007/s11274-025-04537-x,Harnessing glycerol for secondary metabolite biosynthesis in microorganisms,酵母,其他天然产物,细胞／活体反应,108,代谢与通路工程；表达与动态调控；发酵与过程优化,,非标题相分离主题
10.1007/s11274-025-04551-z,From hive to laboratory – biotechnological potential of microorganisms from honey,酵母,其他研究对象,细胞／活体反应,84,发酵与过程优化,,非标题相分离主题
10.1007/s11302-021-09763-0,"That was then, this is now: the development of our knowledge and understanding of P2 receptor subtypes",酵母,未标注,细胞／活体反应,2,,,非标题相分离主题
10.1007/s11306-007-0074-2,Metabolic engineering of flavonoids in tomato ( Solanum lycopersicum ):: the potential for metabolomics,植物,黄酮类,细胞／活体反应,12,代谢与通路工程；前体与辅因子供给；表达与动态调控,代谢与通路工程,非标题相分离主题
10.1007/s11306-018-1454-5,Characterizing alternative feeds for rainbow trout (O. mykiss) by 1 H NMR metabolomics,酵母,未标注,细胞／活体反应,12,,,非标题相分离主题
10.1007/s11306-019-1580-8,Functional analysis of isoprenoid precursors biosynthesis by quantitative metabolomics and isotopologue profiling,酵母,萜类／异戊二烯类,发酵／反应器,5,,,非标题相分离主题
10.1007/s11356-009-0107-7,Endocrine disruptors in bottled mineral water: Total estrogenic burden and migration from plastic bottles,酵母,其他研究对象,体外测定,57,,,非标题相分离主题
10.1007/s11356-020-12218-5,Toxicity of representative mixture of five rare earth elements in juvenile rainbow trout (Oncorhynchus mykiss) juveniles,其他宿主,其他研究对象,无细胞／分离酶,78,,,非标题相分离主题
10.1007/s11356-023-27662-2,The sensitivity of the zebrafish embryo coiling assay for the detection of neurotoxicity by compounds with diverse modes of action,其他宿主,其他研究对象,体外测定,73,,,非标题相分离主题
10.1007/s11356-024-32846-5,Binary effects of fluoxetine and zinc on the biomarker responses of the non-target model organism Daphnia magna,其他宿主,未标注,无细胞／分离酶,28,前体与辅因子供给,,非标题相分离主题
10.1007/s11357-013-9520-4,Sirt3 overexpression antagonizes high glucose accelerated cellular senescence in human diploid fibroblasts via the sirt3-foxo1 signaling pathway,哺乳动物／细胞,其他研究对象,无细胞／分离酶,16,表达与动态调控,表达与动态调控,非标题相分离主题
10.1007/s11357-019-00103-0,The transfer of specific mitochondrial lipids and proteins to lipid droplets contributes to proteostasis upon stress and aging in the eukaryotic model system Saccharomyces cerevisiae,酵母,凝聚体相关体系,未标注,49,,,非标题相分离主题
10.1007/s11540-022-09586-5,A Comparative Analysis of Metabolome Reveals the Regulation of the Anthocyanin Biosynthesis Branch in Potatoes,植物,其他研究对象,体外测定,11,,,非标题相分离主题
10.1007/s11694-025-03950-y,"Effects of various water-based biocompatible solvents on the extraction of propolis from Artvin, Türkiye: Physicochemical properties, biological activity, and phenolic profile",酵母,黄酮类,体外测定,14,,,非标题相分离主题
10.1007/s11694-026-04255-4,Ultrasound-assisted UV-C light treatment for Escherichia coli O157:H7 inactivation in apple juice and its effect on some physicochemical and antioxidant properties of juices,细菌,黄酮类,未标注,10,,,非标题相分离主题
10.1007/s12010-014-0787-4,Improved Oxidation of Naringenin to Carthamidin and Isocarthamidin by Rhodotorula marina,酵母,黄酮类,细胞／活体反应,71,发酵与过程优化,,非标题相分离主题
10.1007/s12010-021-03553-5,Increasing the Production of β-Glucan from Saccharomyces carlsbergensis RU01 by Using Tannic Acid,酵母,其他研究对象,发酵／反应器,26,发酵与过程优化,,非标题相分离主题
10.1007/s12011-015-0595-x,Dietary Selenium Supplementation Modulates Growth of Brain Metastatic Tumors and Changes the Expression of Adhesion Molecules in Brain Microvessels,哺乳动物／细胞,其他研究对象,体外测定,10,,,非标题相分离主题
10.1007/s12011-020-02445-9,"Evaluation of Fluoride and Selected Chemical Parameters in Kombucha Derived from White, Green, Black and Red Tea",其他宿主,其他研究对象,发酵／反应器,100,,,非标题相分离主题
10.1007/s12011-022-03146-1,Mesenchymal Stem Cells and Selenium Nanoparticles Synergize with Low Dose of Gamma Radiation to Suppress Mammary Gland Carcinogenesis via Regulation of Tumor Microenvironment,哺乳动物／细胞,其他研究对象,无细胞／分离酶,9,,,非标题相分离主题
10.1007/s12011-024-04110-x,Effects of Zinc Compounds on the Enzymatic Activities of Lysozyme and Peroxidase and Their Antifungal Activities,无细胞体系,其他研究对象,体外测定,15,,,非标题相分离主题
10.1007/s12011-024-04337-8,"Vitamin D Alleviates Heavy Metal-Induced Cytotoxic Effects on Human Bone Osteoblasts Via the Induction of Bioenergetic Disruption, Oxidative Stress, and Apoptosis",哺乳动物／细胞,其他研究对象,细胞／活体反应,14,,,非标题相分离主题
10.1007/s12020-025-04476-5,Randomized Double-blind Placebo-controlled study to evaluate the efficacy of fermented deglycyrrhizinated licorice for treatment of diabetic polyneuropathy,哺乳动物／细胞,其他天然产物,未标注,53,,,非标题相分离主题
10.1007/s12028-021-01400-3,Extended Coagulation Profiling in Isolated Traumatic Brain Injury: A CENTER-TBI Analysis,哺乳动物／细胞,其他研究对象,未标注,42,,,非标题相分离主题
10.1007/s12031-020-01527-6,MicroRNA Let-7b-5p Induces Electroacupuncture Tolerance by Downregulating the MKP-1 Gene in Rats Subjected to CFA-induced Inflammatory Nociception,哺乳动物／细胞,未标注,体外测定,20,,,非标题相分离主题
10.1007/s12035-018-1084-y,The Parkinson’s Disease-Linked Protein DJ-1 Associates with Cytoplasmic mRNP Granules During Stress and Neurodegeneration,哺乳动物／细胞,凝聚体相关体系,细胞／活体反应,18,,,非标题相分离主题
10.1007/s12035-018-1311-6,Lethal Factor Domain-Mediated Delivery of Nurr1 Transcription Factor Enhances Tyrosine Hydroxylase Activity and Protects from Neurotoxin-Induced Degeneration of Dopaminergic Cells,哺乳动物／细胞,未标注,细胞／活体反应,2,表达与动态调控,表达与动态调控,非标题相分离主题
10.1007/s12035-019-01713-7,Magnesium-Induced Cell Survival Is Dependent on TRPM7 Expression and Function,哺乳动物／细胞,未标注,多类别并列,4,表达与动态调控,,非标题相分离主题
10.1007/s12038-014-9467-3,Via media,酵母,异黄酮类,未标注,4,,,非标题相分离主题
10.1007/s12161-025-02805-y,Determination of Selected Biologically Active Substances in Dietary Supplements and the Adaptogenic Herb Rhaponticum carthamoides Using HPLC–MS/MS,植物,萜类／异戊二烯类,未标注,20,,,非标题相分离主题
10.1007/s12192-017-0868-8,"Oxidative stress triggers aggregation of GFP-tagged Hsp31p, the budding yeast environmental stress response chaperone, and glyoxalase III",酵母,未标注,细胞／活体反应,8,,,非标题相分离主题
10.1007/s12298-022-01153-z,The combined effect of water deficit stress and TiO2 nanoparticles on cell membrane and antioxidant enzymes in Helianthus annuus L.,植物,其他研究对象,体外测定,19,,,非标题相分离主题
10.1007/s12298-025-01644-9,Molecular mechanisms of flower color variation in Impatiens uliginosa: insights from transcriptome sequencing and functional analysis of the IuMYB1 gene in anthocyanin biosynthesis and pigmentation,酵母,其他研究对象,未标注,27,,,非标题相分离主题
10.1007/s12550-024-00527-4,Efficacy of powdered alfalfa leaves to ameliorate the toxic effects of aflatoxin B1 in turkey poults,酵母,黄酮类,体外测定,9,,,非标题相分离主题
10.1007/s12562-024-01804-y,Lectin from edible seaweed Meristotheca papulosa exhibits a high digestion-resistant property,其他宿主,其他天然产物,体外测定,4,,,非标题相分离主题
10.1007/s12602-022-09990-w,Does the Use of Different Types of Probiotics Possess Detoxification Properties Against Aflatoxins Contamination in Rabbit Diets?,植物,其他研究对象,体外测定,46,,,非标题相分离主题
10.1007/s12602-023-10210-2,Mitigating Aflatoxin B1-Induced Growth Impairment and Hepatic Stress in Nile Tilapia (Oreochromis niloticus): Comparative Efficacy of Saccharomyces cerevisiae and Silicate-Based Detoxifiers,酵母,其他天然产物,体外测定,14,,,非标题相分离主题
10.1007/s12640-013-9436-x,"Concentration-dependent opposite effects of 1-Benzyl-1,2,3,4- tetrahydroisoquinoline on markers of apoptosis: In vitro and ex vivo studies",哺乳动物／细胞,异黄酮类,体外测定,28,,,非标题相分离主题
10.1007/s12640-021-00428-9,"The Impact of the Combined Administration of 1MeTIQ and MK-801 on Cell Viability, Oxidative Stress Markers, and Glutamate Release in the Rat Hippocampus",哺乳动物／细胞,未标注,体外测定,6,,,非标题相分离主题
10.1007/s12649-019-00636-7,Identification of Bio-oil Compound Utilizing Yeasts Through Phenotypic Microarray Screening,酵母,其他研究对象,发酵／反应器,27,,,非标题相分离主题
10.1007/s12649-026-03528-9,Assessing the Agronomic Quality of Compost from a Novel Rapid Composting System for Agri-Food Waste Valorization,植物,未标注,未标注,8,资源与环境,资源与环境,非标题相分离主题
10.1007/s13105-014-0370-z,Extract from Ribes nigrum leaves in vitro activates nitric oxide synthase (eNOS) and increases CD39 expression in human endothelial cells,植物,其他天然产物,体外测定,27,,,非标题相分离主题
10.1007/s13181-012-0221-7,Response to the Letter by Dr. Farzad Gheshlaghi,未标注,未标注,未标注,4,,,非标题相分离主题
10.1007/s13202-022-01536-8,Anaerobic activation of microorganisms indigenous to oil reservoirs to enhance oil recovery,酵母,其他研究对象,细胞／活体反应,51,,,非标题相分离主题
10.1007/s13205-011-0009-5,"Alkalistable endo-β-1,4-xylanase production from a newly isolated alkalitolerant Penicillium sp. SS1 using agro-residues",其他宿主,其他研究对象,未标注,5,,,非标题相分离主题
10.1007/s13205-013-0156-y,Optimization of amorphadiene production in engineered yeast by response surface methodology,酵母,萜类／异戊二烯类,细胞／活体反应,32,发酵与过程优化,,非标题相分离主题
10.1007/s13205-014-0260-7,Determination of pH-dependent antioxidant activity of palm (Borassus flabellifer) polyphenol compounds by photoluminol and DPPH methods: a comparison of redox reaction sensitivity,细菌,黄酮类,发酵／反应器,60,,,非标题相分离主题
10.1007/s13205-016-0544-1,Isolation and screening of l-asparaginase free of glutaminase and urease from fungal sp.,其他宿主,其他研究对象,发酵／反应器,60,,,非标题相分离主题
10.1007/s13206-025-00223-0,Integrated Colorimetric and Fluorescent Assay Using Gold Nanobipyramids and UCNPs for Tyrosinase-based Melanoma Diagnostics,无细胞体系,其他研究对象,无细胞／分离酶,51,,,非标题相分离主题
10.1007/s13225-023-00518-3,The origin of human pathogenicity and biological interactions in Chaetothyriales,其他宿主,其他研究对象,体外测定,4,,,非标题相分离主题
10.1007/s13238-011-1014-5,"Expression of human FUS/TLS in yeast leads to protein aggregation and cytotoxicity, recapitulating key features of FUS proteinopathy",酵母,凝聚体相关体系,无细胞／分离酶,8,,,非标题相分离主题
10.1007/s13238-011-1061-y,Interactomic study on interaction between lipid droplets and mitochondria,哺乳动物／细胞,凝聚体相关体系,细胞／活体反应,22,,,非标题相分离主题
10.1007/s13238-015-0195-8,Atg7 in development and disease: panacea or Pandora’s Box?,酵母,未标注,体外测定,16,,,非标题相分离主题
10.1007/s13238-017-0386-6,In vitro-engineered non-antibody protein therapeutics,酵母,其他研究对象,体外测定,2,,,非标题相分离主题
10.1007/s13361-012-0466-z,Structural and energetic effects in the molecular recognition of acetylated amino acids by 18-crown-6,未标注,未标注,未标注,11,,,非标题相分离主题
10.1007/s13399-022-03273-8,Exploring the metabolic features of purple non-sulfur bacteria for waste carbon utilization and single-cell protein synthesis,细菌,其他研究对象,细胞／活体反应,19,前体与辅因子供给,,非标题相分离主题
10.1007/s13399-024-06229-2,Biochemical and cytological studies of Typha domingensis used for bioethanol production,酵母,其他研究对象,发酵／反应器,38,,,非标题相分离主题
10.1007/s13404-023-00335-1,Microbial-mediated synthesis of gold nanoparticles—current insights and future vistas,细菌,其他研究对象,无细胞／分离酶,6,,,非标题相分离主题
10.1007/s13596-023-00733-y,The anti-cancer potential of active compounds extracted from Millettia griffoniana on pancreatic and colorectal cancer cells,植物,异黄酮类,未标注,15,,,非标题相分离主题
10.1007/s40005-025-00733-x,Advancements in Uricase formulations: overcoming therapeutic challenges in enzyme replacement therapy,细菌,其他研究对象,无细胞／分离酶,18,,,非标题相分离主题
10.1007/s40093-017-0184-4,Optimization of laccase production and its application in delignification of biomass,其他宿主,其他研究对象,发酵／反应器,20,,,非标题相分离主题
10.1007/s40243-024-00283-6,Bioethanol production from concentration fruit wastes juice using bakery yeast,酵母,其他研究对象,发酵／反应器,20,,,非标题相分离主题
10.1007/s40261-023-01296-1,"Absorption, Metabolism, and Excretion of [14C]-Tolebrutinib After Oral Administration in Humans, Contribution of the Metabolites to Pharmacological Activity",哺乳动物／细胞,其他研究对象,细胞／活体反应,43,,,非标题相分离主题
10.1007/s40262-014-0232-4,Population Pharmacokinetics and Pharmacodynamics of Linagliptin in Patients with Type 2 Diabetes Mellitus,哺乳动物／细胞,其他研究对象,未标注,44,,,非标题相分离主题
10.1007/s40262-021-01077-z,Therapeutic Drug Monitoring of Endoxifen for Tamoxifen Precision Dosing: Feasible in Patients with Hormone-Sensitive Breast Cancer,哺乳动物／细胞,其他研究对象,未标注,33,,,非标题相分离主题
10.1007/s40262-022-01147-w,Pharmacokinetic/Pharmacodynamic Evaluation of the Dipeptidyl Peptidase 1 Inhibitor Brensocatib for Non-cystic Fibrosis Bronchiectasis,细菌,未标注,未标注,102,,,非标题相分离主题
10.1007/s40264-020-01014-2,"Consensus Guidelines: Best Practices for Detection, Assessment and Management of Suspected Acute Drug-Induced Liver Injury During Clinical Trials in Adults with Chronic Viral Hepatitis and Adults with Cirrhosis Secondary to Hepatitis B, C and Nonalcoholic Steatohepatitis",未标注,未标注,体外测定,40,,,非标题相分离主题
10.1007/s40279-018-0867-7,Fuel for the Work Required: A Theoretical Framework for Carbohydrate Periodization and the Glycogen Threshold Hypothesis,哺乳动物／细胞,未标注,未标注,38,,,非标题相分离主题
10.1007/s41348-026-01239-w,"Potassium phosphite and zinc oxide nanoparticles inhibit Ralstonia solanacearum growth, extracellular polysaccharide, and virulence in potato plants",植物,其他研究对象,体外测定,106,,,非标题相分离主题
10.1007/s42398-026-00416-9,Optimization of eco-friendly synthesis of emollient esters catalyzed by immobilized lipase on Accurel MP 1000,其他宿主,其他研究对象,发酵／反应器,61,资源与环境,,非标题相分离主题
10.1007/s42452-024-06023-9,Applying UPLC-QTOF-MS/MS to profile the phytochemical constituents associated with docking studies of major components of Ziziphora capitata L as well as antimicrobial and antioxidant activity assessments of its subsequent fractions,植物,其他天然产物,体外测定,94,,,非标题相分离主题
10.1007/s42452-025-08045-3,Comparative analysis of antifungal and hydrolytic enzyme activities in the cyanobacteria Fischerella sp. and Alborzia Kermanshahica,蓝细菌,其他研究对象,无细胞／分离酶,34,,,非标题相分离主题
10.1007/s42452-026-08344-3,"Mycosynthesis of metal nanoparticles using oyster mushrooms, with special emphasis on their characterization and applications: a review",无细胞体系,其他研究对象,无细胞／分离酶,10,,,非标题相分离主题
10.1007/s42729-025-02663-x,"Multi-walled Carbon Nanotubes as Elicitors in Tomato Seedlings (Solanum Lycopersicum L.): Impact on Biocompounds and Amino Acids Production, Nutrient Uptake, Growth of Seedlings, and Biological Quality of the Soil",植物,其他研究对象,体外测定,21,,,非标题相分离主题
10.1007/s42729-026-03023-z,Aluminum Stress Responses in Quinoa Suggest Adaptive Potential in Acidic Environments,植物,萜类／异戊二烯类,体外测定,13,,,非标题相分离主题
10.1007/s42729-026-03274-w,Microbial-Enhanced Peel and Seed Wastes of Dimocarpus longan Bokashi Fertilizers: Unlocking Soil Health and Bioactive Constituents in Trigonella foenum-graecum,酵母,黄酮类,体外测定,10,,,非标题相分离主题
10.1007/s42994-024-00170-8,Plants against cancer: towards green Taxol production through pathway discovery and metabolic engineering,植物,萜类／异戊二烯类,发酵／反应器,13,代谢与通路工程,代谢与通路工程,非标题相分离主题
10.1007/s43440-019-00037-6,Long-term vigabatrin treatment modifies pentylenetetrazole-induced seizures in mice: focused on GABA brain concentration,哺乳动物／细胞,其他研究对象,无细胞／分离酶,27,,,非标题相分离主题
10.1007/s43450-023-00417-3,"Ants/Nest-Associated Fungi and Their Specialized Metabolites: Taxonomy, Chemistry, and Bioactivity",其他宿主,其他天然产物,体外测定,2,,,非标题相分离主题
10.1007/s43450-024-00527-6,Seasonal Chemical Variation and Antidiabetic Activity of Major Compounds in Artemisia afra Infusions,植物,其他天然产物,体外测定,53,,,非标题相分离主题
10.1007/s43450-026-00774-9,Anti-Cryptococcal Synergistic Activity of the Association Between Amphotericin B and n-hexane Extract from Brazilian Red Propolis,酵母,异黄酮类,未标注,6,,,非标题相分离主题
10.1007/s43621-025-02293-4,Biochemical and microbiological characterization of Coffea arabica sidestreams for food ingredient applications,植物,其他研究对象,发酵／反应器,22,发酵与过程优化,,非标题相分离主题
10.1007/s43630-025-00740-9,Enhanced UV-C resistance through light-activated zinc-cysteine complex formation,植物,其他研究对象,无细胞／分离酶,21,,,非标题相分离主题
10.1007/s43994-024-00143-z,Glycemic homeostasis of ultrasound-assisted Murraya koenigii (Linn.) Spreng. bark extract in streptozocin-induced diabetes in rats,哺乳动物／细胞,黄酮类,体外测定,34,,,非标题相分离主题
10.1007/s44154-022-00077-8,Differential manifestation of RONS and antioxidant enzymes in response to singular versus combinatorial stress in Chironomus ramosus,其他宿主,未标注,体外测定,13,前体与辅因子供给,,非标题相分离主题
10.1007/s44187-022-00023-7,Effect of natural sources rich in calcium on treated rats induced osteoporosis,植物,黄酮类,体外测定,16,,,非标题相分离主题
10.1007/s44187-024-00133-4,Evaluating the impact of storage time and temperature on the stability of bioactive compounds and microbial quality in cherry syrup from the ‘Burlat’ cultivar,酵母,黄酮类,体外测定,11,,,非标题相分离主题
10.1007/s44187-025-00407-5,TOPSIS based comprehensive evaluation of the effect of drying methods on polyphenolic contents and associated antioxidant activities of Moringa oleifera leaves,植物,黄酮类,体外测定,36,,,非标题相分离主题
10.1007/s44187-025-00463-x,Determination and comparison of biochemical characteristics in an ex-situ collection of sweet cherry cultivars in Morocco,植物,其他研究对象,体外测定,62,,,非标题相分离主题
10.1007/s44187-026-00998-7,"Effects on nutritional, physiochemical, functional, and sensory attributes of Moringa oleifera leaf powder enriched rice noodles",酵母,黄酮类,体外测定,31,,,非标题相分离主题
10.1007/s44246-025-00198-5,Biochar reduces N2O emission from fertilized cropland soils: a meta-analysis,植物,其他研究对象,未标注,14,,,非标题相分离主题
10.1007/s44281-023-00012-5,"A NAC transcription factor, PpNAC1, regulates the expression of PpMYB10.1 to promote anthocyanin biosynthesis in the leaves of peach trees in autumn",植物,其他研究对象,未标注,213,表达与动态调控,表达与动态调控,非标题相分离主题
10.1007/s44281-024-00029-4,"Coordination among flower pigments, scents and pollinators in ornamental plants",植物,苯丙素类,细胞／活体反应,2,,,非标题相分离主题
10.1007/s44307-026-00103-0,Machine learning-driving optimization and spatial assembly of a cell-free system for high-yield liquiritigenin production,无细胞体系,黄酮类,无细胞／分离酶,63,代谢与通路工程；前体与辅因子供给,,非标题相分离主题
10.1016/0006-8993(90)91219-7,CRF-LIKE EFFECTS OF SAUVAGINE AND UROTENSIN-I ON SYNAPTOSOMAL TYROSINE-HYDROXYLASE ACTIVITY OF MOUSE STRIATUM,哺乳动物／细胞,其他研究对象,未标注,1,,,非标题相分离主题
10.1016/0304-4165(96)00005-0,Characterisation of an acid trehalase of Saccharomyces cerevisiae present in trehalase-sucrase aggregate,酵母,其他研究对象,体外测定,9,,,非标题相分离主题
10.1016/1074-5521(95)90091-8,Using evolutionary changes to achieve species-specific inhibition of enzyme action - Studies with triosephosphate isomerase,酵母,其他研究对象,体外测定,2,,,非标题相分离主题
10.1016/b978-0-443-26795-6.00010-6,Scope of plant metabolic engineering in the flavonoid pathway for crop sustainability,植物,黄酮类,未标注,3,代谢与通路工程；资源与环境,代谢与通路工程；资源与环境,非标题相分离主题
10.1016/j.abb.2010.04.010,Analysis of the Escherichia coli glucosamine-6-phosphate synthase activity by isothermal titration calorimetry and differential scanning calorimetry,细菌,其他研究对象,体外测定,2,,,非标题相分离主题
10.1016/j.aca.2022.340491,Segmented MS/MS acquisition of a1 ion-based strategy for in-depth proteome quantitation,细菌,凝聚体相关体系,未标注,2,空间组织与区室化,,非标题相分离主题
10.1016/j.afres.2026.101783,Evaluating bioactive contents from ethanolic extract of red cabbage (Brassica oleracea var. capitata): In vitro and in silico approaches,酵母,黄酮类,体外测定,5,,,非标题相分离主题
10.1016/j.afres.2026.101811,Non-conventional yeasts with the potential to bridge probiotic and parabiotic applications in foods and dietary supplements: genomics and human model interaction,酵母,未标注,未标注,1,,,非标题相分离主题
10.1016/j.afres.2026.102009,"Effect of yeast β-glucan and spirulina enrichment on physical, structural, and nutritional properties of breads",酵母,黄酮类,体外测定,8,,,非标题相分离主题
10.1016/j.afres.2026.102015,Precision fermentation: Pioneering the future of sustainable and alternative animal protein production,酵母,其他研究对象,发酵／反应器,5,表达与动态调控；资源与环境,资源与环境,非标题相分离主题
10.1016/j.afres.2026.102072,"Effects of fermentation time and temperature on quality, microbial, and bioactive compounds of cinnamon-flavored juice from fruit and vegetable by-products",其他宿主,黄酮类,发酵／反应器,3,,,非标题相分离主题
10.1016/j.anifeedsci.2017.07.002,"Effects of maternal dietary selenium (Se-enriched yeast) on growth performance, antioxidant status and haemato-biochemical parameters of their male kids in Taihang Black Goats",酵母,未标注,未标注,1,,,非标题相分离主题
10.1016/j.anifeedsci.2026.116821,"Evaluation of Phaffia rhodozyma astaxanthin on growth, body color, biochemical indices, antioxidant activity, and immune responses of Pacific white shrimp (Litopenaeus vannamei)",酵母,萜类／异戊二烯类,未标注,2,,,非标题相分离主题
10.1016/j.apsb.2019.07.005,De novo biosynthesis of liquiritin in Saccharomyces cerevisiae,酵母,黄酮类,发酵／反应器,4,前体与辅因子供给；发酵与过程优化,,非标题相分离主题
10.1016/j.apsb.2026.03.035,Expansion and functional diversification of terpene synthases shape volatile terpenoid landscape in Cannabis sativa,细菌,萜类／异戊二烯类,细胞／活体反应,1,,,非标题相分离主题
10.1016/j.aqrep.2020.100375,Yeast hydrolysate helping the complex plant proteins to improve the growth performance and feed utilization of Litopenaeus vannamei,酵母,未标注,未标注,9,,,非标题相分离主题
10.1016/j.aqrep.2021.100913,"Physiological condition, digestive enzyme, blood haemato-biochemistry, antioxidant, immune and stress response of juvenile red sea bream (Pagrus major) fed diets containing spent oleaginous yeast",酵母,未标注,体外测定,6,,,非标题相分离主题
10.1016/j.aqrep.2024.102196,"Effects of dietary marine red yeast supplementation on growth performance, antioxidant, immunity, lipid metabolism and mTOR signaling pathway in Juvenile Tilapia ( Oreochromis niloticus )",酵母,其他研究对象,细胞／活体反应,7,,,非标题相分离主题
10.1016/j.aqrep.2025.103193,"Effects of selenium yeast on growth performance, body composition, digestive enzyme activity, antioxidant capacity, and lipid metabolism in juvenile tilapia (Oreochromis niloticus)",酵母,未标注,发酵／反应器,7,,,非标题相分离主题
10.1016/j.aqrep.2026.103366,Dietary yeast culture supplementation enhances feed utilization in largemouth bass (Micropterus salmoides) via promotion of metabolic homeostasis and hepatointestinal health,酵母,未标注,发酵／反应器,6,,,非标题相分离主题
10.1016/j.aqrep.2026.103389,Growth and physiological response of Nile tilapia (Oreochromis niloticus) fed a fermented flax meal inoculated with Saccharomyces cerevisiae or Bacillus subtilis,酵母,未标注,体外测定,3,,,非标题相分离主题
10.1016/j.aqrep.2026.103477,"Growth performance of GIFT tilapia (Oreochromis niloticus) in biofloc system supplemented with aquatic weed, Eichhornia crassipes: A sustainable waste-to-wealth approach",无细胞体系,其他研究对象,发酵／反应器,19,资源与环境,资源与环境,非标题相分离主题
10.1016/j.aqrep.2026.103609,Dietary yeast extract mitigates the negative effects of reduced fishmeal diet on growth and metabolism in mud crab (Scylla paramamosain),酵母,未标注,发酵／反应器,6,,,非标题相分离主题
10.1016/j.aquaculture.2025.742782,"From indicator evaluation to optimization decision: Effects of synthetic vs. natural astaxanthin on pigmentation, growth, and health in Penaeus vannamei",其他宿主,萜类／异戊二烯类,未标注,11,,,非标题相分离主题
10.1016/j.aquaculture.2026.744304,Dietary selenium supplementation can serve as a strategy to counteract the DHA reduction in fish caused by replacing fish oil with linseed oil,酵母,未标注,未标注,5,,,非标题相分离主题
10.1016/j.aquatox.2025.107680,Are alternatives to polyethylene less toxic than conventional polyethylene? A case study of MP toxicity on Scrobicularia plana using an Integrative Biomarker Response index (IBR-T),植物,未标注,体外测定,2,,,非标题相分离主题
10.1016/j.aquatox.2026.107851,Di(2-ethylhexyl) phthalate (DEHP) induces genotoxicity in peripheral blood erythrocytes from freshwater turtle Trachemys venusta,哺乳动物／细胞,其他研究对象,体外测定,149,,,非标题相分离主题
10.1016/j.bbadis.2025.167670,Apigenin enhancing oxidative resistance and proteostasis to extend lifespan via PTEN-mediated AKT signalling pathway,其他宿主,黄酮类,无细胞／分离酶,11,,,非标题相分离主题
10.1016/j.bbaexp.2006.04.009,Directed evolution of plant basic helix-loop-helix transcription factors for the improvement of transactivational properties,酵母,其他研究对象,未标注,3,酶与蛋白工程；表达与动态调控,酶与蛋白工程；表达与动态调控,非标题相分离主题
10.1016/j.bbagen.2007.12.002,Aggregation dependent enhancement of trehalose-6-phosphate synthase activity in Saccharomyces cerevisiae,酵母,其他研究对象,无细胞／分离酶,4,,,非标题相分离主题
10.1016/j.bbagen.2015.12.020,β-lactam substituted polycyclic fused pyrrolidine/pyrrolizidine derivatives eradicate C-albicans in an ex vivo human dentinal tubule model by inhibiting sterol 14-α demethylase and cAMP pathway,酵母,其他研究对象,细胞／活体反应,3,,,非标题相分离主题
10.1016/j.bbalip.2012.12.010,Disruption of the MIG1 gene enhances lipid biosynthesis in the oleaginous yeast Yarrowia lipolytica ACA-DC 50109,酵母,其他研究对象,细胞／活体反应,3,,,非标题相分离主题
10.1016/j.bbamcr.2007.08.009,"Identification of PatL1, a human homolog to yeast P body component Pat1",酵母,凝聚体相关体系,细胞／活体反应,2,空间组织与区室化,,非标题相分离主题
10.1016/j.bbamcr.2012.02.011,Charting the travels of copper in eukaryotes from yeast to mammals,酵母,未标注,体外测定,1,表达与动态调控；竞争途径与转运,,非标题相分离主题
10.1016/j.bbamcr.2016.11.012,Inappropriate translation inhibition and P-body formation cause cold-sensitivity in tryptophan-auxotroph yeast mutants,多类别并列,未标注,细胞／活体反应,2,,,非标题相分离主题
10.1016/j.bbamcr.2020.118884,A prion-like domain of Tpk2 catalytic subunit of protein kinase A modulates P-body formation in response to stress in budding yeast,酵母,凝聚体相关体系,体外测定,6,,,非标题相分离主题
10.1016/j.bbapap.2006.01.005,The effect of the presence of globular proteins and elongated polymers on enzyme activity,细菌,未标注,未标注,8,,,非标题相分离主题
10.1016/j.bbrc.2005.03.053,Multiple mutagenesis of P450 isoflavonoid synthase reveals a key active-site residue,酵母,异黄酮类,体外测定,2,,,非标题相分离主题
10.1016/j.bbrc.2010.05.073,Transglycosylation properties of maltodextrin glucosidase (MalZ) from Escherichia coli and its application for synthesis of a nigerose-containing oligosaccharide,细菌,其他研究对象,无细胞／分离酶,6,,,非标题相分离主题
10.1016/j.bbrc.2024.151204,"Synthesis of galactooligosaccharides with four β-galactosidases: Structural comparison of the products by HPLC, ESI-MS and NMR",酵母,其他研究对象,体外测定,2,,,非标题相分离主题
10.1016/j.bbrc.2025.152143,Identification and characterization of key enzymes pterocarpan prenyltransferase and pterocarpan reductase in the biosynthetic pathway of glabridin,植物,异黄酮类,体外测定,7,酶与蛋白工程,,非标题相分离主题
10.1016/j.bbrc.2025.152271,Structural insights into monoterpene cyclisation of limonene synthase from Cannabis sativa,酵母,萜类／异戊二烯类,体外测定,9,,,非标题相分离主题
10.1016/j.bbrc.2026.153371,Hyperbaric oxygen improves combined drug-induced hyperuricemia model in rats by remodeling gut microbiota and regulating host metabolism,酵母,黄酮类,发酵／反应器,2,,,非标题相分离主题
10.1016/j.bbrep.2025.102307,Enhanced isoprenoid production in Escherichia coli cells harboring the archaeal mevalonate pathway,细菌,萜类／异戊二烯类,细胞／活体反应,8,,,非标题相分离主题
10.1016/j.bcab.2025.103582,Molecular characterization and molecular docking of xylanase produced by novel species Bacillus aryabhattai isolated from mangrove soil and its biodegradation efficiency,酵母,其他研究对象,未标注,3,,,非标题相分离主题
10.1016/j.bej.2014.08.006,Bio-ethanol production through simultaneous saccharification and fermentation using an encapsulated reconstituted cell-free enzyme system,酵母,其他研究对象,无细胞／分离酶,2,前体与辅因子供给,,非标题相分离主题
10.1016/j.bej.2026.110203,Combinatorial metabolic engineering enables efficient bioconversion of hesperidin into neohesperidin in Bacillus subtilis,细菌,黄酮类,细胞／活体反应,6,代谢与通路工程；表达与动态调控；发酵与过程优化,代谢与通路工程,非标题相分离主题
10.1016/j.bej.2026.110304,Metabolic engineering of the β-carotene synthesis pathway in Saccharomyces cerevisiae for the production of β-ionone,酵母,萜类／异戊二烯类,发酵／反应器,19,代谢与通路工程；前体与辅因子供给；发酵与过程优化,代谢与通路工程,非标题相分离主题
10.1016/j.bidere.2025.100021,De novo biosynthesis of cannabinoids and their analogs in Yarrowia lipolytica,酵母,其他天然产物,细胞／活体反应,16,表达与动态调控,,非标题相分离主题
10.1016/j.bidere.2025.100058,De novo biosynthesis of Astragalus bioactive isoflavonoid calycosin-7-glucoside in yeast,酵母,异黄酮类,细胞／活体反应,20,代谢与通路工程；表达与动态调控；发酵与过程优化,,非标题相分离主题
10.1016/j.bidere.2026.100071,De novo biosynthesis of medicarpin in metabolically engineered yeast,酵母,黄酮类,发酵／反应器,11,前体与辅因子供给,,非标题相分离主题
10.1016/j.bioactmat.2023.10.018,Engineering the next generation of theranostic biomaterials with synthetic biology,细菌,其他研究对象,细胞／活体反应,3,,,非标题相分离主题
10.1016/j.biocontrol.2020.104305,"Molecular dissection of defense response of pears induced by the biocontrol yeast, Wickerhamomyces anomalus using transcriptomics and proteomics approaches",酵母,黄酮类,未标注,2,,,非标题相分离主题
10.1016/j.biombioe.2025.108587,Breaking the acid barrier: Unveiling the metabolic response mechanisms of oleaginous yeasts to volatile fatty acids using novel optical photothermal infrared technology,酵母,其他研究对象,细胞／活体反应,15,资源与环境,,非标题相分离主题
10.1016/j.bioorg.2024.107861,Biosynthesis of plant-derived triterpenoid asiatic acid in Saccharomyces cerevisiae cell factories,酵母,萜类／异戊二烯类,细胞／活体反应,14,表达与动态调控,,非标题相分离主题
10.1016/j.bioorg.2025.108121,Surface display and characterization of recombinant α-L-Rhamnosidase from Emiliania huxleyi on Pichia pastoris,酵母,其他研究对象,细胞／活体反应,3,,,非标题相分离主题
10.1016/j.biopha.2018.12.050,The flavonoid-rich fraction from rhizomes of Smilax glabra Roxb. ameliorates renal oxidative stress and inflammation in uric acid nephropathy rats through promoting uric acid excretion,酵母,黄酮类,未标注,6,,,非标题相分离主题
10.1016/j.biopha.2020.110128,Cloning and in vivo metabolizing activity study of CYP3A4 on amiodarone drug residues: A possible probiotic and therapeutic option,酵母,其他研究对象,无细胞／分离酶,1,,,非标题相分离主题
10.1016/j.biortech.2017.06.043,Metabolic engineering of yeast for fermentative production of flavonoids,酵母,黄酮类,体外测定,6,代谢与通路工程,代谢与通路工程,非标题相分离主题
10.1016/j.biortech.2022.127572,Modular remodeling of sterol metabolism for overproduction of 7-dehy-drocholesterol in engineered yeast,酵母,其他研究对象,发酵／反应器,18,表达与动态调控；空间组织与区室化；发酵与过程优化,,非标题相分离主题
10.1016/j.biortech.2025.132258,Promoting the glycosylation of drug-like natural products in a Saccharomyces cerevisiae chassis by deletion of endogenous glycosidases,酵母,其他天然产物,细胞／活体反应,14,竞争途径与转运,,非标题相分离主题
10.1016/j.biortech.2025.132936,Advances in the biosynthesis of β-carotene and its derivatives in yeast,酵母,萜类／异戊二烯类,体外测定,20,表达与动态调控；发酵与过程优化,,非标题相分离主题
10.1016/j.biortech.2025.133231,Microreactors derived from water-in-water pickering emulsions for Bacillus amyloliquefaciens proliferation and synthesis of 4-methyl-5-thiazoleethanol,细菌,其他研究对象,发酵／反应器,2,空间组织与区室化,,非标题相分离主题
10.1016/j.biortech.2025.133686,Compartmentalized orthogonal biosynthesis for boosting limonene and oxygenated monoterpenoid production in Saccharomyces cerevisiae,酵母,萜类／异戊二烯类,发酵／反应器,20,酶与蛋白工程；空间组织与区室化；发酵与过程优化,空间组织与区室化,非标题相分离主题
10.1016/j.biortech.2025.133892,"Oriented butyrate production through a novel bacteria–yeast microbiome: batch verification, key electron donor identification, and long-term validation",酵母,其他研究对象,发酵／反应器,12,,,非标题相分离主题
10.1016/j.biortech.2025.133908,Novel enzymatic cocktail enhances bioplastic hydrolysis and biomethane production during anaerobic digestion of organic fraction of municipal solid waste,酵母,其他研究对象,无细胞／分离酶,7,,,非标题相分离主题
10.1016/j.biortech.2026.134472,Acetate-based biological platforms: Bridging carbon dioxide utilization and high-value bioproduct production in oleaginous yeasts,酵母,其他研究对象,发酵／反应器,2,,,非标题相分离主题
10.1016/j.biortech.2026.134565,Efficient production of cordycepin in engineered Saccharomyces cerevisiae,酵母,其他研究对象,细胞／活体反应,13,代谢与通路工程；前体与辅因子供给；表达与动态调控；空间组织与区室化；发酵与过程优化,,非标题相分离主题
10.1016/j.biortech.2026.134802,System-level metabolic and enzyme engineering enables high-titer gastrodin biosynthesis in yeast,酵母,苯丙素类,未标注,2,酶与蛋白工程,酶与蛋白工程,非标题相分离主题
10.1016/j.biortech.2026.134922,Solid-state fermentation of waste herbal medicine residues by a novel rumen-derived probiotic consortium for valorization and microbial-metabolite shifts,细菌,黄酮类,发酵／反应器,2,,,非标题相分离主题
10.1016/j.biortech.2026.134994,Modular pathway engineering enables gram-scale de novo biosynthesis of narirutin in yeast,酵母,黄酮类,发酵／反应器,16,代谢与通路工程；发酵与过程优化,代谢与通路工程,非标题相分离主题
10.1016/j.biotechadv.2023.108282,Engineering status of protein for improving microbial cell factories,酵母,萜类／异戊二烯类,发酵／反应器,2,前体与辅因子供给；发酵与过程优化,,非标题相分离主题
10.1016/j.biotechadv.2024.108452,Recent advances in engineering synthetic biomolecular condensates,未标注,凝聚体相关体系,未标注,1,空间组织与区室化,空间组织与区室化,工程平台与方法
10.1016/j.biotechadv.2025.108560,Multiplexed engineering of cytochrome P450 enzymes for promoting terpenoid synthesis in Saccharomyces cerevisiae cell factories: A review,酵母,萜类／异戊二烯类,细胞／活体反应,3,代谢与通路工程,,非标题相分离主题
10.1016/j.biotechadv.2025.108770,Optogenetic tools for optimizing key signalling nodes in synthetic biology,植物,凝聚体相关体系,未标注,1,,,非标题相分离主题
10.1016/j.biotechadv.2026.108840,Biotechnological advances in key regulatory genes of phenylpropanoid and terpenoid biosynthesis pathways in Panax ginseng: Current insights and future prospects,植物,黄酮类,未标注,3,,,非标题相分离主题
10.1016/j.biotechadv.2026.108905,The industrial yeast Komagataella phaffii blooms for advanced biomanufacturing,酵母,未标注,未标注,1,,,非标题相分离主题
10.1016/j.biteb.2025.102058,Cyclodextrins sequester glycosylated triterpenoid saponins from engineered yeast,酵母,萜类／异戊二烯类,细胞／活体反应,11,,,非标题相分离主题
10.1016/j.biteb.2025.102442,Solid agrifood side streams as potential feedstock for microbial biomass and precision fermentation,酵母,其他研究对象,细胞／活体反应,3,,,非标题相分离主题
10.1016/j.bmc.2018.08.022,"Design, synthesis and in vitro study of densely functionalized oxindoles as potent α-glucosidase inhibitors",酵母,未标注,体外测定,3,,,非标题相分离主题
10.1016/j.btecx.2020.100014,Biosynthesis of cycloartenol by expression of plant and bacterial oxidosqualene cyclases in engineered Rhodobacter capsulatus,植物,萜类／异戊二烯类,细胞／活体反应,2,,,非标题相分离主题
10.1016/j.carbpol.2024.122029,Behavior of endo-xylanases on wheat milling products in relation with variable solid loading conditions,细菌,未标注,未标注,8,,,非标题相分离主题
10.1016/j.cbd.2025.101671,Hydrolyzed Debaryomyces hansenii yeasts as paraprobiotics in fish: Omics-based characterization of Atlantic salmon gut during a natural pathogen outbreak in seawater stage,酵母,未标注,体外测定,2,,,非标题相分离主题
10.1016/j.cbd.2026.101784,Postbiotics from Saccharomyces cerevisiae fermentation protect the Chinese mitten crab (Eriocheir sinensis) against hypoxia-thermal stress through metabolic regulation and antioxidant defense,酵母,未标注,发酵／反应器,8,,,非标题相分离主题
10.1016/j.cbi.2025.111742,Naringenin targets and inhibits Monoamine Oxidase A/B to bidirectionally regulate intestinal motility.,哺乳动物／细胞,黄酮类,细胞／活体反应,16,,,非标题相分离主题
10.1016/j.cbpa.2021.08.005,Synthetic biomolecular condensates to engineer eukaryotic cells,其他宿主,凝聚体相关体系,细胞／活体反应,1,空间组织与区室化,空间组织与区室化,工程平台与方法
10.1016/j.cbpb.2010.02.011,Cloning and functional characterization of a typical 2-Cys peroxiredoxin from southern bluefin tuna ( Thunnus maccoyii ),细菌,其他研究对象,无细胞／分离酶,1,,,非标题相分离主题
10.1016/j.cclet.2015.03.018,Recent progress in hydrocarbon biofuel synthesis: Pathways and enzymes,细菌,其他研究对象,细胞／活体反应,3,,,非标题相分离主题
10.1016/j.cej.2026.173977,Rewiring prenyl donor supply for orthogonal synthesis of prenylated compounds in yeast,酵母,异戊烯基黄酮,体外测定,5,前体与辅因子供给,,非标题相分离主题
10.1016/j.cej.2026.176984,Metabolic engineering of Yarrowia lipolytica for liquiritin production,酵母,黄酮类,发酵／反应器,7,代谢与通路工程；前体与辅因子供给；表达与动态调控；竞争途径与转运；发酵与过程优化；资源与环境,代谢与通路工程,非标题相分离主题
10.1016/j.cell.2017.09.041,A Genetic Tool to Track Protein Aggregates and Control Prion Inheritance,酵母,凝聚体相关体系,未标注,1,,,非标题相分离主题
10.1016/j.cell.2022.09.016,Spatial engineering of E. coli with addressable phase-separated RNAs,细菌,凝聚体相关体系,细胞／活体反应,2,空间组织与区室化,空间组织与区室化,工程平台与方法
10.1016/j.chroma.2017.11.069,Detection of estrogen active compounds in hops by planar yeast estrogen screen,酵母,异戊烯基黄酮,未标注,3,,,非标题相分离主题
10.1016/j.cogsc.2021.100567,Supplying plant natural products by yeast cell factories,酵母,其他天然产物,细胞／活体反应,8,酶与蛋白工程；发酵与过程优化,,非标题相分离主题
10.1016/j.colsurfa.2025.138356,Lithium-doped mesoporous bioactive glass with dual antibacterial mechanisms: Sustained ion release and osteogenic activity for bone regeneration,细菌,未标注,未标注,6,,,非标题相分离主题
10.1016/j.colsurfb.2025.114649,Properties and potential uses of a biosurfactant extract obtained from corn steep water by a dialysis process,酵母,黄酮类,体外测定,2,,,非标题相分离主题
10.1016/j.compbiolchem.2026.108901,Computational network pharmacology and bioassays to unveil the antidiabetic mechanism of Mukia maderasapatana-mediated selenium nanoparticles,未标注,萜类／异戊二烯类,体外测定,4,,,非标题相分离主题
10.1016/j.copbio.2020.07.005,Metabolic engineering strategies to overcome precursor limitations in isoprenoid biosynthesis,细菌,萜类／异戊二烯类,细胞／活体反应,2,代谢与通路工程；表达与动态调控,代谢与通路工程,非标题相分离主题
10.1016/j.crfs.2022.08.015,Intestinal microbiomics and liver metabolomics insights into the preventive effects of chromium (III)-enriched yeast on hyperlipidemia and hyperglycemia induced by high-fat and high-fructose diet,酵母,其他天然产物,体外测定,6,,,非标题相分离主题
10.1016/j.crfs.2025.101100,Enhancing bioactive profiles of elderberry juice through yeast fermentation: a pathway to low-sugar functional beverages,酵母,其他研究对象,发酵／反应器,4,,,非标题相分离主题
10.1016/j.crfs.2025.101122,"Modified Okara improves Noodle Properties: Effects on digestibility, structure, and functionality",酵母,未标注,未标注,1,,,非标题相分离主题
10.1016/j.dci.2026.105620,"Dietary supplementation of astaxanthin-enriched Rhodosporidiobolus ruineniae PBMB1 improves growth, immunity, disease resistance, and pigmentation in shrimp",酵母,萜类／异戊二烯类,未标注,6,,,非标题相分离主题
10.1016/j.dci.2026.105639,"Combined and interactive impacts of octacosanol and Saccharomyces cerevisiae on growth, physiological responses, and disease resistance in whiteleg shrimp (Litopenaeus vannamei)",酵母,未标注,未标注,2,,,非标题相分离主题
10.1016/j.dib.2021.107491,High throughput screening data for a case study of CHO cell culture process development,哺乳动物／细胞,芪类,发酵／反应器,8,发酵与过程优化,,非标题相分离主题
10.1016/j.ecoenv.2025.117954,Protective effects of dietary supplementation of Bacillus Subtilis MZ18 against the reproductive toxicity of zearalenone in pregnant rats,细菌,其他研究对象,体外测定,1,,,非标题相分离主题
10.1016/j.ecoenv.2025.118121,Evaluation of the combined impact of aflatoxin B1 and deoxynivalenol fed to Penaeus vannamei and mitigation properties provided by a yeast cell wall extract,酵母,未标注,体外测定,8,,,非标题相分离主题
10.1016/j.enceco.2025.12.007,Digestive enzyme-driven desorption of phenanthrene from microplastics in a simulated human gut,未标注,未标注,体外测定,7,,,非标题相分离主题
10.1016/j.engmic.2023.100078,A highly selective cell-based fluorescent biosensor for genistein detection,酵母,异黄酮类,细胞／活体反应,1,,,非标题相分离主题
10.1016/j.enzmictec.2010.09.004,Production of resveratrol from p -coumaric acid in recombinant Saccharomyces cerevisiae expressing 4-coumarate:coenzyme A ligase and stilbene synthase genes,酵母,芪类,发酵／反应器,18,,,非标题相分离主题
10.1016/j.enzmictec.2020.109652,Combinatorial engineering for improved menaquinone-4 biosynthesis in Bacillus subtilis,细菌,萜类／异戊二烯类,细胞／活体反应,18,表达与动态调控；发酵与过程优化,,非标题相分离主题
10.1016/j.enzmictec.2022.109991,Improving (2S)-naringenin production by exploring native precursor pathways and screening higher-active chalcone synthases from plants rich in flavonoids,酵母,黄酮类,发酵／反应器,4,,,非标题相分离主题
10.1016/j.enzmictec.2025.110584,Isolation of an endophytic yeast for improving the antibacterial activity of water chestnut Jiaosu: Focus on variation of microbial communities,细菌,其他研究对象,发酵／反应器,6,,,非标题相分离主题
10.1016/j.enzmictec.2026.110928,Engineering substrate channeling with synthetic biomolecular condensates for improved ectoine biosynthesis,其他宿主,凝聚体相关体系,细胞／活体反应,1,酶与蛋白工程；空间组织与区室化；发酵与过程优化,空间组织与区室化,生物合成应用
10.1016/j.eurpolymj.2025.113909,From betulin potentially bioproduced from plastics wastes to sustainable and high-performance cycloaliphatic polyurethanes: Towards a Biotech-Chem approach,酵母,多类别并列,细胞／活体反应,6,资源与环境,资源与环境,非标题相分离主题
10.1016/j.fbio.2020.100538,"Physicochemical quality parameters, antibacterial properties and cellular antioxidant activity of Polish buckwheat honey",酵母,黄酮类,未标注,4,,,非标题相分离主题
10.1016/j.fbio.2024.105797,Nutritional and antimicrobial properties of tomato by-products as affected by dehydration temperature,酵母,黄酮类,体外测定,7,,,非标题相分离主题
10.1016/j.fbio.2025.105912,De novo biosynthesis of dihydroquercetin in an engineered Yarrowia lipolytica with enhanced (2S)-eriodictyol,酵母,黄酮类,发酵／反应器,8,代谢与通路工程；表达与动态调控；发酵与过程优化,,非标题相分离主题
10.1016/j.fbio.2025.107224,Metabolic engineering of Saccharomyces cerevisiae for squalene production from lignocellulosic hydrolysates,酵母,萜类／异戊二烯类,发酵／反应器,14,代谢与通路工程；前体与辅因子供给；表达与动态调控；发酵与过程优化,代谢与通路工程,非标题相分离主题
10.1016/j.fbio.2025.107361,Co-culture yeast driving fermentation of Litchi (Litchi chinensis Sonn.) seed vinegar: flavor synergistic regulation and flavonoid enrichment mechanism,酵母,黄酮类,发酵／反应器,19,发酵与过程优化,,非标题相分离主题
10.1016/j.fbio.2025.107474,"Improving the sensory quality and health attributes of goji berry wine with Lachancea thermotolerans: A focus on acidity, aroma, and phenolic enrichment",酵母,黄酮类,发酵／反应器,2,,,非标题相分离主题
10.1016/j.fbio.2025.107575,Co-fermentation of probiotic and aromatic yeasts enriched antimicrobial acid and antioxidant content of Rosé Yeast Kombucha,细菌,黄酮类,发酵／反应器,3,,,非标题相分离主题
10.1016/j.fbio.2026.108412,Saccharomycodes ludwigii revisited: exploring pilot-scale production and inactivation methods for oenological applications,酵母,其他研究对象,发酵／反应器,10,发酵与过程优化,,非标题相分离主题
10.1016/j.fbio.2026.108481,The marine yeast Scheffersomyces spartinae 12SS-9 as a promising biological platform for robust biosynthesis of selenium nanoparticles with antioxidant and nutritional supplement potential,酵母,其他研究对象,细胞／活体反应,3,,,非标题相分离主题
10.1016/j.fbio.2026.108801,"Synergistic effects of red quinoa co-fermentation on phenolic enrichment, free amino acid profiles, and volatile flavor characteristics in Huangjiu",酵母,黄酮类,发酵／反应器,13,发酵与过程优化,,非标题相分离主题
10.1016/j.fbio.2026.108861,The effect of Co-fermentation with Saccharomyces cerevisiae and Latilactobacillus sakei on the quality of rose-flavored kvass,酵母,黄酮类,发酵／反应器,20,,,非标题相分离主题
10.1016/j.fbio.2026.109006,Antioxidant strategies and mechanisms of cider fermentation with ergothioneine- and glutathione-producing yeasts: an alternative to sulfur dioxide,酵母,其他研究对象,发酵／反应器,2,发酵与过程优化,,非标题相分离主题
10.1016/j.fbio.2026.109455,Yeast fermentation reshapes the rhodiola phytochemical matrix and enhances aroma-related volatile profile of the fermented product,酵母,其他研究对象,细胞／活体反应,6,,,非标题相分离主题
10.1016/j.fbio.2026.109513,Rational metabolic reprogramming of yeast across multiple pathway nodes for de novo liquiritigenin biosynthesis from glucose,酵母,黄酮类,发酵／反应器,8,前体与辅因子供给；发酵与过程优化,,非标题相分离主题
10.1016/j.fbp.2024.11.016,Effect of Dendrobium nobile Lindl. on volatile flavor substances and nonvolatile metabolites of rice wine fermented by Saccharomyces cerevisiae and Wickerhamomyces anomalus monocultures,酵母,黄酮类,发酵／反应器,7,,,非标题相分离主题
10.1016/j.fbp.2026.03.021,Impact of saline treatment on the biosorption and bioaccessibility of bioactive compounds from fruit juice residues using brewer's yeast,酵母,黄酮类,体外测定,15,,,非标题相分离主题
10.1016/j.fct.2006.04.010,Apiaceous vegetable constituents inhibit human cytochrome P-450 1A2 (hCYP1A2) activity and hCYP1A2-mediated mutagenicity of aflatoxin B 1,酵母,黄酮类,未标注,5,,,非标题相分离主题
10.1016/j.febslet.2006.01.051,"Metabolic engineering to produce phytochromes with phytochromobilin, phycocyanobilin, or phycoerythrobilin chromophore in Escherichia coli",细菌,其他研究对象,细胞／活体反应,5,代谢与通路工程,代谢与通路工程,非标题相分离主题
10.1016/j.febslet.2008.10.045,Reconstruction of a bacterial isoprenoid biosynthetic pathway in Saccharomyces cerevisiae,酵母,萜类／异戊二烯类,细胞／活体反应,3,,,非标题相分离主题
10.1016/j.focha.2025.101137,"Antioxidant and Pro-oxidant properties of naringenin: Unveiling the biphasic impacts on model, Drosophila melanogaster",其他宿主,黄酮类,体外测定,5,,,非标题相分离主题
10.1016/j.fochx.2024.102128,Effects of mixed fermentation on the flavor quality and in vitro antioxidant activity of Zaosu pear-Merlot grape composite alcoholic beverage,酵母,其他研究对象,体外测定,4,,,非标题相分离主题
10.1016/j.fochx.2025.102570,Comparative evaluation of pure non-Saccharomyces yeasts fermentation and Lactiplantibacillus plantarum co-fermentation in fig pulp: Achieving remarkable sugar reduction and flavor enhancement,酵母,其他研究对象,发酵／反应器,13,,,非标题相分离主题
10.1016/j.fochx.2025.102781,Evaluation of the effects of Saccharomyces cerevisiae fermentation on the non-volatile compounds in semi-dry coffee beans using widely targeted metabolomics analysis,酵母,黄酮类,细胞／活体反应,4,,,非标题相分离主题
10.1016/j.fochx.2025.103379,"Enhancing physicochemical, aromatic and sensory characteristics in coffee pulp wine through co-culture of indigenous non-Saccharomyces and Saccharomyces cerevisiae",酵母,其他研究对象,发酵／反应器,11,,,非标题相分离主题
10.1016/j.fochx.2026.103599,"Mechanistic elucidation of Rhizopus stolonifer-fermented orange peel in enhancing Saccharomyces cerevisiae growth and multi-stress tolerance: process optimization, metabolomics, and pathway analysis",酵母,其他研究对象,细胞／活体反应,12,发酵与过程优化,发酵与过程优化,非标题相分离主题
10.1016/j.fochx.2026.103669,Screening and oenological characterization of a high β-glucosidase-producing yeast from Pyracantha fortuneana (maxim.) Li,酵母,黄酮类,发酵／反应器,11,,,非标题相分离主题
10.1016/j.foodchem.2018.07.077,Antimicrobial and antioxidant activities of phenolic metabolites from flavonoid-producing yeast: Potential as natural food preservatives,酵母,黄酮类,未标注,13,资源与环境,,非标题相分离主题
10.1016/j.foodchem.2020.128225,Metabolite dynamics and phytochemistry of a soy whey-based beverage bio-transformed by water kefir consortium,酵母,黄酮类,发酵／反应器,2,,,非标题相分离主题
10.1016/j.foodchem.2020.128972,Potential application of CHS and 4CL genes from grape endophytic fungus in production of naringenin and resveratrol and the improvement of polyphenol profiles and flavour of wine,酵母,黄酮类,细胞／活体反应,3,,,非标题相分离主题
10.1016/j.foodchem.2024.141561,Simultaneous recycling of flavonone and polymethoxyflavonoids from Chenpi processing residue based on their complementary action on glycolipid lowering activity: Innovative combination use of yeast and aqueous two-phase system,酵母,黄酮类,发酵／反应器,13,,,非标题相分离主题
10.1016/j.foodchem.2024.142657,"Biological activities, biosynthetic capacity and metabolic interactions of lactic acid bacteria and yeast strains from traditional home-made kefir",酵母,未标注,无细胞／分离酶,2,,,非标题相分离主题
10.1016/j.foodchem.2025.143356,Impaired cellular barriers and blocked metabolic pathways contribute to inhibition of carvacrol-loaded nanoemulsions stabilized by soy protein isolate / chitooligosaccharide conjugate on S. putrefaciens,细菌,凝聚体相关体系,未标注,1,,,非标题相分离主题
10.1016/j.foodchem.2025.143486,Navigating yeast selection for NABLAB production: Comparative study of commercial maltose- and maltotriose-negative strains,酵母,其他研究对象,发酵／反应器,2,,,非标题相分离主题
10.1016/j.foodchem.2025.145098,Metabolic basis of resveratrol biosynthesis in P. megaterium PH3: Key roles of phenylpropanoid precursors and enzymatic feedback inhibition,细菌,芪类,体外测定,11,,,非标题相分离主题
10.1016/j.foodchem.2025.145151,The thermotolerance of industrial yeast strains in a dough matrix determines their impact on the oven rise during bread baking,酵母,其他研究对象,发酵／反应器,4,,,非标题相分离主题
10.1016/j.foodchem.2025.147574,"Effect of wheat bran dietary fiber on yeast, sourdough and Lactobacillus plantarum fermented dough: insight from gluten protein structure and aggregation behavior",酵母,未标注,发酵／反应器,20,,,非标题相分离主题
10.1016/j.foodchem.2026.149220,Unveiling the dynamic characteristics of Rosa roxburghii Tratt wine: A multi-omics and molecular docking study on commercial Saccharomyces cerevisiae and indigenous Hanseniaspora uvarum L31 during fermentation,酵母,其他天然产物,发酵／反应器,11,,,非标题相分离主题
10.1016/j.foodchem.2026.149417,Structural reconfiguration of gluten-starch matrices driven by yeast fermentation and its effects on quality of fermented dried noodles,酵母,凝聚体相关体系,发酵／反应器,11,,,非标题相分离主题
10.1016/j.foodres.2022.111158,Transcriptomic and metabolomic analysis reveals the potential mechanisms underlying the improvement of β-carotene and torulene production in Rhodosporidiobolus colostri under low temperature treatment,酵母,萜类／异戊二烯类,未标注,8,,,非标题相分离主题
10.1016/j.foodres.2025.116221,Nutritional and functional aspects of European cereal-based fermented foods and beverages,酵母,黄酮类,细胞／活体反应,1,,,非标题相分离主题
10.1016/j.foodres.2025.116411,Fermentative performance of indigenous Lachancea thermotolerans in high-sugar and low-acid wine production: Insights from volatomics and metabolomics,酵母,其他研究对象,发酵／反应器,8,,,非标题相分离主题
10.1016/j.foodres.2025.116549,Screening and characterization of organic-Se enriched yeasts via engineering combined lab-adaptive evolution strategies to produce fragrant cider,酵母,黄酮类,细胞／活体反应,9,,,非标题相分离主题
10.1016/j.foodres.2025.117171,"Chemical profiling, antioxidant, and antimicrobial activity of spent coffee grounds aqueous extract and its use to enhance antioxidant, microbiological, and sensorial properties of shrimp under storage",细菌,其他研究对象,未标注,5,,,非标题相分离主题
10.1016/j.foodres.2025.117310,Uncovering the integrated metabolic profile of honey tea wine fermented by single and mixed yeast fermentation,酵母,黄酮类,发酵／反应器,11,,,非标题相分离主题
10.1016/j.foodres.2026.118403,"Critical assessment of machine learning approaches for classification, dynamic prediction and surrogate Modeling in food fermentation",酵母,未标注,发酵／反应器,1,,,非标题相分离主题
10.1016/j.foodres.2026.118486,Tailoring yeast and bacterial consortia to modulate wine fermentation profiles,酵母,芪类,发酵／反应器,18,,,非标题相分离主题
10.1016/j.foohum.2025.100762,"Biochemical analysis of solid-state fermented ekpoma rice husk: Assessing antioxidants, enzymes, and antinutrients with Baker's yeast, palm wine yeast and Rhizopus oligosporus (ATCC 22959)",酵母,黄酮类,发酵／反应器,9,,,非标题相分离主题
10.1016/j.freeradbiomed.2025.11.026,Antioxidant and anti-aging effects of quercetin 3-O-rhamnoside isolated from Houttuynia cordata Thunb extract on Caenorhabditis elegans,其他宿主,黄酮类,无细胞／分离酶,3,,,非标题相分离主题
10.1016/j.fsi.2018.12.052,"Effects of dietary yeast extract supplementation on growth, body composition, non-specific immunity, and antioxidant status of Chinese mitten crab ( Eriocheir sinensis )",酵母,未标注,未标注,6,,,非标题相分离主题
10.1016/j.fsi.2020.03.037,"The effects of dietary yeast hydrolysate on growth, hematology, antioxidant enzyme activities and non-specific immunity of juvenile Nile tilapia, Oreochromis niloticus",酵母,未标注,未标注,4,,,非标题相分离主题
10.1016/j.fsi.2023.108574,"Effects of dietary nucleotide and yeast cell wall on growth performance, feed utilization, anti-oxidative and immune response of grass carp ( Ctenopharyngodon idella )",酵母,未标注,未标注,1,,,非标题相分离主题
10.1016/j.fsi.2025.110620,The immunomodulatory effects of yeast glycoprotein in sea cucumber (Apostichopus japonicus) against skin ulceration syndrome induced by Vibrio alginolyticus,酵母,未标注,未标注,3,,,非标题相分离主题
10.1016/j.funbio.2025.101666,Improved production of mycophenolic acid in Penicillium brevicompactum by RNAi-mediated hmgcl gene silencing,其他宿主,其他研究对象,发酵／反应器,1,,,非标题相分离主题
10.1016/j.hazadv.2026.101024,Photocatalytic oxidation of VOCs: Assessing health risks and mitigation strategies for safer indoor air environment,未标注,凝聚体相关体系,体外测定,9,,,非标题相分离主题
10.1016/j.heliyon.2024.e38659,A mild skeletal phenotype with overlapping features of Miller syndrome and functional characterisation of two new variants of human dihydroorotate dehydrogenase,细菌,其他研究对象,细胞／活体反应,1,,,非标题相分离主题
10.1016/j.ibmb.2025.104441,Independent evolution of geraniol-8-hydroxylase activity involved in iridoid formation in the Argentine ant (Linepithema humile),酵母,萜类／异戊二烯类,细胞／活体反应,7,,,非标题相分离主题
10.1016/j.ijbiomac.2025.140920,"Green antiseptic for hand hygiene with high activity against SARS-CoV-2: Iota-carrageenan, quercetin, and Melaleuca alternifolia essential oil based nanoemulsion",植物,黄酮类,体外测定,13,,,非标题相分离主题
10.1016/j.ijbiomac.2025.145297,"Development of a novel system for the expression and production of recombinant monoclonal antibody, tocilizumab, using Pichia pastoris",酵母,其他研究对象,发酵／反应器,4,,,非标题相分离主题
10.1016/j.ijbiomac.2025.145717,Identification of a novel glycosyltransferase from Cichorium endivia L. and its application in the synthesis of fisetin-3’-O-glucoside,细菌,其他研究对象,细胞／活体反应,1,,,非标题相分离主题
10.1016/j.ijbiomac.2025.146028,"Dietary supplementation of yeast glycoprotein improves egg quality, immunity, antioxidant capacity, and fecal microbiota in laying hen",酵母,未标注,未标注,13,,,非标题相分离主题
10.1016/j.ijbiomac.2025.146758,Sustainable production of polyhydroxybutyrate (PHB) via valorisation of Aegle marmelos shell waste: Probe sonication-assisted extraction and optimization through box-behnken response surface methodology,细菌,其他研究对象,细胞／活体反应,3,资源与环境,资源与环境,非标题相分离主题
10.1016/j.ijbiomac.2025.149283,Efficient multi-enzyme system for icaritin production from naringenin with synchronous prenol utilization in Escherichia coli,细菌,黄酮类,细胞／活体反应,4,,,非标题相分离主题
10.1016/j.ijbiomac.2025.149961,Engineering polar protein-based biomolecular condensates for modular biosynthesis,细菌,凝聚体相关体系,发酵／反应器,7,代谢与通路工程；竞争途径与转运；空间组织与区室化；资源与环境,空间组织与区室化,生物合成应用
10.1016/j.ijbiomac.2026.150334,Optimization of biosynthesis process of bacterial cellulose membrane using seabuckthorn extract and its application in food preservation,酵母,其他研究对象,细胞／活体反应,8,,,非标题相分离主题
10.1016/j.ijbiomac.2026.151134,A highly efficient alkaline phosphatase for dephosphorylation of macromolecular substrates,酵母,其他研究对象,发酵／反应器,2,,,非标题相分离主题
10.1016/j.ijbiomac.2026.153208,"Enzymatic conversion of insoluble yeast β-glucans into low-molecular-weight, water-soluble prebiotics using enzyme cocktails derived from natural rubber serum",酵母,其他研究对象,无细胞／分离酶,5,,,非标题相分离主题
10.1016/j.ijfoodmicro.2018.05.025,Overproduction of isoprenoids by Saccharomyces cerevisiae in a synthetic grape juice medium in the absence of plant genes,酵母,萜类／异戊二烯类,细胞／活体反应,19,表达与动态调控,,非标题相分离主题
10.1016/j.ijfoodmicro.2024.110899,Fermentative and metabolic screening of candidate yeast strains hybridisable with Saccharomyces cerevisiae for beer production optimisation,酵母,未标注,发酵／反应器,6,,,非标题相分离主题
10.1016/j.ijfoodmicro.2024.110966,The cellular symphony of redox cofactor management by yeasts in wine fermentation,酵母,其他研究对象,发酵／反应器,5,前体与辅因子供给,前体与辅因子供给,非标题相分离主题
10.1016/j.ijfoodmicro.2025.111493,Specific impact of nitrogen supplementation on the metabolism of Saccharomyces and hybrids during wine fermentation,酵母,未标注,细胞／活体反应,2,,,非标题相分离主题
10.1016/j.ijfoodmicro.2026.111687,Shotgun proteomics reveals interactions between Starmerella bacillaris and Saccharomyces cerevisiae during sequential wine fermentation,酵母,萜类／异戊二烯类,发酵／反应器,4,,,非标题相分离主题
10.1016/j.ijfoodmicro.2026.111755,Role of mannoproteins in the activation of wine malolactic fermentation: Influence of the yeast and the extraction method,酵母,其他研究对象,细胞／活体反应,12,,,非标题相分离主题
10.1016/j.ijgfs.2025.101400,Exploring the gastronomic and functional potential of sycamore fig (Ficus sycomorus) fruit powder in bio-fermented camel–corn milk,酵母,未标注,未标注,1,,,非标题相分离主题
10.1016/j.indcrop.2017.03.043,"Enhanced phenolic acids production in regenerated shoot cultures of Salvia virgata Jacq. after elicitation with Ag + ions, methyl jasmonate and yeast extract",酵母,苯丙素类,体外测定,1,,,非标题相分离主题
10.1016/j.indcrop.2019.111844,"Comparative analysis of chemical composition, antioxidant and antimicrobial activities of leaves, leaf tea and root from Codonopsis pilosula",酵母,其他研究对象,未标注,3,,,非标题相分离主题
10.1016/j.indcrop.2020.112278,Establishment of cell suspension cultures of Ocimum basilicum L. and enhanced production of pharmaceutical active ingredients,酵母,黄酮类,细胞／活体反应,13,,,非标题相分离主题
10.1016/j.indcrop.2026.123238,Unveiling the dual roles of LjTT8: Positive regulation of anthocyanin biosynthesis and abiotic stress responses in Lonicera japonica,植物,其他研究对象,细胞／活体反应,2,,,非标题相分离主题
10.1016/j.indcrop.2026.123793,Time-course multi-omics analysis identifies jasmonate signaling and flavonoid-associated defense responses of larch to pine wood nematode,植物,黄酮类,未标注,2,,,非标题相分离主题
10.1016/j.jaap.2018.09.011,High-pressure pyrolysis of isoprenoid hydrocarbon p -menthane in a tandem micro-reactor with online GC-MS/FID,酵母,萜类／异戊二烯类,未标注,3,,,非标题相分离主题
10.1016/j.jafr.2026.103070,Fermentation-induced enrichment of phenolics and volatile compounds modulates phytochemical composition and antioxidant activities of Dorstenia convexa root and Monodora myristica seed,酵母,黄酮类,发酵／反应器,3,,,非标题相分离主题
10.1016/j.jbc.2022.102834,Pab1 acetylation at K131 decreases stress granule formation in Saccharomyces cerevisiae,酵母,凝聚体相关体系,细胞／活体反应,3,,,非标题相分离主题
10.1016/j.jbc.2025.108162,Axin-binding domain of glycogen synthase kinase 3β facilitates functional interactions with voltage-gated Na+ channel Nav1.6,哺乳动物／细胞,凝聚体相关体系,细胞／活体反应,1,,,非标题相分离主题
10.1016/j.jbc.2025.108172,mTOR signaling controls protein aggregation during heat stress and cellular aging in a translation- and Hsf1-independent manner,酵母,凝聚体相关体系,细胞／活体反应,2,,,非标题相分离主题
10.1016/j.jbc.2025.108497,RNA modifications and Prp24 coordinate Lsm2–8 binding dynamics during S. cerevisiae U6 snRNP assembly,酵母,其他研究对象,体外测定,2,,,非标题相分离主题
10.1016/j.jbc.2025.110329,Perturbations in L-serine metabolism regulate protein quality control through the sensor of the retrograde response pathway RTG2 in Saccharomyces cerevisiae,酵母,未标注,体外测定,2,,,非标题相分离主题
10.1016/j.jbc.2026.111273,P-bodies act as dynamic control hubs for RNA processing and storage,酵母,凝聚体相关体系,未标注,1,表达与动态调控,表达与动态调控,非标题相分离主题
10.1016/j.jbc.2026.111297,Acetic acid induces proteasome storage granule formation and inhibits proteasomal proteolysis: Comparison with other induction conditions,酵母,凝聚体相关体系,细胞／活体反应,3,,,非标题相分离主题
10.1016/j.jbiotec.2008.02.023,Carotenoid accumulation in bacteria with enhanced supply of isoprenoid precursors by upregulation of exogenous or endogenous pathways,细菌,萜类／异戊二烯类,细胞／活体反应,4,前体与辅因子供给,,非标题相分离主题
10.1016/j.jbiotec.2009.05.008,Expression of a Dianthus flavonoid glucosyltransferase in Saccharomyces cerevisiae for whole-cell biocatalysis,酵母,黄酮类,细胞／活体反应,6,,,非标题相分离主题
10.1016/j.jbiotec.2015.09.016,Metabolic engineering of the Stevia rebaudiana ent -kaurene biosynthetic pathway in recombinant Escherichia coli,细菌,萜类／异戊二烯类,发酵／反应器,11,代谢与通路工程；表达与动态调控；发酵与过程优化,代谢与通路工程,非标题相分离主题
10.1016/j.jbiotec.2016.06.007,Stepwise modular pathway engineering of Escherichia coli for efficient one-step production of (2S)-pinocembrin,细菌,黄酮类,发酵／反应器,2,代谢与通路工程；发酵与过程优化,代谢与通路工程,非标题相分离主题
10.1016/j.jbiotec.2017.03.005,"Enhanced performance of the methylerythritol phosphate pathway by manipulation of redox reactions relevant to IspC, IspG, and IspH",细菌,萜类／异戊二烯类,未标注,1,,,非标题相分离主题
10.1016/j.jbiotec.2019.08.021,"Phenolic acid and flavonoid production in agar, agitated and bioreactor-grown microshoot cultures of Schisandra chinensis cv. Sadova No. 1-a valuable medicinal plant",植物,黄酮类,体外测定,2,发酵与过程优化,发酵与过程优化,非标题相分离主题
10.1016/j.jbiotec.2020.11.009,Effects of metabolic pathway gene copy numbers on the biosynthesis of (2S)-naringenin in Saccharomyces cerevisiae,酵母,黄酮类,细胞／活体反应,4,表达与动态调控；竞争途径与转运,表达与动态调控,非标题相分离主题
10.1016/j.jbiotec.2025.05.017,De novo production of prenylnaringenin compounds by a metabolically engineered Escherichia coli,细菌,黄酮类,细胞／活体反应,19,发酵与过程优化,,非标题相分离主题
10.1016/j.jcou.2025.103269,Synergistic chemo-enzymatic formic acid disproportionation and biomolecular condensates for efficient amino acid production,无细胞体系,凝聚体相关体系,无细胞／分离酶,3,空间组织与区室化,空间组织与区室化,生物合成应用
10.1016/j.jddst.2021.102732,"Characterization, antimicrobial activity, and antioxidant activity of the nanoemulsions of Lavandula spica essential oil and its main monoterpenes",酵母,多类别并列,未标注,4,,,非标题相分离主题
10.1016/j.jdent.2025.105997,Assessment of fluoride-infused calcium phosphate resin composites as effective remineralisation agents for human dental pulp stem cells,未标注,未标注,未标注,1,,,非标题相分离主题
10.1016/j.jece.2025.117236,Upgrading short-chain fatty acids production from anaerobic fermentation of waste activated sludge using alkyl polyglucose and yeast under pH regulation: Performance and mechanism,酵母,其他研究对象,发酵／反应器,4,,,非标题相分离主题
10.1016/j.jenvman.2024.123869,The feasibility of batch-wise polyester degradation and recycling using recombinant Escherichia coli expressing PHB depolymerase (PhaZ Cma ),细菌,其他研究对象,细胞／活体反应,1,,,非标题相分离主题
10.1016/j.jep.2020.112966,"Pharmacological evaluation of analgesic, anti-inflammatory and antipyretic activities of ethanolic extract of Indigofera argentea Burm. f.",酵母,黄酮类,体外测定,1,,,非标题相分离主题
10.1016/j.jfca.2026.109039,Oligosaccharides as prebiotics in beer and their conversion during brewing via enzymatic transglycosylation,细菌,其他研究对象,发酵／反应器,29,,,非标题相分离主题
10.1016/j.jfda.2015.01.009,Effects of blending wheatgrass juice on enhancing phenolic compounds and antioxidant activities of traditional kombucha beverage,其他宿主,其他研究对象,体外测定,2,,,非标题相分离主题
10.1016/j.jgeb.2025.100655,Tissue culture and elicitor applications for sustainable secondary metabolite enhancement in Mentha longifolia (L.) Huds,酵母,其他天然产物,细胞／活体反应,3,资源与环境,资源与环境,非标题相分离主题
10.1016/j.jmb.2021.166837,Designer Condensates: A Toolkit for the Biomolecular Architect,酵母,凝聚体相关体系,体外测定,2,空间组织与区室化,,工程平台与方法
10.1016/j.jmb.2023.167971,Phase Separation in Biology and Disease; Current Perspectives and Open Questions,酵母,凝聚体相关体系,体外测定,6,空间组织与区室化,空间组织与区室化,细胞机制与疾病
10.1016/j.jmb.2025.169546,Distinct Cis-acting Elements Combinatorically Mediate Co-localization of mRNAs Encoding for Co-translational Interactors in Cytoplasmic Clusters in S. cerevisiae,酵母,凝聚体相关体系,细胞／活体反应,6,空间组织与区室化,空间组织与区室化,非标题相分离主题
10.1016/j.jplph.2026.154814,Functional characterization of type I chalcone isomerase AmCHI from Astragalus mongholicus and its response mechanism to exogenous hormones,酵母,黄酮类,细胞／活体反应,1,表达与动态调控,,非标题相分离主题
10.1016/j.jspr.2025.102862,Optimizing cold plasma technology for pesticide and microbial safety enhancement of fresh okra (Abelmoschus esculentus),酵母,黄酮类,未标注,4,,,非标题相分离主题
10.1016/j.jtice.2024.105616,Yeast as a cell factory for fermentative production of ethanol from xylose,酵母,其他研究对象,发酵／反应器,2,,,非标题相分离主题
10.1016/j.livsci.2021.104783,"Effects of dietary supplementation with different levels of selenium yeast on growth performance, carcass characteristics, antioxidant capacity, and meat quality of Tan sheep",酵母,未标注,未标注,7,,,非标题相分离主题
10.1016/j.lwt.2023.115229,Comparative metabolic profiling of Cabernet Sauvignon wines reveals the potential of different Wickerhamomyces anomalus co-fermented with commercial Saccharomyces cerevisiae,酵母,黄酮类,发酵／反应器,13,,,非标题相分离主题
10.1016/j.lwt.2025.117961,Innovative approaches for the fermentation of black cabbage with improved nutritional and health-promoting traits,酵母,未标注,发酵／反应器,2,,,非标题相分离主题
10.1016/j.lwt.2025.118146,"Combined influence of bitterness and alcohol content on the microbiological stability, antioxidant capacity, and bioactive compounds of UV-LED treated beers: A non-thermal processing approach",酵母,黄酮类,体外测定,2,,,非标题相分离主题
10.1016/j.lwt.2025.118315,Synergistic effects of E-Beam irradiation and dried herbs powder(Thymus capitatus) on the physicochemical and microbiological quality of minced beef,细菌,未标注,未标注,66,,,非标题相分离主题
10.1016/j.lwt.2025.118363,"Improving the flavor components, metabolic characteristics, and antioxidant activity of American ginseng by lactic acid bacteria and yeast fermentation",酵母,其他天然产物,发酵／反应器,6,,,非标题相分离主题
10.1016/j.marenvres.2014.12.006,Acute and long-term biological effects of mechanically and chemically dispersed oil on lumpsucker ( Cyclopterus lumpus ),未标注,凝聚体相关体系,未标注,4,,,非标题相分离主题
10.1016/j.matt.2019.09.013,"Dynamically Tunable, Macroscopic Molecular Networks Enabled by Cellular Synthesis of 4-Arm Star-like Proteins",细菌,其他研究对象,细胞／活体反应,3,,,非标题相分离主题
10.1016/j.matt.2022.07.001,Biomaterial design inspired by membraneless organelles,无细胞体系,凝聚体相关体系,体外测定,1,空间组织与区室化,空间组织与区室化,非标题相分离主题
10.1016/j.mcat.2026.115906,Multi-strategy metabolic engineering approach to enhance 3´-C-prenylnaringenin production in recombinant Escherichia coli,细菌,黄酮类,细胞／活体反应,2,代谢与通路工程；前体与辅因子供给,代谢与通路工程,非标题相分离主题
10.1016/j.mcpro.2023.100552,Proteome Dynamics During Transition From Exponential to Stationary Phase Under Aerobic and Anaerobic Conditions in Yeast,酵母,未标注,发酵／反应器,16,发酵与过程优化,,非标题相分离主题
10.1016/j.meafoo.2025.100267,"Biogenic ZnO nanoparticles synthesis using Phyllanthus urinaria and its multifaceted bioactivities against infection, inflammation and diabetes mellitus",细菌,其他研究对象,体外测定,2,,,非标题相分离主题
10.1016/j.mec.2021.e00169,Synthetic production of prenylated naringenins in yeast using promiscuous microbial prenyltransferases,酵母,黄酮类,无细胞／分离酶,4,前体与辅因子供给,,非标题相分离主题
10.1016/j.mec.2021.e00178,Metabolic engineering of Synechocystis sp. PCC 6803 for the photoproduction of the sesquiterpene valencene,酵母,萜类／异戊二烯类,细胞／活体反应,6,代谢与通路工程,代谢与通路工程,非标题相分离主题
10.1016/j.mec.2021.e00185,Diversion of metabolic flux towards 5-deoxy(iso)flavonoid production via enzyme self-assembly in Escherichia coli,细菌,黄酮类,细胞／活体反应,11,,,非标题相分离主题
10.1016/j.mec.2026.e00274,Multi-layered metabolic remodeling of Pseudomonas putida for efficient conversion of lignocellulosic sugars to the precursors of advanced aviation fuel,多类别并列,多类别并列,细胞／活体反应,4,发酵与过程优化,,非标题相分离主题
10.1016/j.micres.2025.128318,Yeast proteomics: Advances and applications in alcoholic fermentation,酵母,未标注,发酵／反应器,3,,,非标题相分离主题
10.1016/j.microb.2025.100609,Biogenic silver nanoparticles as antimicrobial agents: Plant-mediated bioactivity and metabolic disruption in E. coli,细菌,未标注,无细胞／分离酶,5,,,非标题相分离主题
10.1016/j.mimet.2025.107357,"Production, optimization and characterization of cellulase produced from Aspergillus niger in submerged fermentation through response surface methodology",酵母,其他研究对象,发酵／反应器,8,,,非标题相分离主题
10.1016/j.molcel.2017.11.016,The Std1 Activator of the Snf1/AMPK Kinase Controls Glucose Response in Yeast by a Regulated Protein Aggregation,酵母,凝聚体相关体系,细胞／活体反应,1,,,非标题相分离主题
10.1016/j.molcel.2022.08.016,Condensed-phase signaling can expand kinase specificity and respond to macromolecular crowding,未标注,凝聚体相关体系,未标注,1,,,非标题相分离主题
10.1016/j.molp.2025.04.003,Elucidation and de novo reconstitution of glyceollin biosynthesis,酵母,黄酮类,细胞／活体反应,12,,,非标题相分离主题
10.1016/j.nbt.2025.07.005,Viability assessment and biomass valorization of recombinant Komagataella phaffii,酵母,异黄酮类,发酵／反应器,7,,,非标题相分离主题
10.1016/j.nbt.2025.11.006,Investigating the dynamics of precursor availability for sesquiterpenoid production in the cytoplasm and plastid of Chlamydomonas reinhardtii,其他宿主,其他研究对象,细胞／活体反应,3,前体与辅因子供给,前体与辅因子供给,非标题相分离主题
10.1016/j.pbi.2014.05.006,Plant carotenoids: genomics meets multi-gene engineering,植物,萜类／异戊二烯类,体外测定,2,,,非标题相分离主题
10.1016/j.pep.2003.09.014,Expression and purification of human tryptophan hydroxylase from Escherichia coli and Pichia pastoris,细菌,其他研究对象,体外测定,6,,,非标题相分离主题
10.1016/j.pep.2004.02.013,"UDP-N-acetylglucosamine 2-epimerase/N-acetylmannosamine kinase, functionally expressed in and purified from Escherichia coli , yeast, and insect cells",细菌,其他研究对象,未标注,16,,,非标题相分离主题
10.1016/j.pep.2010.12.010,Comparative expression of wild-type and highly soluble mutant His103Leu of hydroxynitrile lyase from Manihot esculenta in prokaryotic and eukaryotic expression systems,细菌,未标注,无细胞／分离酶,9,,,非标题相分离主题
10.1016/j.pep.2025.106804,Enhanced production of stem bromelain in Pichia pastoris by coexpression of unfolded protein response activator gene HAC1P,酵母,其他研究对象,未标注,14,表达与动态调控；发酵与过程优化,,非标题相分离主题
10.1016/j.phyplu.2025.100746,The Croton genera (Euphorbiaceae) and its richness in chemical constituents with potential range of applications,细菌,黄酮类,体外测定,5,,,非标题相分离主题
10.1016/j.phytochem.2010.06.001,Cloning of casbene and neocembrene synthases from Euphorbiaceae plants and expression in Saccharomyces cerevisiae,酵母,萜类／异戊二烯类,未标注,3,,,非标题相分离主题
10.1016/j.phytochem.2018.10.023,Increase in isoflavonoid content in Glycine max cells transformed by the constitutively active Ca 2+ independent form of the AtCPK1 gene,其他宿主,异黄酮类,细胞／活体反应,3,,,非标题相分离主题
10.1016/j.plana.2025.100138,Biogenic CuO nanoparticles from Camellia sinensis and Pimpinella anisum plant extracts and their role as antimicrobial agents,植物,黄酮类,体外测定,2,,,非标题相分离主题
10.1016/j.plantsci.2004.09.012,Tanshinone production and isoprenoid pathways in Salvia miltiorrhiza hairy roots induced by Ag + and yeast elicitor,酵母,萜类／异戊二烯类,细胞／活体反应,2,,,非标题相分离主题
10.1016/j.plantsci.2005.10.013,Synthesis of ( 14 C)-labeled 5-deoxyflavonoids and their application in the study of dihydroflavonol/leucoanthocyanidin interconversion by dihydroflavonol 4-reductase,酵母,黄酮类,未标注,4,,,非标题相分离主题
10.1016/j.plantsci.2020.110577,Functional characterization of UDP-glycosyltransferases from the liverwort Plagiochasma appendiculatum and their potential for biosynthesizing flavonoid 7- O -glucosides,细菌,黄酮类,细胞／活体反应,3,,,非标题相分离主题
10.1016/j.plantsci.2022.111573,Engineering Nicotiana tabacum trichomes for triterpenic acid production,细菌,萜类／异戊二烯类,细胞／活体反应,3,表达与动态调控,,非标题相分离主题
10.1016/j.plantsci.2025.112962,ClBZR1L regulates proline metabolism to mediate brassinolide-induced cold tolerance in watermelon (Citrullus lanatus),酵母,其他研究对象,细胞／活体反应,1,表达与动态调控,,非标题相分离主题
10.1016/j.plaphy.2013.07.018,Molecular characterization of Glycine max squalene synthase genes in seed phytosterol biosynthesis,植物,萜类／异戊二烯类,细胞／活体反应,1,表达与动态调控,,非标题相分离主题
10.1016/j.plaphy.2021.06.009,Cloning and functional characterization of three flavonoid O -glucosyltransferase genes from the liverworts Marchantia emarginata and Marchantia paleacea,细菌,黄酮类,细胞／活体反应,6,,,非标题相分离主题
10.1016/j.plaphy.2026.111200,BsMYB5-BsEGL1 transcriptional module activates low-temperature-induced anthocyanin biosynthesis in Begonia semperflorens,植物,其他研究对象,体外测定,9,表达与动态调控,,非标题相分离主题
10.1016/j.plaphy.2026.111305,The transcription factor CaMYB108a negatively regulates anthocyanin and other flavonoid biosynthesis in chili pepper (Capsicum annuum L.) fruit,植物,黄酮类,未标注,1,表达与动态调控,表达与动态调控,非标题相分离主题
10.1016/j.pmpp.2021.101654,Study on the effect of alginate oligosaccharide combined with Meyerozyma guilliermondii against Penicillium expansum in pears and the possible mechanisms involved,酵母,其他研究对象,细胞／活体反应,2,,,非标题相分离主题
10.1016/j.pmpp.2024.102525,Yarrowia lipolytica MBC25: A promising yeast strain for biocontrol of Botrytis cinerea in preharvest and postharvest decay of strawberries,酵母,未标注,体外测定,4,表达与动态调控,,非标题相分离主题
10.1016/j.poly.2026.118016,"Multifunctional activities of Cu-, Ni-, and Co-metal–organic frameworks: structural, photocatalytic, and biological insights",细菌,其他研究对象,未标注,4,,,非标题相分离主题
10.1016/j.postharvbio.2025.114064,Two-percent peppermint essential oil applied to fresh-box packaging delays browning and maintains the quality of fresh-cut lettuce (Lactuca sativa L.),酵母,黄酮类,未标注,1,,,非标题相分离主题
10.1016/j.prenap.2025.100197,Unveiling the antiophidian potential of epicatechin and isoquercetin from Tapinanthus globiferus growing on Acacia nilotica: An in silico and in vitro studies,未标注,黄酮类,体外测定,5,,,非标题相分离主题
10.1016/j.prenap.2025.100395,"Assessment of subacute toxicity, anti-inflammatory and antipyretic activities of the ethanolic extract from Croton blanchetianus Baill. leaves",酵母,未标注,未标注,4,,,非标题相分离主题
10.1016/j.prenap.2026.100523,"Unraveling the therapeutic potential of Firmiana colorata bark extract: GC-MS profiling, pharmacological studies, and protein-ligand interaction analysis for pain, fever, and inflammation",酵母,其他天然产物,未标注,2,,,非标题相分离主题
10.1016/j.prevetmed.2025.106607,"Feeding practices and animal-level factors associated with daily milk yield in lactating smallholder dairy cows in Kiambu County, Kenya",酵母,其他研究对象,未标注,8,,,非标题相分离主题
10.1016/j.procbio.2008.02.001,Production of phenylpropanoid compounds by recombinant microorganisms expressing plant-specific biosynthesis genes,植物,黄酮类,未标注,3,,,非标题相分离主题
10.1016/j.procbio.2012.02.014,Recombinant α-L-rhamnosidase from Aspergillus terreus in selective trimming of rutin,其他宿主,黄酮类,无细胞／分离酶,3,,,非标题相分离主题
10.1016/j.pscia.2026.100118,Functional identification of key enzymes in calycosin biosynthesis in Astragalus membranaceus and establishment of heterologous expression system,酵母,黄酮类,体外测定,2,,,非标题相分离主题
10.1016/j.psj.2023.102527,"Egg production, egg quality, organ weight, bone ash, and plasma metabolites in 30-week-old Lohmann LSL lite hens fed corn and soybean meal-based diets supplemented with enzymatically treated yeast",酵母,其他研究对象,未标注,55,,,非标题相分离主题
10.1016/j.psj.2023.103127,"Effect of Cyberlindnera jadinii yeast on growth performance, nutrient digestibility, and gut health of broiler chickens from 1 to 34 d of age",酵母,未标注,体外测定,1,,,非标题相分离主题
10.1016/j.psj.2023.103383,Response of broiler breeder pullets when fed hydrolyzed whole yeast from placement to 22 wk of age,酵母,未标注,细胞／活体反应,3,,,非标题相分离主题
10.1016/j.psj.2024.104695,"Effects of graded yeast cell wall supplementation on growth performance, immunity and intestinal development of broiler chickens raised in floor pens for 42 days",酵母,未标注,体外测定,11,,,非标题相分离主题
10.1016/j.psj.2025.105866,Cecal bacterial communities and lung immunity in layers fed omega-3 fatty acids or yeast bioactives under different space allowance,酵母,未标注,未标注,57,,,非标题相分离主题
10.1016/j.psj.2025.105882,Dietary supplementation with selenium yeast mitigates diquat-induced oxidative damage in oviductal magnum of hens,酵母,未标注,无细胞／分离酶,6,,,非标题相分离主题
10.1016/j.psj.2025.105893,Quercetin can serve as a CXR inhibitor to enhance florfenicol absorption by attenuating BCRP-mediated efflux in chickens,其他宿主,黄酮类,细胞／活体反应,7,竞争途径与转运,竞争途径与转运,非标题相分离主题
10.1016/j.psj.2025.105975,"Combining chicory root pulp with yeast selenium: a novel strategy for improving egg quality, enhancing immune function, and promoting gut health in laying hens",酵母,其他研究对象,未标注,8,,,非标题相分离主题
10.1016/j.psj.2026.106922,Pathogenic mechanism of Eimeria tenella EtMIC2 promotes Eimeria tenella invasion and inhibits host cell apoptosis through binding to the ITGAV receptor,其他宿主,未标注,未标注,2,,,非标题相分离主题
10.1016/j.sajb.2015.03.194,"Phytochemical analysis and antioxidant activity of different tissue types of Crocus sativus and oxidative stress alleviating potential of saffron extract in plants, bacteria, and yeast",酵母,黄酮类,多类别并列,4,,,非标题相分离主题
10.1016/j.sajb.2025.10.036,Effect of Devil's Claw and Moringa oleifera on cold-contact fermentation performance of Metschnikowia pulcherrima for low alcohol marula beer production,酵母,其他研究对象,发酵／反应器,5,,,非标题相分离主题
10.1016/j.sajb.2026.02.016,The effects of Polygonum capitatum in treating atopic dermatitis via modulation of the th2 cytokine pathway,植物,黄酮类,未标注,1,,,非标题相分离主题
10.1016/j.sajb.2026.05.011,Pre-fermentative treatment strategies for improving fermentation performance and quality attributes of red-fleshed dragon fruit wine,酵母,其他研究对象,发酵／反应器,2,发酵与过程优化,发酵与过程优化,非标题相分离主题
10.1016/j.scienta.2021.110137,Investigating the biocontrol potentiality of Wickerhamomyces anomalus against postharvest gray mold decay in cherry tomatoes,酵母,未标注,细胞／活体反应,1,,,非标题相分离主题
10.1016/j.scitotenv.2025.179595,"Effect of Streptomyces spp. metabolites and the combination of biochar and compost on Fusarium graminearum inhibition, triticale growth, and soil properties",细菌,未标注,未标注,4,,,非标题相分离主题
10.1016/j.scp.2026.102489,Tailoring CO2 fixation through glucose and acetone as co-substrates for mevalonate biosynthesis with high carbon atom economy,细菌,萜类／异戊二烯类,细胞／活体反应,6,表达与动态调控；发酵与过程优化,,非标题相分离主题
10.1016/j.smallrumres.2007.05.003,"Comparative effects of various dietary levels of Se as sodium selenite or Se yeast on blood, wool, and tissue Se concentrations of wether sheep",酵母,其他研究对象,细胞／活体反应,6,,,非标题相分离主题
10.1016/j.smallrumres.2025.107574,Effect of microbial feed additives on performance of Maghrebian she-camels under Egyptian conditions,酵母,未标注,细胞／活体反应,3,,,非标题相分离主题
10.1016/j.synbio.2017.08.001,Metabolic engineering for the microbial production of isoprenoids: Carotenoids and isoprenoid-based biofuels,细菌,萜类／异戊二烯类,发酵／反应器,20,代谢与通路工程；酶与蛋白工程；表达与动态调控；发酵与过程优化,代谢与通路工程,非标题相分离主题
10.1016/j.synbio.2017.12.005,Engineering metabolic pathways in Amycolatopsis japonicum for the optimization of the precursor supply for heterologous brasilicardin congeners production,酵母,萜类／异戊二烯类,细胞／活体反应,10,代谢与通路工程；前体与辅因子供给,前体与辅因子供给,非标题相分离主题
10.1016/j.synbio.2020.05.006,Application of serine integrases for secondary metabolite pathway assembly in Streptomyces,细菌,其他天然产物,细胞／活体反应,7,,,非标题相分离主题
10.1016/j.synbio.2020.06.005,Harnessing sub-organelle metabolism for biosynthesis of isoprenoids in yeast,酵母,萜类／异戊二烯类,细胞／活体反应,18,前体与辅因子供给；竞争途径与转运；发酵与过程优化,,非标题相分离主题
10.1016/j.synbio.2022.01.001,"Glycosyltransferases: Mining, engineering and applications in biosynthesis of glycosylated plant natural products",细菌,其他天然产物,细胞／活体反应,9,表达与动态调控,,非标题相分离主题
10.1016/j.synbio.2022.07.004,Production of (2S)-sakuranetin from (2S)-naringenin in Escherichia coli by strengthening methylation process and cell resistance,细菌,黄酮类,发酵／反应器,9,前体与辅因子供给；发酵与过程优化,,非标题相分离主题
10.1016/j.synbio.2025.05.007,Highly efficient synthesis of the natural product β-himachalene in yeast and its potential as a novel anti-HSV-1 therapeutic agent,酵母,其他天然产物,发酵／反应器,13,表达与动态调控；发酵与过程优化,,非标题相分离主题
10.1016/j.synbio.2025.12.008,Multi-gene Co-expression systems in E. coli: From single-vector designs to programmable expression platforms,细菌,其他研究对象,细胞／活体反应,3,表达与动态调控,,非标题相分离主题
10.1016/j.synbio.2026.01.001,Engineering Yarrowia lipolytica for high-level ergosterol production,酵母,萜类／异戊二烯类,细胞／活体反应,16,表达与动态调控；空间组织与区室化；发酵与过程优化,,非标题相分离主题
10.1016/j.synbio.2026.01.007,Advances in engineering and applications of synthetic phase-separated membraneless organelles in biotechnology,酵母,凝聚体相关体系,无细胞／分离酶,2,空间组织与区室化,空间组织与区室化,工程平台与方法
10.1016/j.synbio.2026.01.014,Metabolic engineering of endogenous MEP pathway for enhanced lycopene production in Escherichia coli,细菌,萜类／异戊二烯类,无细胞／分离酶,18,代谢与通路工程；空间组织与区室化,代谢与通路工程,非标题相分离主题
10.1016/j.synbio.2026.01.018,Construction of a globally modular recombinant Saccharomyces cerevisiae chassis for ginkgolide precursor levopimaradiene production,酵母,萜类／异戊二烯类,发酵／反应器,18,前体与辅因子供给；发酵与过程优化,,非标题相分离主题
10.1016/j.synbio.2026.01.019,De novo biosynthesis of eriocitrin in Saccharomyces cerevisiae through deep learning-guided enzyme screening and systematic metabolic engineering,酵母,黄酮类,细胞／活体反应,20,代谢与通路工程；前体与辅因子供给；表达与动态调控；资源与环境,代谢与通路工程,非标题相分离主题
10.1016/j.synbio.2026.01.033,Enzyme promiscuity-driven co-production of flavonoid 7-O-glycosides in engineered Saccharomyces cerevisiae,酵母,黄酮类,细胞／活体反应,14,代谢与通路工程；表达与动态调控,,非标题相分离主题
10.1016/j.synbio.2026.02.011,Structure-coevolution dual-guided engineering of C-glycosyltransferase enables high-level biosynthesis of vitexin in Yarrowia lipolytica,酵母,黄酮类,细胞／活体反应,6,代谢与通路工程；发酵与过程优化,,非标题相分离主题
10.1016/j.tjnut.2024.12.013,Regular Consumption of Black Tea Kombucha Modulates the Gut Microbiota in Individuals with and without Obesity,酵母,黄酮类,细胞／活体反应,2,,,非标题相分离主题
10.1016/j.toxrep.2024.101887,Biogenic nanoparticles as a promising drug delivery system,酵母,其他研究对象,无细胞／分离酶,4,,,非标题相分离主题
10.1016/j.ultsonch.2025.107319,"Ultrasonic replacement of natural aging: Potential strategies for improving the color, antioxidant activity, and volatile compound profile of astragalus mead",酵母,黄酮类,细胞／活体反应,4,,,非标题相分离主题
10.1016/j.watres.2023.120689,A simple and rapid method for detecting fecal pollution in urban rivers by measuring the intrinsic β-D-glucuronidase activity of Escherichia coli,细菌,未标注,细胞／活体反应,8,,,非标题相分离主题
10.1016/j.watres.2025.124109,Reduced Cytochrome c: Exploring Its Promoting Function in Synergistic Denitrification by Pseudomonas sp. JM-7 and Thiobacillus denitrificans,酵母,其他研究对象,细胞／活体反应,9,,,非标题相分离主题
10.1016/j.wmb.2025.100234,Valorization of postharvest waste from table grapes through the production of spirits and distillate by-products based on their antioxidant capacity,植物,未标注,未标注,51,,,非标题相分离主题
10.1016/j.xplc.2024.101225,Stress sensing and response through biomolecular condensates in plants,植物,凝聚体相关体系,体外测定,1,空间组织与区室化,空间组织与区室化,细胞机制与疾病
10.1016/j.xpro.2025.104303,Protocol for dissecting the aggregation-prone protein interactome with optogenetic-induced aggregation and biotin labeling proximity assay,无细胞体系,凝聚体相关体系,无细胞／分离酶,2,,,非标题相分离主题
10.1016/j.ymben.2005.08.005,Chromosomal promoter replacement of the isoprenoid pathway for enhancing carotenoid production in E-coli,细菌,萜类／异戊二烯类,细胞／活体反应,4,表达与动态调控,表达与动态调控,非标题相分离主题
10.1016/j.ymben.2008.03.001,Metabolic engineering of taxadiene biosynthesis in yeast as a first step towards Taxol (Paclitaxel) production,酵母,萜类／异戊二烯类,细胞／活体反应,17,代谢与通路工程,代谢与通路工程,非标题相分离主题
10.1016/j.ymben.2009.07.001,Enhancing sesquiterpene production in Saccharomyces cerevisiae through in silico driven metabolic engineering,酵母,萜类／异戊二烯类,未标注,11,代谢与通路工程,代谢与通路工程,非标题相分离主题
10.1016/j.ymben.2009.07.004,Metabolic engineering of the complete pathway leading to heterologous biosynthesis of various flavonoids and stilbenoids in Saccharomyces cerevisiae,酵母,黄酮类,细胞／活体反应,20,代谢与通路工程,代谢与通路工程,非标题相分离主题
10.1016/j.ymben.2010.09.002,Metabolic impact of the level of aeration during cell growth on anaerobic succinate production by an engineered Escherichia coli strain,细菌,其他研究对象,发酵／反应器,7,竞争途径与转运,,非标题相分离主题
10.1016/j.ymben.2011.02.002,Optimization of a heterologous pathway for the production of flavonoids from glucose,细菌,黄酮类,细胞／活体反应,7,,,非标题相分离主题
10.1016/j.ymben.2011.05.001,Harnessing yeast subcellular compartments for the production of plant terpenoids,酵母,萜类／异戊二烯类,未标注,3,代谢与通路工程,,非标题相分离主题
10.1016/j.ymben.2011.07.001,Optimization of a heterologous mevalonate pathway through the use of variant HMG-CoA reductases,细菌,萜类／异戊二烯类,细胞／活体反应,2,前体与辅因子供给,,非标题相分离主题
10.1016/j.ymben.2011.09.009,Identification of bottlenecks in Escherichia coli engineered for the production of CoQ 10,细菌,萜类／异戊二烯类,细胞／活体反应,1,,,非标题相分离主题
10.1016/j.ymben.2012.07.010,Carotenoid-based phenotypic screen of the yeast deletion collection reveals new genes with roles in isoprenoid production,酵母,萜类／异戊二烯类,发酵／反应器,11,,,非标题相分离主题
10.1016/j.ymben.2012.11.009,Metabolic engineering of Escherichia coli for (2 S )-pinocembrin production from glucose by a modular metabolic strategy,细菌,黄酮类,细胞／活体反应,4,代谢与通路工程；前体与辅因子供给,代谢与通路工程,非标题相分离主题
10.1016/j.ymben.2013.10.011,Novel biosensors based on flavonoid-responsive transcriptional regulators introduced into Escherichia coli,细菌,黄酮类,细胞／活体反应,5,代谢与通路工程,,非标题相分离主题
10.1016/j.ymben.2016.02.007,"Employing bacterial microcompartment technology to engineer a shell-free enzyme-aggregate for enhanced 1,2-propanediol production in Escherichia coli",细菌,其他研究对象,体外测定,3,,,非标题相分离主题
10.1016/j.ymben.2016.06.003,Construction of a Corynebacterium glutamicum platform strain for the production of stilbenes and (2 S )-flavanones,细菌,黄酮类,未标注,10,,,非标题相分离主题
10.1016/j.ymben.2016.07.002,Biological conversion of gaseous alkenes to liquid chemicals,细菌,其他研究对象,细胞／活体反应,3,,,非标题相分离主题
10.1016/j.ymben.2016.10.017,Engineering a functional 1-deoxy-D-xylulose 5-phosphate (DXP) pathway in Saccharomyces cerevisiae,酵母,萜类／异戊二烯类,细胞／活体反应,5,,,非标题相分离主题
10.1016/j.ymben.2016.10.019,"Metabolic engineering of Saccharomyces cerevisiae for de novo production of dihydrochalcones with known antioxidant, antidiabetic, and sweet tasting properties",酵母,黄酮类,细胞／活体反应,12,代谢与通路工程；表达与动态调控,代谢与通路工程,非标题相分离主题
10.1016/j.ymben.2018.04.004,"Production of trans -chrysanthemic acid, the monoterpene acid moiety of natural pyrethrin insecticides, in tomato fruit",其他宿主,其他研究对象,发酵／反应器,1,前体与辅因子供给；表达与动态调控,,非标题相分离主题
10.1016/j.ymben.2018.11.008,Production of plant-specific flavones baicalein and scutellarein in an engineered E-coli from available phenylalanine and tyrosine,细菌,其他研究对象,细胞／活体反应,4,前体与辅因子供给,,非标题相分离主题
10.1016/j.ymben.2019.07.002,High level production of flavonoid rhamnosides by metagenome-derived Glycosyltransferase C in Escherichia coli utilizing dextrins of starch as a single carbon source,细菌,黄酮类,细胞／活体反应,14,表达与动态调控；发酵与过程优化,,非标题相分离主题
10.1016/j.ymben.2019.07.007,Systematic engineering for high-yield production of viridiflorol and amorphadiene in auxotrophic Escherichia coli,细菌,萜类／异戊二烯类,细胞／活体反应,11,,,非标题相分离主题
10.1016/j.ymben.2019.08.001,Subcellular engineering of lipase dependent pathways directed towards lipid related organelles for highly effectively compartmentalized biosynthesis of triacylglycerol derived products in Yarrowia lipolytica,酵母,其他研究对象,细胞／活体反应,15,空间组织与区室化,空间组织与区室化,非标题相分离主题
10.1016/j.ymben.2019.12.004,Metabolic flux ratio analysis by parallel 13 C labeling of isoprenoid biosynthesis in Rhodobacter sphaeroides,细菌,萜类／异戊二烯类,细胞／活体反应,1,,,非标题相分离主题
10.1016/j.ymben.2020.03.006,Combining genetically-encoded biosensors with high throughput strain screening to maximize erythritol production in Yarrowia lipolytica,酵母,其他研究对象,发酵／反应器,7,代谢与通路工程,,非标题相分离主题
10.1016/j.ymben.2020.04.011,"Unlocking the biosynthesis of sesquiterpenoids from methane via the methylerythritol phosphate pathway in methanotrophic bacteria, using α-humulene as a model compound",其他宿主,其他研究对象,细胞／活体反应,2,,,非标题相分离主题
10.1016/j.ymben.2020.05.005,Coupling metabolic addiction with negative autoregulation to improve strain stability and pathway yield,酵母,黄酮类,细胞／活体反应,10,发酵与过程优化,,非标题相分离主题
10.1016/j.ymben.2020.07.010,Enhancing isoprenoid synthesis in Yarrowia lipolytica by expressing the isopentenol utilization pathway and modulating intracellular hydrophobicity,酵母,萜类／异戊二烯类,发酵／反应器,3,发酵与过程优化,,非标题相分离主题
10.1016/j.ymben.2021.02.002,Engineering Saccharomyces cerevisiae for isoprenol production,酵母,萜类／异戊二烯类,发酵／反应器,12,,,非标题相分离主题
10.1016/j.ymben.2021.11.002,Adaptive laboratory evolution for improved tolerance of isobutyl acetate in Escherichia coli,细菌,其他研究对象,未标注,19,,,非标题相分离主题
10.1016/j.ymben.2022.04.005,Suppressors of amyloid-β toxicity improve recombinant protein production in yeast by reducing oxidative stress and tuning cellular metabolism,酵母,异黄酮类,体外测定,4,,,非标题相分离主题
10.1016/j.ymben.2022.12.006,Riboswitch-guided chalcone synthase engineering and metabolic flux optimization for enhanced production of flavonoids,未标注,黄酮类,细胞／活体反应,4,代谢与通路工程；前体与辅因子供给,代谢与通路工程,非标题相分离主题
10.1016/j.ymben.2023.03.012,Metabolic flux enhancement from the translational fusion of terpene synthases is linked to terpene synthase accumulation,未标注,其他研究对象,细胞／活体反应,2,,,非标题相分离主题
10.1016/j.ymben.2025.01.009,Prenol production in a microbial host via the “Repass” Pathways,细菌,萜类／异戊二烯类,细胞／活体反应,8,,,非标题相分离主题
10.1016/j.ymben.2025.02.001,Metabolic division engineering of Escherichia coli consortia for de novo biosynthesis of flavonoids and flavonoid glycosides,细菌,多类别并列,细胞／活体反应,8,竞争途径与转运,,非标题相分离主题
10.1016/j.ymben.2025.03.008,Computer-assisted multilevel optimization of malonyl-CoA availability in Pseudomonas putida,细菌,异黄酮类,发酵／反应器,4,前体与辅因子供给；资源与环境,前体与辅因子供给,非标题相分离主题
10.1016/j.ymben.2025.09.005,Multi-layered transcriptional and post-translational fine-tuning of metabolic pathways for overproduction of L-valine,细菌,其他研究对象,细胞／活体反应,5,代谢与通路工程；空间组织与区室化；发酵与过程优化,,非标题相分离主题
10.1016/j.ymben.2025.11.015,Engineering amino acid-derived malonyl-CoA pathways to boost polyketide production in Yarrowia lipolytica,酵母,异黄酮类,未标注,4,前体与辅因子供给,前体与辅因子供给,非标题相分离主题
10.1016/j.ymben.2026.02.002,Harnessing the yeast nucleus for the efficient production of valuable monoterpenes,酵母,萜类／异戊二烯类,细胞／活体反应,4,,,非标题相分离主题
10.1016/j.ymben.2026.102502,De novo biosynthesis of the polymethoxylated flavones eupatilin and jaceosidin in Saccharomyces cerevisiae,酵母,黄酮类,细胞／活体反应,16,代谢与通路工程；前体与辅因子供给；发酵与过程优化,,非标题相分离主题
10.1016/j.yrtph.2017.05.003,Safety assessment of astaxanthin derived from engineered Escherichia coli K-12 using a 13-week repeated dose oral toxicity study and a prenatal developmental toxicity study in rats,细菌,萜类／异戊二烯类,细胞／活体反应,5,,,非标题相分离主题
10.1016/j.yrtph.2020.104781,"A 26-week toxicological study of Xuezhikang (XZK), red yeast rice extract, in Beagle dogs with a 4-week recovery period",酵母,其他天然产物,未标注,4,,,非标题相分离主题
10.1016/s0003-2697(03)00138-6,Detection of farnesyl diphosphate accumulation in yeast ERG9 mutants,酵母,萜类／异戊二烯类,无细胞／分离酶,4,,,非标题相分离主题
10.1016/s0006-2952(03)00148-5,Inflammation and inducible nitric oxide synthase have no effect on monoamine oxidase activity in glioma cells,细菌,未标注,未标注,3,,,非标题相分离主题
10.1016/s0009-2797(97)00078-1,Dissimilarity in aflatoxin dose-response relationships between DNA adduct formation and development of preneoplastic foci in rat liver,哺乳动物／细胞,凝聚体相关体系,未标注,2,,,非标题相分离主题
10.1016/s0014-5793(02)03583-4,Heterologous expression of dihydroflavonol 4-reductases from various plants,酵母,黄酮类,体外测定,18,,,非标题相分离主题
10.1016/s0014-5793(98)00781-9,Identification of a cytochrome P450 cDNA encoding (2S)-flavanone 2-hydroxylase of licorice ( Glycyrrhiza echinata L.; Fabaceae) which represents licodione synthase and flavone synthase II,酵母,黄酮类,未标注,2,,,非标题相分离主题
10.1016/s0014-5793(98)00866-7,"Molecular characterization and functional expression of dihydroxypterocarpan 6a-hydroxylase, an enzyme specific for pterocarpanoid phytoalexin biosynthesis in soybean ( Glycine max L.)",酵母,异黄酮类,体外测定,1,前体与辅因子供给,,非标题相分离主题
10.1016/s0014-5793(99)01506-9,Farnesol-induced generation of reactive oxygen species dependent on mitochondrial transmembrane potential hyperpolarization mediated by F 0 F 1 -ATPase in yeast,酵母,萜类／异戊二烯类,细胞／活体反应,1,,,非标题相分离主题
10.1016/s0031-9422(98)00266-0,Purification of 2-hydroxyisoflavanone dehydratase from the cell cultures of Pueraria lobata,植物,黄酮类,体外测定,2,,,非标题相分离主题
10.1016/s0092-8674(01)00523-2,GroEL/GroES-mediated folding of a protein too large to be encapsulated,酵母,其他研究对象,细胞／活体反应,1,,,非标题相分离主题
10.1016/s0162-0134(01)00367-1,Studies of cadmium binding to hexokinase:: structural and functional implications,酵母,其他研究对象,未标注,3,,,非标题相分离主题
10.1016/s0168-1656(97)00115-6,The fruits of molecular physiology: Engineering the L-isoleucine biosynthesis pathway in Corynebacterium glutamicum,细菌,其他研究对象,未标注,1,,,非标题相分离主题
10.1016/s0168-1656(97)00154-5,Metabolic engineering for the production of carotenoids in non-carotenogenic bacteria and yeasts,酵母,萜类／异戊二烯类,未标注,2,代谢与通路工程,代谢与通路工程,非标题相分离主题
10.1016/s0168-9452(02)00098-5,Molecular and biochemical characterization of torenia flavonoid 3′-hydroxylase and flavone synthase II and modification of flower color by modulating the expression of these genes,酵母,黄酮类,细胞／活体反应,3,,,非标题相分离主题
10.1016/s0176-1617(11)81810-9,2 RADISH GENES FOR 3-HYDROXY-3-METHYLGLUTARYL-COA REDUCTASE ISOZYMES COMPLEMENT MEVALONATE AUXOTROPHY IN A YEAST MUTANT AND YIELD MEMBRANE-BOUND ACTIVE ENZYME,酵母,其他研究对象,未标注,8,,,非标题相分离主题
10.1016/s0377-8401(96)01008-5,Effect of Saccharomyces cerevisiae or Aspergillus oryzae cultures and NDF level on parameters of ruminal fermentation,酵母,未标注,细胞／活体反应,2,,,非标题相分离主题
10.1016/s0960-9822(02)00891-6,"Vac14 controls PtdIns(3,5) P 2 synthesis and Fab1-dependent protein trafficking to the multivesicular body",酵母,其他研究对象,细胞／活体反应,1,,,非标题相分离主题
10.1016/s0965-1748(01)00134-5,A deleted portion of one of the two xanthine dehydrogenase genes causes translucent larval skin in the oq mutant of the silkworm ( Bombyx mori ),酵母,其他研究对象,未标注,1,,,非标题相分离主题
10.1016/s0965-1748(01)00176-x,"Acyl-CoA Z9-and Z10-desaturase genes from a New Zealand leafroller moth species, Planotortrix octo",酵母,其他研究对象,细胞／活体反应,15,,,非标题相分离主题
10.1016/s0965-1748(98)00019-8,Purification and characterization of NADH-dependent glutamate synthase from the silkworm fat body ( Bombyx mori ),酵母,其他研究对象,体外测定,1,前体与辅因子供给,前体与辅因子供给,非标题相分离主题
10.1038/ncomms1150,Integrated multilaboratory systems biology reveals differences in protein metabolism between two reference yeast strains,酵母,其他研究对象,细胞／活体反应,1,,,非标题相分离主题
10.1038/ncomms1327,A bacterial platform for fermentative production of plant alkaloids,植物,其他研究对象,细胞／活体反应,19,,,非标题相分离主题
10.1038/ncomms1766,The self-interaction of native TDP-43 C terminus inhibits its degradation and contributes to early proteinopathies,酵母,凝聚体相关体系,细胞／活体反应,2,,,非标题相分离主题
10.1038/ncomms3595,Programming adaptive control to evolve increased metabolite production,细菌,萜类／异戊二烯类,体外测定,16,表达与动态调控,,非标题相分离主题
10.1038/ncomms5347,Prion neuropathology follows the accumulation of alternate prion protein isoforms after infective titre has peaked,哺乳动物／细胞,未标注,体外测定,13,,,非标题相分离主题
10.1038/ncomms6339,Kinesin-14 and kinesin-5 antagonistically regulate microtubule nucleation by γ-TuRC in yeast and human cells,酵母,未标注,细胞／活体反应,2,酶与蛋白工程,,非标题相分离主题
10.1038/ncomms6576,Long non-coding RNA-mediated transcriptional interference of a permease gene confers drug tolerance in fission yeast,酵母,其他研究对象,无细胞／分离酶,2,,,非标题相分离主题
10.1038/ncomms7705,Molecular protein adaptor with genetically encoded interaction sites guiding the hierarchical assembly of plasmonically active nanoparticle architectures,无细胞体系,其他研究对象,体外测定,22,,,非标题相分离主题
10.1038/ncomms8929,Mto2 multisite phosphorylation inactivates non-spindle microtubule nucleation complexes during mitosis,酵母,凝聚体相关体系,细胞／活体反应,1,,,非标题相分离主题
10.1038/ncomms9065,Transcription errors induce proteotoxic stress and shorten cellular lifespan,酵母,未标注,细胞／活体反应,23,,,非标题相分离主题
10.1038/ncomms9445,PKA antagonizes CLASP-dependent microtubule stabilization to re-localize Pom1 and buffer cell size upon glucose limitation,酵母,未标注,细胞／活体反应,19,,,非标题相分离主题
10.1038/s41392-021-00638-9,Thermo-sensitive micelles extend therapeutic potential for febrile seizures,哺乳动物／细胞,其他研究对象,体外测定,14,,,非标题相分离主题
10.1038/s41396-018-0095-z,Impact of spatial organization on a novel auxotrophic interaction among soil microbes,多类别并列,未标注,发酵／反应器,8,,,非标题相分离主题
10.1038/s41396-022-01352-2,Impact of direct physical association and motility on fitness of a synthetic interkingdom microbial community,酵母,未标注,细胞／活体反应,1,,,非标题相分离主题
10.1038/s41398-022-01884-3,Genome-wide association analyses of symptom severity among clozapine-treated patients with schizophrenia spectrum disorders,哺乳动物／细胞,未标注,细胞／活体反应,80,,,非标题相分离主题
10.1038/s41398-022-02244-x,Nck1 activity in lateral amygdala regulates long-term fear memory formation,哺乳动物／细胞,未标注,细胞／活体反应,12,表达与动态调控,,非标题相分离主题
10.1038/s41431-020-0668-y,Diphthamide-deficiency syndrome: a novel human developmental disorder and ribosomopathy,酵母,未标注,细胞／活体反应,5,,,非标题相分离主题
10.1038/s41438-020-00385-y,A genome-wide association study uncovers a critical role of the RsPAP2 gene in red-skinned Raphanus sativus L.,植物,黄酮类,未标注,7,,,非标题相分离主题
10.1038/s41467-017-00632-2,P-body proteins regulate transcriptional rewiring to promote DNA replication stress resistance,酵母,未标注,未标注,2,,,非标题相分离主题
10.1038/s41467-017-01627-9,A mathematical model of the impact of insulin secretion dynamics on selective hepatic insulin resistance,哺乳动物／细胞,未标注,体外测定,13,,,非标题相分离主题
10.1038/s41467-017-02559-0,Controlling protein activity by dynamic recruitment on a supramolecular polymer platform,无细胞体系,其他研究对象,无细胞／分离酶,101,,,非标题相分离主题
10.1038/s41467-018-02883-z,Engineering yeast for the production of breviscapine by genomic analysis and synthetic biology approaches,酵母,黄酮类,未标注,20,,,非标题相分离主题
10.1038/s41467-018-03232-w,Diverse genetic error modes constrain large-scale bio-based production,细菌,萜类／异戊二烯类,发酵／反应器,16,,,非标题相分离主题
10.1038/s41467-018-03293-x,Industrial brewing yeast engineered for the production of primary flavor determinants in hopped beer,酵母,多类别并列,细胞／活体反应,2,代谢与通路工程,,非标题相分离主题
10.1038/s41467-018-03929-y,Phosphatase activity tunes two-component system sensor detection threshold,细菌,其他研究对象,细胞／活体反应,19,,,非标题相分离主题
10.1038/s41467-018-07176-z,Human adipose glycerol flux is regulated by a pH gate in AQP10,哺乳动物／细胞,其他研究对象,体外测定,32,,,非标题相分离主题
10.1038/s41467-018-08180-z,A viral expression factor behaves as a prion,酵母,凝聚体相关体系,细胞／活体反应,1,,,非标题相分离主题
10.1038/s41467-019-09848-w,Synthetic biology strategies for microbial biosynthesis of plant natural products,酵母,其他天然产物,无细胞／分离酶,16,,,非标题相分离主题
10.1038/s41467-019-11290-x,Orthogonal monoterpenoid biosynthesis in yeast constructed on an isomeric substrate,酵母,萜类／异戊二烯类,细胞／活体反应,154,前体与辅因子供给,,非标题相分离主题
10.1038/s41467-019-11550-w,The prion-like protein kinase Sky1 is required for efficient stress granule disassembly,酵母,凝聚体相关体系,细胞／活体反应,1,空间组织与区室化,,非标题相分离主题
10.1038/s41467-019-11671-2,Cytoplasmic DAXX drives SQSTM1/p62 phase condensation to activate Nrf2-mediated stress response,细菌,凝聚体相关体系,无细胞／分离酶,1,空间组织与区室化,,非标题相分离主题
10.1038/s41467-019-12073-0,GSTA4 mediates reduction of cisplatin ototoxicity in female mice,哺乳动物／细胞,未标注,细胞／活体反应,2,,,非标题相分离主题
10.1038/s41467-019-12101-z,The mutational landscape of a prion-like domain,未标注,凝聚体相关体系,未标注,6,,,非标题相分离主题
10.1038/s41467-019-14201-2,A spontaneous mitonuclear epistasis converging on Rieske Fe-S protein exacerbates complex III deficiency in mice,哺乳动物／细胞,未标注,体外测定,36,,,非标题相分离主题
10.1038/s41467-020-14546-z,DNA repair by Rad52 liquid droplets,酵母,凝聚体相关体系,细胞／活体反应,52,,,非标题相分离主题
10.1038/s41467-020-15664-4,Synthetic biology based construction of biological activity-related library of fungal decalin-containing diterpenoid pyrones,其他宿主,萜类／异戊二烯类,未标注,2,,,非标题相分离主题
10.1038/s41467-020-16280-y,Conserved protein Pir2ARS2 mediates gene repression through cryptic introns in lncRNAs,酵母,未标注,未标注,58,,,非标题相分离主题
10.1038/s41467-020-17037-3,Focus on the spectra that matter by clustering of quantification data in shotgun proteomics,酵母,未标注,未标注,218,,,非标题相分离主题
10.1038/s41467-020-17642-2,Discovery of the cryptic function of terpene cyclases as aromatic prenyltransferases,细菌,其他研究对象,无细胞／分离酶,1,,,非标题相分离主题
10.1038/s41467-020-18462-0,Chemical entrapment and killing of insects by bacteria,细菌,其他天然产物,多类别并列,8,,,非标题相分离主题
10.1038/s41467-020-19104-1,ATP hydrolysis by yeast Hsp104 determines protein aggregate dissolution and size in vivo,酵母,凝聚体相关体系,细胞／活体反应,143,空间组织与区室化,,非标题相分离主题
10.1038/s41467-020-19375-8,"NeoR, a near-infrared absorbing rhodopsin",哺乳动物／细胞,其他研究对象,体外测定,74,,,非标题相分离主题
10.1038/s41467-020-19529-8,A computational method for detection of ligand-binding proteins from dose range thermal proteome profiles,哺乳动物／细胞,其他研究对象,细胞／活体反应,27,,,非标题相分离主题
10.1038/s41467-020-19783-w,The Hsp70-Hsp90 co-chaperone Hop/Stip1 shifts the proteostatic balance from folding towards degradation,哺乳动物／细胞,其他研究对象,无细胞／分离酶,33,,,非标题相分离主题
10.1038/s41467-020-20132-0,Condensation of Rubisco into a proto-pyrenoid in higher plant chloroplasts,植物,凝聚体相关体系,细胞／活体反应,1,空间组织与区室化,,非标题相分离主题
10.1038/s41467-020-20543-z,Transcription shapes genome-wide histone acetylation patterns,酵母,未标注,细胞／活体反应,2,,,非标题相分离主题
10.1038/s41467-021-22022-5,A computational workflow for the expansion of heterologous biosynthetic pathways to natural product derivatives,酵母,其他天然产物,细胞／活体反应,4,,,非标题相分离主题
10.1038/s41467-021-25308-w,Phylogenomics of a new fungal phylum reveals multiple waves of reductive evolution across Holomycota,酵母,未标注,未标注,186,,,非标题相分离主题
10.1038/s41467-021-26624-x,Crosstalk between CST and RPA regulates RAD51 activity during replication stress,无细胞体系,未标注,体外测定,12,空间组织与区室化,,非标题相分离主题
10.1038/s41467-021-26932-2,"DHX15-independent roles for TFIP11 in U6 snRNA modification, U4/U6.U5 tri-snRNP assembly and pre-mRNA splicing fidelity",哺乳动物／细胞,未标注,未标注,3,,,非标题相分离主题
10.1038/s41467-021-27184-w,Design of a methotrexate-controlled chemical dimerization system and its use in bio-electronic devices,其他宿主,其他研究对象,体外测定,65,,,非标题相分离主题
10.1038/s41467-022-28985-3,The methyl phosphate capping enzyme Bmc1/Bin3 is a stable component of the fission yeast telomerase holoenzyme,酵母,其他研究对象,未标注,16,,,非标题相分离主题
10.1038/s41467-022-30590-3,Hydrophobic-cationic peptides modulate RNA polymerase ribozyme activity by accretion,无细胞体系,其他研究对象,无细胞／分离酶,1,,,非标题相分离主题
10.1038/s41467-022-31282-8,Lsm7 phase-separated condensates trigger stress granule formation,酵母,凝聚体相关体系,体外测定,1,空间组织与区室化,空间组织与区室化,细胞机制与疾病
10.1038/s41467-022-31357-6,"A GPCR-based yeast biosensor for biomedical, biotechnological, and point-of-use cannabinoid determination",酵母,其他天然产物,细胞／活体反应,14,,,非标题相分离主题
10.1038/s41467-022-31787-2,α-Synuclein fibril-specific nanobody reduces prion-like α-synuclein spreading in mice,哺乳动物／细胞,未标注,体外测定,31,,,非标题相分离主题
10.1038/s41467-022-33679-x,"In vitro assembly, positioning and contraction of a division ring in minimal cells",无细胞体系,其他研究对象,体外测定,3,,,非标题相分离主题
10.1038/s41467-022-35729-w,Systematic review and individual-patient-data meta-analysis of non-invasive fibrosis markers for chronic hepatitis B in Africa,哺乳动物／细胞,其他研究对象,未标注,107,,,非标题相分离主题
10.1038/s41467-023-36894-2,Transgenic NADH dehydrogenase restores oxygen regulation of breathing in mitochondrial complex I-deficient mice,哺乳动物／细胞,未标注,未标注,11,前体与辅因子供给,前体与辅因子供给,非标题相分离主题
10.1038/s41467-023-39642-8,Immunoproteasome-specific subunit PSMB9 induction is required to regulate cellular proteostasis upon mitochondrial dysfunction,哺乳动物／细胞,未标注,无细胞／分离酶,1,,,非标题相分离主题
10.1038/s41467-023-42877-0,Deciphering triterpenoid saponin biosynthesis by leveraging transcriptome response to methyl jasmonate elicitation in Saponaria vaccaria,植物,萜类／异戊二烯类,体外测定,188,前体与辅因子供给；表达与动态调控；竞争途径与转运,,非标题相分离主题
10.1038/s41467-023-43550-2,Early-adult methionine restriction reduces methionine sulfoxide and extends lifespan in Drosophila,其他宿主,其他研究对象,体外测定,116,,,非标题相分离主题
10.1038/s41467-023-44654-5,De novo biosynthesis of the hops bioactive flavonoid xanthohumol in yeast,酵母,黄酮类,细胞／活体反应,6,前体与辅因子供给,,非标题相分离主题
10.1038/s41467-024-47163-1,Hydrophobic mismatch drives self-organization of designer proteins into synthetic membranes,无细胞体系,凝聚体相关体系,无细胞／分离酶,84,空间组织与区室化,,非标题相分离主题
10.1038/s41467-024-49023-4,Nucleosomal DNA has topological memory,酵母,未标注,未标注,13,,,非标题相分离主题
10.1038/s41467-024-51218-8,Polyphenol-stabilized coacervates for enzyme-triggered drug delivery,未标注,凝聚体相关体系,无细胞／分离酶,1,,,递送与仿生材料
10.1038/s41467-024-52326-1,SHANK3 depletion leads to ERK signalling overdose and cell death in KRAS-mutant cancers,哺乳动物／细胞,未标注,未标注,13,,,非标题相分离主题
10.1038/s41467-024-53657-9,Protective effect of TCR-mediated MAIT cell activation during experimental autoimmune encephalomyelitis,未标注,未标注,未标注,4,,,非标题相分离主题
10.1038/s41467-024-54797-8,Multi-biome analysis identifies distinct gut microbial signatures and their crosstalk in ulcerative colitis and Crohn’s disease,哺乳动物／细胞,未标注,未标注,312,,,非标题相分离主题
10.1038/s41467-025-56278-y,Engineered CRISPR-Cas9 for Streptomyces sp. genome editing to improve specialized metabolite production,细菌,其他天然产物,细胞／活体反应,4,,,非标题相分离主题
10.1038/s41467-025-57494-2,Systematic biotechnological production of isoprenoid analogs with bespoke carbon skeletons,酵母,萜类／异戊二烯类,细胞／活体反应,3,,,非标题相分离主题
10.1038/s41467-025-59774-3,Elucidation of the biosynthetic pathway of hydroxysafflor yellow A,细菌,其他天然产物,体外测定,53,前体与辅因子供给,,非标题相分离主题
10.1038/s41467-025-60645-0,Rim4-seeded stress granules connect temperature sensing to meiotic regulation,酵母,凝聚体相关体系,细胞／活体反应,1,,,非标题相分离主题
10.1038/s41467-025-60708-2,Evolution of linear triterpenoid biosynthesis within the Euphorbia genus,酵母,萜类／异戊二烯类,细胞／活体反应,3,,,非标题相分离主题
10.1038/s41467-025-62377-7,Arp2/3 and type-I myosins control chromosome mobility and end-resection at double-strand breaks in S. cerevisiae,酵母,未标注,细胞／活体反应,23,,,非标题相分离主题
10.1038/s41467-025-63956-4,Apoptotic bodies in phytoplankton suggest evolutionary conservation of cell death mechanisms,植物,其他天然产物,未标注,9,,,非标题相分离主题
10.1038/s41467-025-65178-0,Multiplex neurodegeneration proteotoxicity platform reveals DNAJB6 promotes non-toxic FUS condensate gelation and inhibits neurotoxicity,酵母,凝聚体相关体系,未标注,5,空间组织与区室化,,细胞机制与疾病
10.1038/s41467-025-65299-6,Multi-omics analyses reveal regulatory networks underpinning metabolite biosynthesis in Nicotiana tabacum,植物,未标注,未标注,82,,,非标题相分离主题
10.1038/s41467-025-65444-1,Engineering yeast peroxisome assembly enables the increased production of acetyl-CoA and its derived 5-deoxyflavonoids,酵母,黄酮类,发酵／反应器,5,,,非标题相分离主题
10.1038/s41467-025-65566-6,The H3K27me3 reader UAD-2 recruits a TAF-12-containing transcription machinery to initiate piRNA expression within heterochromatic clusters,其他宿主,凝聚体相关体系,细胞／活体反应,69,,,非标题相分离主题
10.1038/s41467-025-65645-8,The luminal domain region of Seipin/Fld1 is dispensable for establishing functional ER sites for lipid droplet biogenesis,酵母,凝聚体相关体系,细胞／活体反应,74,空间组织与区室化,,非标题相分离主题
10.1038/s41467-025-66135-7,Learning from nature: phytochemical strategies to protect against UV-B damage,植物,其他研究对象,体外测定,1,,,非标题相分离主题
10.1038/s41467-025-67204-7,Mechanosensor-mediated Hsp70 phosphorylation orchestrates the landscape of the heat shock response,酵母,凝聚体相关体系,细胞／活体反应,25,,,非标题相分离主题
10.1038/s41467-025-67411-2,Reconstituting transcription–translation-coupled DNA replication within complex in vitro biological systems,无细胞体系,其他研究对象,无细胞／分离酶,11,,,非标题相分离主题
10.1038/s41467-026-69336-w,Expression of nano-engineered RNA organelles in bacteria,细菌,凝聚体相关体系,发酵／反应器,1,空间组织与区室化,,非标题相分离主题
10.1038/s41467-026-70276-8,An H3K14ub-H3K9me3 feedback circuit governs heterochromatin spreading and inheritance in fission yeast,酵母,未标注,体外测定,2,,,非标题相分离主题
10.1038/s41467-026-71593-8,Protein coacervation-driven active forces power protocell dynamics,未标注,凝聚体相关体系,体外测定,1,空间组织与区室化,,递送与仿生材料
10.1038/s41467-026-71934-7,High-resolution cryo-EM structures of small protein–ligand complexes near the theoretical size limit,未标注,未标注,未标注,6,,,非标题相分离主题
10.1038/s41467-026-73804-8,Proteome-wide quantification of inositol pyrophosphate-protein interactions,哺乳动物／细胞,凝聚体相关体系,未标注,30,表达与动态调控,,非标题相分离主题
10.1038/s41540-024-00382-0,Integrated omics of Saccharomyces cerevisiae CENPK2-1C reveals pleiotropic drug resistance and lipidomic adaptations to cannabidiol,酵母,其他天然产物,发酵／反应器,3,,,非标题相分离主题
10.1038/s41556-022-01035-2,Multivalency ensures persistence of a +TIP body at specialized microtubule ends,酵母,凝聚体相关体系,体外测定,3,空间组织与区室化,,非标题相分离主题
10.1038/s41556-024-01468-x,Spermidine is essential for fasting-mediated autophagy and longevity,酵母,其他研究对象,细胞／活体反应,3,,,非标题相分离主题
10.1038/s41556-024-01572-y,Phase separation of initiation hubs on cargo is a trigger switch for selective autophagy,酵母,凝聚体相关体系,细胞／活体反应,1,空间组织与区室化,空间组织与区室化,细胞机制与疾病
10.1038/s41586-024-07990-0,Biomolecular condensates mediate bending and scission of endosome membranes,植物,凝聚体相关体系,细胞／活体反应,14,空间组织与区室化,空间组织与区室化,细胞机制与疾病
10.1038/s41586-025-08601-2,Reconstitution of SPO11-dependent double-strand break formation,无细胞体系,其他研究对象,体外测定,12,,,非标题相分离主题
10.1038/s41586-026-10259-3,Synthetic circuits for cell ratio control,酵母,其他研究对象,细胞／活体反应,81,,,非标题相分离主题
10.1038/s41589-023-01430-2,Biosynthesis of natural and halogenated plant monoterpene indole alkaloids in yeast,酵母,其他天然产物,细胞／活体反应,208,,,非标题相分离主题
10.1038/s41590-025-02377-3,SIRT2-mediated deacetylation of LCK governs the magnitude of T cell receptor signaling,哺乳动物／细胞,其他研究对象,体外测定,8,,,非标题相分离主题
10.1038/s41598-017-05829-5,Heterologous prion-forming proteins interact to cross-seed aggregation in Saccharomyces cerevisiae,酵母,其他研究对象,无细胞／分离酶,3,,,非标题相分离主题
10.1038/s41598-017-06367-w,Improvement in the production of the human recombinant enzyme N-acetylgalactosamine-6-sulfatase (rhGALNS) in Escherichia coli using synthetic biology approaches,细菌,其他研究对象,细胞／活体反应,5,表达与动态调控,,非标题相分离主题
10.1038/s41598-017-09592-5,Overcoming the plasticity of plant specialized metabolism for selective diterpene production in yeast,酵母,其他研究对象,细胞／活体反应,8,表达与动态调控,,非标题相分离主题
10.1038/s41598-017-11102-6,Differential effects of soluble and aggregating polyQ proteins on cytotoxicity and type-1 myosin-dependent endocytosis in yeast,酵母,未标注,细胞／活体反应,6,表达与动态调控,,非标题相分离主题
10.1038/s41598-017-12174-0,Enabling stop codon read-through translation in bacteria as a probe for amyloid aggregation,细菌,芪类,细胞／活体反应,14,,,非标题相分离主题
10.1038/s41598-017-13814-1,The polyglutamine protein ataxin-3 enables normal growth under heat shock conditions in the methylotrophic yeast Pichia pastoris,酵母,其他研究对象,体外测定,6,,,非标题相分离主题
10.1038/s41598-017-15005-4,Engineering Saccharomyces cerevisiae for geranylgeraniol overproduction by combinatorial design,酵母,其他研究对象,发酵／反应器,6,代谢与通路工程；表达与动态调控；发酵与过程优化,,非标题相分离主题
10.1038/s41598-017-17153-z,HMG-CoA reductase from Camphor Tulsi ( Ocimum kilimandscharicum ) regulated MVA dependent biosynthesis of diverse terpenoids in homologous and heterologous plant systems,细菌,萜类／异戊二烯类,无细胞／分离酶,1,,,非标题相分离主题
10.1038/s41598-017-17773-5,Investigation of the effects of the CFTR potentiator ivacaftor on human P-glycoprotein (ABCB1),哺乳动物／细胞,其他研究对象,体外测定,10,,,非标题相分离主题
10.1038/s41598-017-17831-y,Metabolic engineering of the pentose phosphate pathway for enhanced limonene production in the cyanobacterium Synechocystis sp PCC 6803,蓝细菌,萜类／异戊二烯类,细胞／活体反应,50,代谢与通路工程；表达与动态调控,代谢与通路工程,非标题相分离主题
10.1038/s41598-017-17895-w,Conditions and Regulation of Mixed Culture to Promote &ITShiraia bambusicola&IT and &ITPhoma&IT sp BZJ6 for Laccase Production,其他宿主,其他研究对象,细胞／活体反应,1,,,非标题相分离主题
10.1038/s41598-017-18977-5,Large-scale aggregation analysis of eukaryotic proteins reveals an involvement of intrinsically disordered regions in protein folding,无细胞体系,其他研究对象,无细胞／分离酶,1,,,非标题相分离主题
10.1038/s41598-018-26741-6,"Effect of distillery yeast sludge on growth performance, nutrient digestibility and slaughter parameters in Japanese quails",酵母,其他研究对象,发酵／反应器,85,,,非标题相分离主题
10.1038/s41598-018-30805-y,Analysis of eIF2B bodies and their relationships with stress granules and P-bodies,酵母,凝聚体相关体系,细胞／活体反应,1,,,非标题相分离主题
10.1038/s41598-018-33742-y,Redirecting Primary Metabolism to Boost Production of Tyrosine-Derived Specialised Metabolites in Planta,植物,其他天然产物,细胞／活体反应,48,,,非标题相分离主题
10.1038/s41598-019-40112-9,Signalling through the yeast MAPK Cell Wall Integrity pathway controls P-body assembly upon cell wall stress,酵母,凝聚体相关体系,细胞／活体反应,6,,,非标题相分离主题
10.1038/s41598-019-42164-3,Proteomic analysis reveals novel insights into tanshinones biosynthesis in Salvia miltiorrhiza hairy roots,植物,萜类／异戊二烯类,未标注,2,,,非标题相分离主题
10.1038/s41598-019-43014-y,Vitamin K2 cannot substitute Coenzyme Q 10 as electron carrier in the mitochondrial respiratory chain of mammalian cells,哺乳动物／细胞,萜类／异戊二烯类,无细胞／分离酶,35,,,非标题相分离主题
10.1038/s41598-019-46438-8,Generating kinetic environments to study dynamic cellular processes in single cells,酵母,未标注,细胞／活体反应,61,,,非标题相分离主题
10.1038/s41598-019-49004-4,"Effects of T-2 toxin on digestive enzyme activity, intestinal histopathology and growth in shrimp Litopenaeus vannamei",酵母,其他研究对象,未标注,1,,,非标题相分离主题
10.1038/s41598-019-49594-z,The coral Platygyra verweyi exhibits local adaptation to long-term thermal stress through host-specific physiological and enzymatic response,其他宿主,其他研究对象,无细胞／分离酶,1,前体与辅因子供给,,非标题相分离主题
10.1038/s41598-019-52484-z,Development of an improved and accessible diet for western corn rootworm larvae using response surface modeling,酵母,其他研究对象,未标注,72,,,非标题相分离主题
10.1038/s41598-019-54448-9,Life-span extension by pigmented rice bran in the model yeast Saccharomyces cerevisiae,酵母,黄酮类,体外测定,21,,,非标题相分离主题
10.1038/s41598-020-70211-x,Comparable antibacterial effects and action mechanisms of silver and iron oxide nanoparticles on Escherichia coli and Salmonella typhimurium,细菌,未标注,发酵／反应器,3,,,非标题相分离主题
10.1038/s41598-020-75126-1,Tagging the proteasome active site β5 causes tag specific phenotypes in yeast,酵母,其他研究对象,体外测定,10,,,非标题相分离主题
10.1038/s41598-020-75467-x,Amalgamation of 3D structure and sequence information for protein–protein interaction prediction,酵母,未标注,细胞／活体反应,9,,,非标题相分离主题
10.1038/s41598-021-00271-0,Sake yeast induces the sleep-promoting effects under the stress-induced acute insomnia in mice,酵母,其他研究对象,未标注,1,,,非标题相分离主题
10.1038/s41598-021-02022-7,Evaluation and selection of potent fluorescent immunosensors by combining fluorescent peptide and nanobodies displayed on yeast surface,酵母,未标注,体外测定,10,,,非标题相分离主题
10.1038/s41598-021-02300-4,Alteration of acute toxicity of inorganic and methyl mercury to Daphnia magna by dietary addition,其他宿主,其他研究对象,细胞／活体反应,48,,,非标题相分离主题
10.1038/s41598-021-03704-y,Overexpression of chalcone isomerase A gene in Astragalus trigonus for stimulating apigenin,植物,黄酮类,细胞／活体反应,90,表达与动态调控,表达与动态调控,非标题相分离主题
10.1038/s41598-021-03968-4,Abnormal whole-body energy metabolism in iron-deficient humans despite preserved skeletal muscle oxidative phosphorylation,哺乳动物／细胞,其他研究对象,细胞／活体反应,30,,,非标题相分离主题
10.1038/s41598-021-85170-0,Stable isotope and chemical inhibition analyses suggested the existence of a non-mevalonate-like pathway in the yeast Yarrowia lipolytica,酵母,萜类／异戊二烯类,未标注,3,,,非标题相分离主题
10.1038/s41598-021-86671-8,Toward the discovery of biological functions associated with the mechanosensor Mtl1p of Saccharomyces cerevisiae via integrative multi-OMICs analysis,酵母,其他研究对象,无细胞／分离酶,1,,,非标题相分离主题
10.1038/s41598-021-92249-1,Comparison of endogenously expressed fluorescent protein fusions behaviour for protein quality control and cellular ageing research,酵母,未标注,体外测定,13,,,非标题相分离主题
10.1038/s41598-021-97109-6,"Antioxidant and antibacterial insights into the leaves, leaf tea and medicinal roots from Astragalus membranaceus (Fisch.) Bge.",植物,黄酮类,体外测定,25,,,非标题相分离主题
10.1038/s41598-022-11556-3,First purified recombinant CYP75B including transmembrane helix with unexpected high substrate specificity to (2 R )-naringenin,酵母,黄酮类,无细胞／分离酶,43,前体与辅因子供给,,非标题相分离主题
10.1038/s41598-022-14453-x,A colorimetric method to measure in vitro nitrogenase functionality for engineering nitrogen fixation,酵母,其他研究对象,体外测定,11,,,非标题相分离主题
10.1038/s41598-022-20471-6,Feed utilization efficiency and ruminal metabolites in beef cattle fed with cassava pulp fermented yeast waste replacement soybean meal,酵母,其他研究对象,体外测定,16,,,非标题相分离主题
10.1038/s41598-022-26843-2,Multi-omics network model reveals key genes associated with p-coumaric acid stress response in an industrial yeast strain,酵母,未标注,细胞／活体反应,2,,,非标题相分离主题
10.1038/s41598-023-45125-z,The increase in cell death rates in caloric restricted cells of the yeast helicase mutant rrm3 is Sir complex dependent,酵母,未标注,细胞／活体反应,8,,,非标题相分离主题
10.1038/s41598-024-57301-w,Composition and antimicrobial activity of Rosmarinus officinalis L. and Artemisia monosperma L. leaf essential oils and methanolic extracts from plants grown in normal and saline habitats in Egypt,植物,萜类／异戊二烯类,细胞／活体反应,27,,,非标题相分离主题
10.1038/s41598-024-60630-5,Exploring the specialized metabolome of the plant pathogen Streptomyces sp. 11-1-2,细菌,异黄酮类,体外测定,4,,,非标题相分离主题
10.1038/s41598-024-61402-x,Effects of replacement soybean meal with fermented cassava pulp by Saccharomyces cerevisiae in DIETS on Rumen fermentation in growing goats,酵母,未标注,发酵／反应器,1,,,非标题相分离主题
10.1038/s41598-024-62589-9,"Effects of dietary fermented Saccharomyces cerevisiae extract (Hilyses) supplementation on growth, hematology, immunity, antioxidants, and intestinal health in Nile tilapia",酵母,未标注,未标注,5,,,非标题相分离主题
10.1038/s41598-024-65150-w,High-throughput screening of non-conventional yeasts for conversion of organic waste to microbial oils via carboxylate platform,酵母,其他研究对象,细胞／活体反应,168,,,非标题相分离主题
10.1038/s41598-024-67358-2,Microbial and physicochemical changes in green bell peppers treated with ultrasonic-assisted washing in combination with Thymus vulgaris essential oil nanocapsules,细菌,凝聚体相关体系,体外测定,2,,,非标题相分离主题
10.1038/s41598-024-77382-x,Uncovering novel polyhydroxyalkanoate biosynthesis genes and unique pathway in yeast hanseniaspora valbyensis for sustainable bioplastic production,酵母,其他研究对象,发酵／反应器,76,资源与环境,资源与环境,非标题相分离主题
10.1038/s41598-025-02429-6,Oxidative stress biomarkers for assessing the synergistic toxicity of emamectin benzoate and cyantraniliprole on liver function,哺乳动物／细胞,未标注,体外测定,17,,,非标题相分离主题
10.1038/s41598-025-06013-w,Foliar application of yeast extract mitigates water deficit stress and elicits hypericin and phenolic production in Hypericum perforatum L,酵母,其他天然产物,体外测定,6,,,非标题相分离主题
10.1038/s41598-025-09556-0,Impacts of dietary Saccharomyces cerevisiae fermentation derived postbiotic on growth performance and health status of Pacific white shrimp,酵母,未标注,发酵／反应器,8,,,非标题相分离主题
10.1038/s41598-025-19585-4,Maintaining nitrogen balance under salt stress through enhanced nodule function and antioxidative defense in chickpea,植物,其他研究对象,未标注,2,,,非标题相分离主题
10.1038/s41598-025-21547-9,Stage-specific responses of Spergularia marina to salinity reveal strategies of tolerance and restoration potential,植物,萜类／异戊二烯类,未标注,45,,,非标题相分离主题
10.1038/s41598-025-22944-w,"The effect of probiotic baker’s yeast on egg quality, tibia characteristics, and hepatic lipid peroxidation in laying hens",酵母,未标注,体外测定,2,,,非标题相分离主题
10.1038/s41598-025-26842-z,"Effect of mixed fermentation of Saccharomyces cerevisiae, Lactobacillus helveticus, Lactobacillus delbrueckii subsp. bulgaricus on physicochemical and flavor characteristics of pumpkin juice",酵母,萜类／异戊二烯类,发酵／反应器,30,,,非标题相分离主题
10.1038/s41598-025-29352-0,Isolation of high yield polyhydroxyalkanoate producing bacteria from contaminated soils and biopolymer characterization,酵母,其他研究对象,细胞／活体反应,4,,,非标题相分离主题
10.1038/s41598-025-88613-0,"Physicochemical parameters, microbiological quality, and antibacterial activity of honey from the Bucovina region of Romania",细菌,其他天然产物,多类别并列,12,,,非标题相分离主题
10.1038/s41598-026-37533-8,"Nutritional and phytochemical properties of Pakhoi a traditional fermented beverage from Uttarakhand, India",细菌,黄酮类,发酵／反应器,72,,,非标题相分离主题
10.1038/s41598-026-41835-2,"Optimization of sporulation of Trametes sanguinea ZHSJ and untargeted metabolomics of spores, mycelium and fruiting body",酵母,其他天然产物,细胞／活体反应,4,,,非标题相分离主题
10.1038/s41598-026-48486-3,Essential oil and extract of clevenger’s waste of hymenocrater calycinus (boiss.) benth. as a non-toxicity option for cutaneous burns according to traditional use,植物,其他研究对象,未标注,10,,,非标题相分离主题
10.1038/s41598-026-50863-x,Experimental assessment of radioprotective efficiency of Rhizoplaca chrysoleuca (Sm.) Zopf extract against uranyl nitrate hexahydrate,植物,黄酮类,体外测定,90,,,非标题相分离主题
10.1038/s41598-026-58497-9,Agronomic evaluation of microalgal extracts as seed bio stimulants for improving germination and early growth of common bean,植物,其他研究对象,未标注,30,表达与动态调控；资源与环境,,非标题相分离主题
10.1038/s41598-026-58905-0,Physiological and histopathological responses of Pangasianodon hypophthalmus to ammonia exposure at varying thermal regimes,其他宿主,其他研究对象,细胞／活体反应,57,,,非标题相分离主题
10.1038/s41698-023-00449-x,ALK fusions in the pan-cancer setting: another tumor-agnostic target?,哺乳动物／细胞,未标注,无细胞／分离酶,18,,,非标题相分离主题
10.1038/s42003-019-0428-0,Sumoylation regulates the stability and nuclease activity of Saccharomyces cerevisiae Dna2,酵母,其他研究对象,体外测定,1,,,非标题相分离主题
10.1038/s42003-019-0630-0,Isolation of Artemisia capillaris membrane-bound di-prenyltransferase for phenylpropanoids and redesign of artepillin C in yeast,酵母,苯丙素类,体外测定,60,,,非标题相分离主题
10.1038/s42003-020-01481-4,Identification of MLH2/hPMS1 dominant mutations that prevent DNA mismatch repair function,酵母,凝聚体相关体系,细胞／活体反应,2,,,非标题相分离主题
10.1038/s42003-021-01930-8,MED15 prion-like domain forms a coiled-coil responsible for its amyloid conversion and propagation,细菌,凝聚体相关体系,无细胞／分离酶,1,,,非标题相分离主题
10.1038/srep11128,Metabolic engineering for the high-yield production of isoprenoid-based C 5 alcohols in E-coli,细菌,其他研究对象,细胞／活体反应,3,代谢与通路工程,代谢与通路工程,非标题相分离主题
10.1038/srep11948,"Isolation, characterization and antifungal docking studies of wortmannin isolated from Penicillium radicum",其他宿主,其他研究对象,细胞／活体反应,22,,,非标题相分离主题
10.1038/srep12771,TRPA1 mediates the hypothermic action of acetaminophen,酵母,未标注,细胞／活体反应,5,,,非标题相分离主题
10.1038/srep14563,Reporter pathway analysis from transcriptome data: Metabolite-centric versus Reaction-centric approach,酵母,未标注,细胞／活体反应,10,前体与辅因子供给,,非标题相分离主题
10.1038/srep19512,Evolved hexose transporter enhances xylose uptake and glucose/xylose co-utilization in Saccharomyces cerevisiae,酵母,未标注,细胞／活体反应,7,竞争途径与转运,竞争途径与转运,非标题相分离主题
10.1038/srep19629,Glucose restriction induces transient G2 cell cycle arrest extending cellular chronological lifespan,酵母,未标注,细胞／活体反应,4,,,非标题相分离主题
10.1038/srep25477,Membrane-association of mRNA decapping factors is independent of stress in budding yeast,酵母,未标注,无细胞／分离酶,7,,,非标题相分离主题
10.1038/srep26250,A Novel Strategy for Live Detection of Viral Infection in Drosophila melanogaster,酵母,未标注,细胞／活体反应,14,,,非标题相分离主题
10.1038/srep28111,Suppressing male spermatogenesis-associated protein 5-like gene expression reduces vitellogenin gene expression and fecundity in Nilaparvata lugens Stål,其他宿主,未标注,细胞／活体反应,10,,,非标题相分离主题
10.1038/srep30134,A genome-wide imaging-based screening to identify genes involved in synphilin-1 inclusion formation in Saccharomyces cerevisiae,酵母,其他研究对象,细胞／活体反应,47,表达与动态调控,,非标题相分离主题
10.1038/srep30839,Forizymes-functionalised artificial forisomes as a platform for the production and immobilisation of single enzymes and multi-enzyme complexes,酵母,未标注,体外测定,15,,,非标题相分离主题
10.1038/srep31127,Cytoskeletal impairment during isoamyl alcohol-induced cell elongation in budding yeast,酵母,未标注,无细胞／分离酶,5,,,非标题相分离主题
10.1038/srep32640,Enhanced pinocembrin production in Escherichia coli by regulating cinnamic acid metabolism,细菌,黄酮类,细胞／活体反应,8,,,非标题相分离主题
10.1038/srep33433,Protein aggregation activates erratic stress response in dietary restricted yeast cells,酵母,未标注,细胞／活体反应,2,,,非标题相分离主题
10.1038/srep36379,A structural and functional study on the 2-C-methyl-D-erythritol-4-phosphate cytidyltransferase (IspD) from Bacillus subtilis,细菌,萜类／异戊二烯类,无细胞／分离酶,26,代谢与通路工程,,非标题相分离主题
10.1038/srep36827,Engineering yeast for high-level production of stilbenoid antioxidants,酵母,芪类,发酵／反应器,5,发酵与过程优化,,非标题相分离主题
10.1038/srep38710,NMR studies on the interactions between yeast Vta1 and Did2 during the multivesicular bodies sorting pathway,酵母,未标注,体外测定,10,,,非标题相分离主题
10.1038/srep39490,"An acridine derivative, [4,5-bis{(N-carboxy methyl imidazolium)methyl}acridine] dibromide, shows anti-TDP-43 aggregation effect in ALS disease models",酵母,凝聚体相关体系,体外测定,2,,,非标题相分离主题
10.1038/srep43603,Ecological interactions among Saccharomyces cerevisiae strains: Insight into the dominance phenomenon,酵母,其他研究对象,发酵／反应器,7,,,非标题相分离主题
10.1038/srep44761,Exposure to selenomethionine causes selenocysteine misincorporation and protein aggregation in Saccharomyces cerevisiae,酵母,未标注,细胞／活体反应,2,,,非标题相分离主题
10.1074/jbc.270.16.9083,INHIBITION OF MAMMALIAN SQUALENE SYNTHETASE-ACTIVITY BY ZARAGOZIC ACID A IS A RESULT OF COMPETITIVE-INHIBITION FOLLOWED BY MECHANISM-BASED IRREVERSIBLE INACTIVATION,哺乳动物／细胞,萜类／异戊二烯类,无细胞／分离酶,5,,,非标题相分离主题
10.1074/jbc.271.13.7774,Arabidopsis thaliana contains two differentially expressed farnesyl-diphosphate synthase genes,酵母,萜类／异戊二烯类,无细胞／分离酶,5,前体与辅因子供给,,非标题相分离主题
10.1074/jbc.271.22.13013,The mechanism of velocity modulated allosteric regulation in D-3-phosphoglycerate dehydrogenase - Cross-linking adjacent regulatory domains with engineered disulfides mimics effector binding,细菌,其他研究对象,无细胞／分离酶,1,前体与辅因子供给,,非标题相分离主题
10.1074/jbc.273.16.9472,Amino acid residues that define both the isoprenoid and CAAX preferences of the Saccharomyces cerevisiae protein farnesyltransferase -: Creating the perfect farnesyltransferase,酵母,萜类／异戊二烯类,无细胞／分离酶,5,,,非标题相分离主题
10.1074/jbc.273.38.24654,Dictyostelium TRFA homologous to yeast Ssn6 is required for normal growth and early development,酵母,未标注,细胞／活体反应,5,,,非标题相分离主题
10.1074/jbc.274.21.14831,The LPP1 and DPP1 gene products account for most of the isoprenoid phosphate phosphatase activities in Saccharomyces cerevisiae,酵母,萜类／异戊二烯类,无细胞／分离酶,6,,,非标题相分离主题
10.1074/jbc.274.43.30451,"Cloning and characterization of AOEB166, a novel mammalian antioxidant enzyme of the peroxiredoxin family",细菌,未标注,无细胞／分离酶,3,,,非标题相分离主题
10.1074/jbc.274.49.35186,The steroid hormone dehydroepiandrosterone inhibits CYP1A1 expression in vitro by a post-transcriptional mechanism,其他宿主,其他研究对象,细胞／活体反应,1,,,非标题相分离主题
10.1074/jbc.m006277200,"Flavonoid 6-hydroxylase from soybean ( Glycine max L.), a novel plant P-450 monooxygenase",植物,黄酮类,无细胞／分离酶,1,,,非标题相分离主题
10.1074/jbc.m108734200,Structure and function of threonine synthase from yeast,酵母,其他研究对象,未标注,2,,,非标题相分离主题
10.1074/jbc.m110.177634,Sts-2 Is a Phosphatase That Negatively Regulates Zeta-associated Protein (ZAP)-70 and T Cell Receptor Signaling Pathways,无细胞体系,其他研究对象,无细胞／分离酶,3,,,非标题相分离主题
10.1074/jbc.m111573200,"The DNA polymerase domain of pole is required for rapid, efficient, and highly accurate chromosomal DNA replication, telomere length maintenance, and normal cell senescence in Saccharomyces cerevisiae",酵母,未标注,细胞／活体反应,2,,,非标题相分离主题
10.1074/jbc.m117.805770,Efficient farnesylation of an extended C-terminal C( x ) 3 X sequence motif expands the scope of the prenylated proteome,酵母,萜类／异戊二烯类,体外测定,2,,,非标题相分离主题
10.1074/jbc.m910412199,The high resolution crystal structure of yeast hexokinase PII with the correct primary sequence provides new insights into its mechanism of action,酵母,未标注,体外测定,4,,,非标题相分离主题
10.1074/jbc.ra118.001808,"""Mallostery"" -ligand-dependent protein misfolding enables physiological regulation by ERAD",酵母,萜类／异戊二烯类,体外测定,51,,,非标题相分离主题
10.1074/mcp.m114.040774,Identification of Candidate Substrates for the Golgi Tul1 E3 Ligase Using Quantitative diGly Proteomics in Yeast,酵母,未标注,细胞／活体反应,2,,,非标题相分离主题
10.1074/mcp.ra117.000096,Quantitative Profiling of N-linked Glycosylation Machinery in Yeast Saccharomyces cerevisiae,酵母,未标注,细胞／活体反应,2,,,非标题相分离主题
10.1093/jn/127.8.1445,Cellular glutathione peroxidase knockout mice express normal levels of selenium-dependent plasma and phospholipid hydroperoxide glutathione peroxidases in various tissues,酵母,未标注,体外测定,6,,,非标题相分离主题
10.1093/jn/nxaa206,Proton-NMR Metabolomics of Rainbow Trout Fed a Plant-Based Diet Supplemented with Graded Levels of a Protein-Rich Yeast Fraction Reveal Several Metabolic Processes Involved in Growth,酵母,未标注,未标注,6,,,非标题相分离主题
10.1186/0717-6287-47-55,"Assessment of pharmacological activities of two medicinal plant of Bangladesh: Launaea sarmentosa and Aegialitis rotundifolia roxb in the management of pain, pyrexia and inflammation",酵母,萜类／异戊二烯类,体外测定,2,,,非标题相分离主题
10.1186/1471-2091-11-29,Selective control of amino acid metabolism by the GCN2 eIF2 kinase pathway in Saccharomyces cerevisiae,酵母,其他研究对象,无细胞／分离酶,2,,,非标题相分离主题
10.1186/1471-2105-14-299,A sampling framework for incorporating quantitative mass spectrometry data in protein interaction analysis,酵母,未标注,未标注,3,,,非标题相分离主题
10.1186/1471-2105-2-2,"mRNA:guanine-N7 cap methyltransferases: Identification of novel members of the family, evolutionary analysis, homology modeling, and analysis of sequence-structure-function relationships",酵母,未标注,体外测定,1,,,非标题相分离主题
10.1186/1471-2105-7-165,Unraveling condition specific gene transcriptional regulatory networks in Saccharomyces cerevisiae,酵母,未标注,未标注,1,,,非标题相分离主题
10.1186/1471-2105-9-32,Prioritization of gene regulatory interactions from large-scale modules in yeast,酵母,未标注,未标注,17,,,非标题相分离主题
10.1186/1471-213x-7-83,"Chick Hairy1 protein interacts with Sap18, a component of the Sin3/HDAC transcriptional repressor complex",酵母,其他研究对象,体外测定,1,空间组织与区室化,,非标题相分离主题
10.1186/1471-2148-11-93,The surprising negative correlation of gene length and optimal codon use - Disentangling translational selection from GC-biased gene conversion in yeast,酵母,未标注,细胞／活体反应,19,,,非标题相分离主题
10.1186/1471-2148-9-296,Niche-driven evolution of metabolic and life-history strategies in natural and domesticated populations of Saccharomyces cerevisiae,酵母,其他研究对象,细胞／活体反应,4,,,非标题相分离主题
10.1186/1471-2164-11-690,Post-transcriptional regulation in the myo1Δ mutant of Saccharomyces cerevisiae,酵母,未标注,细胞／活体反应,5,,,非标题相分离主题
10.1186/1471-2164-13-255,"Functional diversification of yeast telomere associated protein, Rif1, in higher eukaryotes",酵母,未标注,细胞／活体反应,4,,,非标题相分离主题
10.1186/1471-2164-14-343,"An integrative "" omics"" approach identifies new candidate genes to impact aroma volatiles in peach fruit",植物,黄酮类,未标注,9,,,非标题相分离主题
10.1186/1471-2164-8-179,Monitoring of transcriptional regulation in Pichia pastoris under protein production conditions,酵母,其他研究对象,细胞／活体反应,4,表达与动态调控,,非标题相分离主题
10.1186/1471-2180-12-198,Carotenoid biosynthesis and overproduction in Corynebacterium glutamicum,细菌,萜类／异戊二烯类,细胞／活体反应,3,表达与动态调控,,非标题相分离主题
10.1186/1471-2180-9-101,A plant MinD homologue rescues Escherichia coli HL1 mutant (MinDE) in the absence of MinE,细菌,未标注,体外测定,4,,,非标题相分离主题
10.1186/1471-2229-11-117,A single amino acid change within the R2 domain of the VvMYB5b transcription factor modulates affinity for protein partners and target promoters selectivity,酵母,黄酮类,未标注,1,表达与动态调控,表达与动态调控,非标题相分离主题
10.1186/1471-2229-12-119,Discovery and functional characterization of two diterpene synthases for sclareol biosynthesis in Salvia sclarea (L.) and their relevance for perfume manufacture,植物,其他研究对象,体外测定,16,,,非标题相分离主题
10.1186/1472-6750-13-6,Chromosomal evolution of Escherichia coli for the efficient production of lycopene,细菌,萜类／异戊二烯类,发酵／反应器,2,表达与动态调控,,非标题相分离主题
10.1186/1472-6750-14-41,Simultaneously improving xylose fermentation and tolerance to lignocellulosic inhibitors through evolutionary engineering of recombinant Saccharomyces cerevisiae harbouring xylose isomerase,酵母,其他研究对象,发酵／反应器,10,,,非标题相分离主题
10.1186/1472-6750-6-22,Biosynthesis of plant-specific stilbene polyketides in metabolically engineered Escherichia coli,细菌,芪类,细胞／活体反应,7,,,非标题相分离主题
10.1186/1472-6769-5-3,Covalent attachment of the plant natural product naringenin to small glass and ceramic beads,植物,黄酮类,细胞／活体反应,1,,,非标题相分离主题
10.1186/1472-6882-13-285,Antagonistic effect of alkaloids and saponins on bioactivity in the quinine tree (Rauvolfia caffra sond.): Further evidence to support biotechnology in traditional medicinal plants,植物,黄酮类,体外测定,1,,,非标题相分离主题
10.1186/1475-2859-10-104,The impact of phosphate scarcity on pharmaceutical protein production in S. cerevisiae: Linking transcriptomic insights to phenotypic responses,酵母,其他研究对象,未标注,5,竞争途径与转运,,非标题相分离主题
10.1186/1475-2859-10-109,Production in yeast of pseudotype virus-like particles harboring functionally active antibody fragments neutralizing the cytolytic activity of vaginolysin,酵母,其他研究对象,细胞／活体反应,3,,,非标题相分离主题
10.1186/1475-2859-10-2,Metabolic pathway engineering based on metabolomics confers acetic and formic acid tolerance to a recombinant xylose-fermenting strain of Saccharomyces cerevisiae,酵母,其他研究对象,发酵／反应器,5,代谢与通路工程；表达与动态调控,代谢与通路工程,非标题相分离主题
10.1186/1475-2859-10-37,Overexpression of human virus surface glycoprotein precursors induces cytosolic unfolded protein response in Saccharomyces cerevisiae,酵母,其他研究对象,细胞／活体反应,1,表达与动态调控,表达与动态调控,非标题相分离主题
10.1186/1475-2859-10-59,Retinoid production using metabolically engineered Escherichia coli with a two-phase culture system,细菌,萜类／异戊二烯类,未标注,8,表达与动态调控,,非标题相分离主题
10.1186/1475-2859-11-155,De novo production of the flavonoid naringenin in engineered Saccharomyces cerevisiae,酵母,黄酮类,细胞／活体反应,1,表达与动态调控,,非标题相分离主题
10.1186/1475-2859-11-162,Positive genetic interactors of HMG2 identify a new set of genetic perturbations for improving sesquiterpene production in Saccharomyces cerevisiae,酵母,萜类／异戊二烯类,细胞／活体反应,15,,,非标题相分离主题
10.1186/1475-2859-11-4,Engineered Trx2p industrial yeast strain protects glycolysis and fermentation proteins from oxidative carbonylation during biomass propagation,酵母,未标注,未标注,4,,,非标题相分离主题
10.1186/1475-2859-11-47,Effective enhancement of Pseudomonas stutzeri D-phenylglycine aminotransferase functional expression in Pichia pastoris by co-expressing Escherichia coli GroEL-GroES,细菌,其他研究对象,无细胞／分离酶,4,表达与动态调控,,非标题相分离主题
10.1186/1475-2859-11-79,Manipulation of the carbon storage regulator system for metabolite remodeling and biofuel production in Escherichia coli,细菌,其他研究对象,细胞／活体反应,4,表达与动态调控,,非标题相分离主题
10.1186/1475-2859-12-76,"2,2-Diphenyl-1-picrylhydrazyl as a screening tool for recombinant monoterpene biosynthesis",酵母,萜类／异戊二烯类,无细胞／分离酶,12,,,非标题相分离主题
10.1186/1475-2859-12-84,In silico profiling of Escherichia coli and Saccharomyces cerevisiae as terpenoid factories,酵母,萜类／异戊二烯类,未标注,1,,,非标题相分离主题
10.1186/1475-2859-2-1,The production of antibody fragments and antibody fusion proteins by yeasts and filamentous fungi,酵母,其他研究对象,发酵／反应器,20,发酵与过程优化,,非标题相分离主题
10.1186/1475-2859-4-33,Recombinant production of bacterial toxins and their derivatives in the methylotrophic yeast Pichia pastoris,酵母,其他研究对象,体外测定,2,发酵与过程优化,,非标题相分离主题
10.1186/1475-2859-5-20,"Biosynthesis of isoprenoids, polyunsaturated fatty acids and flavonoids in Saccharomyces cerevisiae",酵母,黄酮类,细胞／活体反应,18,,,非标题相分离主题
10.1186/1475-2859-7-25,Yeast cell factories for fine chemical and API production,酵母,其他研究对象,细胞／活体反应,17,,,非标题相分离主题
10.1186/1475-2859-8-45,Yeast artificial chromosomes employed for random assembly of biosynthetic pathways and production of diverse compounds in Saccharomyces cerevisiae,酵母,异黄酮类,细胞／活体反应,1,,,非标题相分离主题
10.1186/1477-7827-10-14,Resveratrol promotes expression of SIRT1 and StAR in rat ovarian granulosa cells: An implicative role of SIRT1 in the ovary,哺乳动物／细胞,芪类,体外测定,2,,,非标题相分离主题
10.1186/1741-7007-7-26,Heterologous cross-seeding mimics cross-species prion conversion in a yeast model.,酵母,凝聚体相关体系,细胞／活体反应,1,,,非标题相分离主题
10.1186/1743-422x-9-90,The screening and functional study of proteins binding with the BmNPV polyhedrin promoter,酵母,未标注,体外测定,1,表达与动态调控,表达与动态调控,非标题相分离主题
10.1186/1743-7075-7-71,Antioxidant rich grape pomace extract suppresses postprandial hyperglycemia in diabetic mice by specifically inhibiting alpha-glucosidase,哺乳动物／细胞,黄酮类,体外测定,9,,,非标题相分离主题
10.1186/1744-8069-8-5,Resveratrol engages AMPK to attenuate ERK and mTOR signaling in sensory neurons and inhibits incision-induced acute and chronic pain,哺乳动物／细胞,芪类,细胞／活体反应,3,,,非标题相分离主题
10.1186/1752-0509-4-12,Transcriptional regulation of respiration in yeast metabolizing differently repressive carbon substrates,酵母,未标注,细胞／活体反应,11,,,非标题相分离主题
10.1186/1752-0509-7-84,Inferring the effective TOR-dependent network: A computational study in yeast,酵母,未标注,未标注,7,表达与动态调控,,非标题相分离主题
10.1186/1754-6834-1-11,Fluorescence resonance energy transfer sensors for quantitative monitoring of pentose and disaccharide accumulation in bacteria,细菌,其他研究对象,细胞／活体反应,1,,,非标题相分离主题
10.1186/1754-6834-3-24,Optimizing pentose utilization in yeast: The need for novel tools and approaches,酵母,其他研究对象,细胞／活体反应,8,代谢与通路工程；前体与辅因子供给；表达与动态调控,,非标题相分离主题
10.1186/1754-6834-5-79,Production of four Neurospora crassa lytic polysaccharide monooxygenases in Pichia pastoris monitored by a fluorimetric assay,酵母,其他研究对象,无细胞／分离酶,5,,,非标题相分离主题
10.1186/1754-6834-6-173,Techno-economic potential of bioethanol from bamboo in China,未标注,其他研究对象,未标注,21,,,非标题相分离主题
10.1186/1754-6834-6-57,Metabolic engineering of Escherichia coli for high-specificity production of isoprenol and prenol as next generation of biofuels,细菌,萜类／异戊二烯类,细胞／活体反应,8,代谢与通路工程；前体与辅因子供给,代谢与通路工程,非标题相分离主题
10.1186/2193-1801-2-167,The effect of tea fermentation on rosmarinic acid and antioxidant properties using selected in vitro sprout culture of Orthosiphon aristatus as a model study,酵母,苯丙素类,体外测定,3,,,非标题相分离主题
10.1186/gb-2003-4-7-r44,Long mRNAs coding for yeast mitochondrial proteins of prokaryotic origin preferentially localize to the vicinity of mitochondria,酵母,未标注,未标注,10,,,非标题相分离主题
10.1186/gb-2007-8-12-r268,Application of the comprehensive set of heterozygous yeast deletion mutants to elucidate the molecular basis of cellular chromium toxicity,酵母,未标注,细胞／活体反应,4,,,非标题相分离主题
10.1186/gb-2009-10-9-r93,Identification of secondary targets of N-containing bisphosphonates in mammalian cells via parallel competition analysis of the barcoded yeast deletion collection,酵母,未标注,细胞／活体反应,2,,,非标题相分离主题
10.1186/s11658-024-00533-5,SUMOylation modulates eIF5A activities in both yeast and pancreatic ductal adenocarcinoma cells,酵母,未标注,体外测定,1,,,非标题相分离主题
10.1186/s12302-018-0164-y,Multiple biomarker responses in caged benthic gastropods Bellamya aeruginosa after in situ exposure to Taihu Lake in China,其他宿主,其他研究对象,细胞／活体反应,45,,,非标题相分离主题
10.1186/s12302-025-01261-z,Importance and challenges of bromate analysis in wastewater: a systematic review,其他宿主,其他研究对象,体外测定,111,资源与环境,资源与环境,非标题相分离主题
10.1186/s12859-015-0536-x,Essentiality and centrality in protein interaction networks revisited,酵母,未标注,未标注,2,,,非标题相分离主题
10.1186/s12864-016-2424-9,Nonlinear transcriptomic response to dietary fat intake in the small intestine of C57BL/6J mice,哺乳动物／细胞,未标注,未标注,10,,,非标题相分离主题
10.1186/s12864-016-2718-y,Ribosome quality control is a central protection mechanism for yeast exposed to deoxynivalenol and trichothecin,酵母,未标注,体外测定,18,,,非标题相分离主题
10.1186/s12864-017-3509-9,Distinct histone methylation and transcription profiles are established during the development of cellular quiescence in yeast,酵母,未标注,未标注,8,,,非标题相分离主题
10.1186/s12864-017-4316-z,Global gene expression reveals stress-responsive genes in Aspergillus fumigatus mycelia,其他宿主,异黄酮类,未标注,5,,,非标题相分离主题
10.1186/s12864-018-4589-x,Larval transcriptomic response to host plants in two related phytophagous lepidopteran species: Implications for host specialization and species divergence,酵母,未标注,未标注,264,竞争途径与转运,,非标题相分离主题
10.1186/s12864-019-6023-4,Comparative transcription analysis of photosensitive and non-photosensitive eggplants to identify genes involved in dark regulated anthocyanin synthesis,植物,其他研究对象,未标注,2,,,非标题相分离主题
10.1186/s12864-020-07365-5,Proteome-wide and lysine crotonylation profiling reveals the importance of crotonylation in chrysanthemum ( Dendranthema grandiforum ) under low-temperature,植物,未标注,未标注,11,,,非标题相分离主题
10.1186/s12864-024-10738-9,Understanding the molecular regulation of flavonoid 3'-hydroxylase in anthocyanin synthesis: insights from purple qingke,多类别并列,黄酮类,细胞／活体反应,2,,,非标题相分离主题
10.1186/s12866-014-0244-0,"Methodologies to generate, extract, purify and fractionate yeast ECM for analytical use in proteomics and glycomics",酵母,未标注,细胞／活体反应,3,,,非标题相分离主题
10.1186/s12866-018-1151-6,Identification of novel genes in the carotenogenic and oleaginous yeast Rhodotorula toruloides through genome-wide insertional mutagenesis,酵母,萜类／异戊二烯类,细胞／活体反应,6,,,非标题相分离主题
10.1186/s12866-019-1453-3,Elevated temperatures do not trigger a conserved metabolic network response among thermotolerant yeasts,酵母,其他研究对象,细胞／活体反应,6,,,非标题相分离主题
10.1186/s12866-024-03459-2,"Evaluation of the synbiotic effects of Saccharomyces cerevisiae and mushroom extract on the growth performance, digestive enzyme activity, and immune status of zebrafish danio rerio",酵母,未标注,无细胞／分离酶,3,,,非标题相分离主题
10.1186/s12866-024-03506-y,Isolate distribution and antifungal susceptibility of Saccharomyces cerevisiae in the national regional medical center of Southwest China for women and children during 2018–2023,酵母,萜类／异戊二烯类,体外测定,38,,,非标题相分离主题
10.1186/s12866-025-03909-5,Colonic bacterial community responding to selenium-enriched yeast supplementation associated with improved gut mucus function in growing-finishing pigs,酵母,其他研究对象,细胞／活体反应,11,,,非标题相分离主题
10.1186/s12866-025-04067-4,"Flavobacterium algoriphilum sp. nov., Flavobacterium arabinosi sp. nov., Flavobacterium cryoconiti sp. nov., Flavobacterium galactosi sp. nov., Flavobacterium melibiosi sp. nov., and Flavobacterium algoris sp. nov., six novel cold-adapted bacteria isolated from glaciers",细菌,萜类／异戊二烯类,发酵／反应器,16,,,非标题相分离主题
10.1186/s12866-026-04906-y,Characterization of a novel phosphate-solubilizing Paenibacillus sp. SN-8-1 with biofertilizer potential for soybean growth enhancement,植物,未标注,未标注,13,,,非标题相分离主题
10.1186/s12866-026-04982-0,Mycobacterium leprae small heat shock protein-18 complements Lon protease in Escherichia coli,细菌,萜类／异戊二烯类,体外测定,1,,,非标题相分离主题
10.1186/s12866-026-05066-9,"Niallia yueguangensis sp. nov., a novel bacterium from maize rhizosphere in saline-alkaline soil enhancing plant salt tolerance",植物,萜类／异戊二烯类,体外测定,47,,,非标题相分离主题
10.1186/s12870-014-0324-1,The OsSec18 complex interacts with P0(P1-P2)2 to regulate vacuolar morphology in rice endosperm cell,酵母,未标注,体外测定,2,,,非标题相分离主题
10.1186/s12870-014-0347-7,"Functional analysis of Flavonoid 3′,5′-hydroxylase from Tea plant ( Camellia sinensis ): critical role in the accumulation of catechins",酵母,黄酮类,未标注,1,,,非标题相分离主题
10.1186/s12870-015-0472-y,Wheat homologs of yeast ATG6 function in autophagy and are implicated in powdery mildew immunity,酵母,未标注,细胞／活体反应,2,,,非标题相分离主题
10.1186/s12870-018-1570-4,Cloning and characterization of norbelladine synthase catalyzing the first committed reaction in Amaryllidaceae alkaloid biosynthesis,植物,其他研究对象,体外测定,2,,,非标题相分离主题
10.1186/s12870-019-1713-2,High accumulation of γ-linolenic acid and Stearidonic acid in transgenic Perilla (Perilla frutescens var. frutescens) seeds,植物,其他研究对象,细胞／活体反应,29,,,非标题相分离主题
10.1186/s12870-019-1993-6,The grapevine R2R3-type MYB transcription factor VdMYB1 positively regulates defense responses by activating the stilbene synthase gene 2 ( VdSTS2 ),酵母,芪类,未标注,5,表达与动态调控,表达与动态调控,非标题相分离主题
10.1186/s12870-019-2109-z,Functional characterization of a liverworts bHLH transcription factor involved in the regulation of bisbibenzyls and flavonoids biosynthesis,酵母,黄酮类,细胞／活体反应,2,表达与动态调控,表达与动态调控,非标题相分离主题
10.1186/s12870-020-02606-x,Transcriptome analysis provides new insights into the transcriptional regulation of methyl jasmonate-induced flavonoid biosynthesis in pear calli,植物,黄酮类,体外测定,11,,,非标题相分离主题
10.1186/s12870-020-2256-2,In-vitro and in-vivo antioxidant assays of chicory plants (Cichorium intybus L.) as influenced by organic and conventional fertilisers,酵母,黄酮类,体外测定,2,,,非标题相分离主题
10.1186/s12870-023-04208-9,Genome-wide analysis of UDP-glycosyltransferases family and identification of UGT genes involved in abiotic stress and flavonol biosynthesis in Nicotiana tabacum,植物,黄酮类,细胞／活体反应,45,表达与动态调控,,非标题相分离主题
10.1186/s12870-023-04313-9,Metabolite profiling of susceptible and resistant wheat (Triticum aestivum) cultivars responding to Puccinia striiformis f. sp. tritici infection,植物,未标注,未标注,10,,,非标题相分离主题
10.1186/s12870-025-06866-3,Integrated multi-omics reveals flavonoid-dominated defense strategies in Coptis chinensis under Fusarium root rot infection,多类别并列,黄酮类,细胞／活体反应,4,,,非标题相分离主题
10.1186/s12870-026-08133-5,The RcMYB308-RcEGL1 module regulates cyanidin accumulation by targeting the RcF3’H promoter in pink roses,植物,黄酮类,未标注,8,表达与动态调控,表达与动态调控,非标题相分离主题
10.1186/s12870-026-08230-5,"Synergistic effects of H2O2, melatonin, and L-cysteine on biochemical traits and alkaloid accumulation in Catharanthus roseus L. “Ocellatus” in vitro plants",植物,其他天然产物,体外测定,10,,,非标题相分离主题
10.1186/s12896-014-0100-1,Generation in yeast of recombinant virus-like particles of porcine circovirus type 2 capsid protein and their use for a serologic assay and development of monoclonal antibodies,酵母,其他研究对象,体外测定,4,,,非标题相分离主题
10.1186/s12896-016-0319-0,Production of human pro-relaxin H2 in the yeast Pichia pastoris,酵母,其他研究对象,多类别并列,12,,,非标题相分离主题
10.1186/s12896-021-00732-4,Media optimization for SHuffle T7 Escherichia coli expressing SUMO-Lispro proinsulin by response surface methodology,细菌,其他研究对象,细胞／活体反应,8,,,非标题相分离主题
10.1186/s12896-025-00977-3,Bioremediation of malachite green dye toxicity under optimized conditions by Rhodotorula mucilaginosa AUMC13567,酵母,其他研究对象,细胞／活体反应,4,,,非标题相分离主题
10.1186/s12906-016-1129-6,A Fucus vesiculosus extract inhibits estrogen receptor activation and induces cell death in female cancer cell lines,哺乳动物／细胞,其他研究对象,细胞／活体反应,4,,,非标题相分离主题
10.1186/s12906-016-1257-z,"Pharmacological screening of Monotheca buxifolia (Falc.) A. DC. for antinociceptive, anti-inflammatory and antipyretic activities",酵母,黄酮类,体外测定,11,,,非标题相分离主题
10.1186/s12906-017-2000-0,Pharmacological potential of Bidens pilosa L. and determination of bioactive compounds using UHPLC-QqQLIT-MS/MS and GC/MS,细菌,黄酮类,体外测定,1,,,非标题相分离主题
10.1186/s12906-025-04856-4,Yeast hydrolysate and exercise ameliorate high-fat diet-induced obesity in C57BL/6 mice,酵母,未标注,细胞／活体反应,2,,,非标题相分离主题
10.1186/s12906-025-05192-3,"GB5, a synergistic phytotherapy for type 2 diabetes mellitus management: an integrated polyherbal approach from phytochemical profiling to network pharmacology",哺乳动物／细胞,其他研究对象,无细胞／分离酶,1,,,非标题相分离主题
10.1186/s12915-018-0523-6,Using in vivo oxidation status of one- and two-component redox relays to determine H2O2 levels linked to signaling and toxicity,酵母,其他研究对象,细胞／活体反应,60,,,非标题相分离主题
10.1186/s12915-020-0758-x,A heat-sensitive Osh protein controls PI4P polarity,酵母,其他研究对象,细胞／活体反应,90,,,非标题相分离主题
10.1186/s12915-021-00983-9,The ESCRT-III isoforms CHMP2A and CHMP2B display different effects on membranes upon polymerization,无细胞体系,凝聚体相关体系,未标注,1,,,非标题相分离主题
10.1186/s12915-024-02042-5,"MdSVWC1, a new pattern recognition receptor triggers multiple defense mechanisms against invading bacteria in Musca domestica",细菌,未标注,体外测定,1,,,非标题相分离主题
10.1186/s12915-025-02486-3,Influence of developmental diet on adult energy reserves in Drosophila,酵母,其他研究对象,细胞／活体反应,83,,,非标题相分离主题
10.1186/s12915-026-02537-3,FUS and TDP-43 aggregation are uncoupled from toxicity in ageing yeast models,酵母,凝聚体相关体系,细胞／活体反应,23,空间组织与区室化,,非标题相分离主题
10.1186/s12917-020-02466-5,Dietary fermented soybean meal replacement alleviates diarrhea in weaned piglets challenged with enterotoxigenic Escherichia coli K88 by modulating inflammatory cytokine levels and cecal microbiota composition,细菌,未标注,发酵／反应器,6,,,非标题相分离主题
10.1186/s12917-021-03106-2,Metabolic variables of obese dogs with insulin resistance supplemented with yeast beta-glucan,酵母,其他研究对象,体外测定,4,,,非标题相分离主题
10.1186/s12917-022-03261-0,Ameliorative effect of selenium yeast supplementation on the physio-pathological impacts ofchronic exposure to glyphosate and or malathion in Oreochromis niloticus,酵母,未标注,体外测定,2,,,非标题相分离主题
10.1186/s12917-024-04464-3,Persistently high concentrations of β-hydroxybutyrate affect hepatic SOD2 expression and blood SOD activity in high-yielding dairy cows,哺乳动物／细胞,芪类,发酵／反应器,15,,,非标题相分离主题
10.1186/s12917-025-04955-x,Saccharomyces cervisiae ameliorative impact combined with sulfaclozine on broiler chicken oxidative status,酵母,未标注,体外测定,2,,,非标题相分离主题
10.1186/s12934-014-0134-z,Secreted production of assembled Norovirus virus-like particles from Pichia pastoris,酵母,其他研究对象,细胞／活体反应,6,发酵与过程优化,,非标题相分离主题
10.1186/s12934-014-0160-x,Biosynthesis of β-carotene in engineered E. coli using the MEP and MVA pathways,细菌,萜类／异戊二烯类,细胞／活体反应,6,发酵与过程优化,,非标题相分离主题
10.1186/s12934-014-0173-5,Development of bio-based fine chemical production through synthetic bioengineering,细菌,萜类／异戊二烯类,细胞／活体反应,5,酶与蛋白工程；前体与辅因子供给；发酵与过程优化,,非标题相分离主题
10.1186/s12934-015-0220-x,"Dynamic control of ERG9 expression for improved amorpha-4,11-diene production in Saccharomyces cerevisiae",酵母,萜类／异戊二烯类,细胞／活体反应,5,表达与动态调控,表达与动态调控,非标题相分离主题
10.1186/s12934-015-0246-0,Iterative carotenogenic screens identify combinations of yeast gene deletions that enhance sclareol production,酵母,其他研究对象,细胞／活体反应,2,,,非标题相分离主题
10.1186/s12934-015-0274-9,Combinatorial optimization of synthetic operons for the microbial production of p-coumaryl alcohol with Escherichia coli,细菌,苯丙素类,细胞／活体反应,8,,,非标题相分离主题
10.1186/s12934-015-0281-x,Yeast as a cell factory: Current state and perspectives,酵母,萜类／异戊二烯类,细胞／活体反应,2,,,非标题相分离主题
10.1186/s12934-015-0326-1,Metabolic engineering of Escherichia coli into a versatile glycosylation platform: Production of bio-active quercetin glycosides,细菌,黄酮类,细胞／活体反应,6,代谢与通路工程,代谢与通路工程,非标题相分离主题
10.1186/s12934-015-0332-3,Optimization of yeast-based production of medicinal protoberberine alkaloids,酵母,其他研究对象,细胞／活体反应,7,酶与蛋白工程；表达与动态调控；发酵与过程优化,,非标题相分离主题
10.1186/s12934-015-0353-y,Bacterial synthesis of N-hydroxycinnamoyl phenethylamines and tyramines,细菌,苯丙素类,细胞／活体反应,8,,,非标题相分离主题
10.1186/s12934-015-0375-5,Mussel processing wastewater: A low-cost substrate for the production of astaxanthin by Xanthophyllomyces dendrorhous,酵母,萜类／异戊二烯类,发酵／反应器,19,资源与环境,资源与环境,非标题相分离主题
10.1186/s12934-015-0389-z,The sweet branch of metabolic engineering: Cherry-picking the low-hanging sugary fruits,细菌,其他研究对象,细胞／活体反应,4,代谢与通路工程,代谢与通路工程,非标题相分离主题
10.1186/s12934-016-0424-8,Transcriptome-enabled discovery and functional characterization of enzymes related to (2S)-pinocembrin biosynthesis from Ornithogalum caudatum and their application for metabolic engineering,细菌,黄酮类,细胞／活体反应,3,代谢与通路工程；前体与辅因子供给,代谢与通路工程,非标题相分离主题
10.1186/s12934-016-0438-2,Protein aggregation and membrane lipid modifications under lactic acid stress in wild type and OPI1 deleted Saccharomyces cerevisiae strains,酵母,其他研究对象,细胞／活体反应,15,,,非标题相分离主题
10.1186/s12934-016-0447-1,ATP citrate lyase mediated cytosolic acetyl-CoA biosynthesis increases mevalonate production in Saccharomyces cerevisiae,酵母,萜类／异戊二烯类,未标注,1,,,非标题相分离主题
10.1186/s12934-016-0523-6,Versatile biocatalysis of fungal cytochrome P450 monooxygenases,多类别并列,多类别并列,细胞／活体反应,4,,,非标题相分离主题
10.1186/s12934-016-0535-2,Engineering Saccharomyces cerevisiae with the deletion of endogenous glucosidases for the production of flavonoid glucosides,酵母,黄酮类,细胞／活体反应,7,,,非标题相分离主题
10.1186/s12934-016-0556-x,Enhancement of astaxanthin production in Xanthophyllomyces dendrorhous by efficient method for the complete deletion of genes,酵母,萜类／异戊二烯类,发酵／反应器,5,,,非标题相分离主题
10.1186/s12934-016-0558-8,Deciphering how LIP2 and POX2 promoters can optimally regulate recombinant protein production in the yeast Yarrowia lipolytica,酵母,其他研究对象,细胞／活体反应,47,表达与动态调控；发酵与过程优化,表达与动态调控,非标题相分离主题
10.1186/s12934-016-0562-z,Engineering of a microbial coculture of Escherichia coli strains for the biosynthesis of resveratrol,细菌,芪类,细胞／活体反应,6,,,非标题相分离主题
10.1186/s12934-016-0580-x,Real-time monitoring of the sugar sensing in Saccharomyces cerevisiae indicates endogenous mechanisms for xylose signaling,酵母,未标注,细胞／活体反应,11,表达与动态调控,,非标题相分离主题
10.1186/s12934-016-0582-8,Biosynthesis of three N -acetylaminosugar-conjugated flavonoids using engineered Escherichia coli,细菌,黄酮类,细胞／活体反应,2,,,非标题相分离主题
10.1186/s12934-016-0622-4,Enzymatic process optimization for the in vitro production of isoprene from mevalonate,细菌,萜类／异戊二烯类,无细胞／分离酶,2,发酵与过程优化,发酵与过程优化,非标题相分离主题
10.1186/s12934-016-0623-3,CRISPRi-mediated metabolic engineering of E-coli for O -methylated anthocyanin production,细菌,其他研究对象,细胞／活体反应,9,代谢与通路工程；表达与动态调控,代谢与通路工程,非标题相分离主题
10.1186/s12934-017-0659-z,Type IIs restriction based combinatory modulation technique for metabolic pathway optimization,细菌,萜类／异戊二烯类,细胞／活体反应,2,代谢与通路工程,代谢与通路工程,非标题相分离主题
10.1186/s12934-017-0664-2,Transcriptional reprogramming in yeast using dCas9 and combinatorial gRNA strategies,酵母,萜类／异戊二烯类,未标注,4,,,非标题相分离主题
10.1186/s12934-017-0732-7,Engineering microbial cell factories for the production of plant natural products: from design principles to industrial-scale production,植物,萜类／异戊二烯类,细胞／活体反应,4,酶与蛋白工程；发酵与过程优化,,非标题相分离主题
10.1186/s12934-018-0881-3,Beyond antibody engineering: Directed evolution of alternative binding scaffolds and enzymes using yeast surface display,酵母,其他研究对象,体外测定,1,酶与蛋白工程,酶与蛋白工程,非标题相分离主题
10.1186/s12934-018-0913-z,Enhancement of the catalytic activity of Isopentenyl diphosphate isomerase (IDI) from Saccharomyces cerevisiae through random and site-directed mutagenesis,酵母,萜类／异戊二烯类,无细胞／分离酶,3,酶与蛋白工程；前体与辅因子供给,酶与蛋白工程,非标题相分离主题
10.1186/s12934-018-0951-6,Engineering de novo anthocyanin production in Saccharomyces cerevisiae,酵母,多类别并列,细胞／活体反应,4,,,非标题相分离主题
10.1186/s12934-018-0952-5,Indirect and direct routes to C -glycosylated flavones in Saccharomyces cerevisiae,酵母,黄酮类,细胞／活体反应,13,前体与辅因子供给；表达与动态调控,,非标题相分离主题
10.1186/s12934-018-0984-x,Engineering the oleaginous yeast Yarrowia lipolytica to produce the aroma compound β-ionone,酵母,萜类／异戊二烯类,体外测定,15,发酵与过程优化,,非标题相分离主题
10.1186/s12934-018-0990-z,Metabolic engineering of Corynebacterium glutamicum for anthocyanin production,细菌,其他研究对象,细胞／活体反应,8,代谢与通路工程；发酵与过程优化,代谢与通路工程,非标题相分离主题
10.1186/s12934-018-0995-7,Regulation of ATP levels in Escherichia coli using CRISPR interference for enhanced pinocembrin production,细菌,黄酮类,细胞／活体反应,8,前体与辅因子供给,,非标题相分离主题
10.1186/s12934-019-1073-5,Growth-dependent recombinant product formation kinetics can be reproduced through engineering of glucose transport and is prone to phenotypic heterogeneity,细菌,其他研究对象,发酵／反应器,2,,,非标题相分离主题
10.1186/s12934-019-1096-y,Metabolic engineering of microbial cell factories for production of nutraceuticals,细菌,多类别并列,细胞／活体反应,5,代谢与通路工程；发酵与过程优化,代谢与通路工程,非标题相分离主题
10.1186/s12934-019-1117-x,Tailoring Corynebacterium glutamicum towards increased malonyl-CoA availability for efficient synthesis of the plant pentaketide noreugenin,细菌,其他研究对象,发酵／反应器,16,代谢与通路工程；前体与辅因子供给,前体与辅因子供给,非标题相分离主题
10.1186/s12934-019-1136-7,Enhanced protopanaxadiol production from xylose by engineered Yarrowia lipolytica,酵母,萜类／异戊二烯类,发酵／反应器,8,竞争途径与转运；发酵与过程优化,,非标题相分离主题
10.1186/s12934-019-1211-0,Alpha-Terpineol production from an engineered Saccharomyces cerevisiae cell factory,酵母,萜类／异戊二烯类,发酵／反应器,8,表达与动态调控；发酵与过程优化,,非标题相分离主题
10.1186/s12934-019-1241-7,Generic estimator of biomass concentration for Escherichia coli and Saccharomyces cerevisiae fed-batch cultures based on cumulative oxygen consumption rate,酵母,未标注,发酵／反应器,2,发酵与过程优化,发酵与过程优化,非标题相分离主题
10.1186/s12934-019-1244-4,Metabolic engineering and transcriptomic analysis of Saccharomyces cerevisiae producing p-coumaric acid from xylose,酵母,苯丙素类,发酵／反应器,8,代谢与通路工程,代谢与通路工程,非标题相分离主题
10.1186/s12934-020-01331-2,Synthesis of acridone derivatives via heterologous expression of a plant type III polyketide synthase in Escherichia coli,细菌,其他研究对象,细胞／活体反应,8,表达与动态调控,,非标题相分离主题
10.1186/s12934-020-01337-w,Genetic engineering of non-native hosts for 1-butanol production and its challenges: A review,酵母,其他研究对象,细胞／活体反应,4,发酵与过程优化,,非标题相分离主题
10.1186/s12934-020-01353-w,"Co-production of gallic acid and a novel cell-associated tannase by a pigment-producing yeast, Sporidiobolus ruineniae A45.2",酵母,其他研究对象,细胞／活体反应,8,,,非标题相分离主题
10.1186/s12934-020-01386-1,A glucotolerant β-glucosidase from the fungus Talaromyces amestolkiae and its conversion into a glycosynthase for glycosylation of phenolic compounds,酵母,其他研究对象,无细胞／分离酶,11,,,非标题相分离主题
10.1186/s12934-020-01479-x,The damage and tolerance mechanisms of Phaffia rhodozyma mutant strain MK19 grown at 28 °C,酵母,萜类／异戊二烯类,细胞／活体反应,1,,,非标题相分离主题
10.1186/s12934-020-1287-6,Production and characterization of yeasts grown on media composed of spruce-derived sugars and protein hydrolysates from chicken by-products,酵母,其他研究对象,细胞／活体反应,24,,,非标题相分离主题
10.1186/s12934-021-01523-4,Synthesis of cembratriene-ol and cembratriene-diol in yeast via the MVA pathway,酵母,萜类／异戊二烯类,发酵／反应器,6,发酵与过程优化,,非标题相分离主题
10.1186/s12934-021-01687-z,Establishment of a co-culture system using Escherichia coli and Pichia pastoris (Komagataella phaffii) for valuable alkaloid production,细菌,其他研究对象,细胞／活体反应,2,,,非标题相分离主题
10.1186/s12934-021-01712-1,"The history, state of the art and future prospects for oleaginous yeast research",酵母,其他研究对象,细胞／活体反应,3,,,非标题相分离主题
10.1186/s12934-022-01749-w,Multimodal approaches for the improvement of the cellular folding of a recombinant iron regulatory protein in E. coli,细菌,其他研究对象,细胞／活体反应,4,,,非标题相分离主题
10.1186/s12934-022-01775-8,"Biosensor-driven, model-based optimization of the orthogonally expressed naringenin biosynthesis pathway",细菌,黄酮类,细胞／活体反应,5,代谢与通路工程；发酵与过程优化,,非标题相分离主题
10.1186/s12934-022-01815-3,Biosynthesis of eriodictyol from tyrosine by Corynebacterium glutamicum,细菌,黄酮类,细胞／活体反应,7,前体与辅因子供给,,非标题相分离主题
10.1186/s12934-022-01863-9,Engineering heterologous enzyme secretion in Yarrowia lipolytica,酵母,异黄酮类,细胞／活体反应,2,,,非标题相分离主题
10.1186/s12934-022-01910-5,Farnesyl pyrophosphate compartmentalization in the green microalga Chlamydomonas reinhardtii during heterologous ( E )-α-bisabolene production,植物,萜类／异戊二烯类,未标注,1,空间组织与区室化,空间组织与区室化,非标题相分离主题
10.1186/s12934-022-01921-2,Integrated multi-omics analysis and microbial recombinant protein system reveal hydroxylation and glycosylation involving nevadensin biosynthesis in Lysionotus pauciflorus,细菌,黄酮类,未标注,51,,,非标题相分离主题
10.1186/s12934-022-01937-8,Engineering Saccharomyces cerevisiae for the production of dihydroquercetin from naringenin,酵母,黄酮类,细胞／活体反应,8,表达与动态调控,,非标题相分离主题
10.1186/s12934-022-01940-z,Identification of a flavonoid C -glycosyltransferase from fern species Stenoloma chusanum and the application in synthesizing flavonoid C -glycosides in Escherichia coli,细菌,黄酮类,细胞／活体反应,5,,,非标题相分离主题
10.1186/s12934-022-01979-y,Strategic optimization of conditions for the solubilization of GST-tagged amphipathic helix-containing ciliary proteins overexpressed as inclusion bodies in E. coli,细菌,其他研究对象,体外测定,6,表达与动态调控,表达与动态调控,非标题相分离主题
10.1186/s12934-022-01991-2,The future of recombinant host defense peptides,酵母,其他研究对象,细胞／活体反应,3,,,非标题相分离主题
10.1186/s12934-022-02010-0,Modular co-culture engineering of Yarrowia lipolytica for amorphadiene biosynthesis,酵母,萜类／异戊二烯类,细胞／活体反应,8,,,非标题相分离主题
10.1186/s12934-023-02033-1,Mastering targeted genome engineering of GC-rich oleaginous yeast for tailored plant oil alternatives for the food and chemical sector,酵母,其他研究对象,细胞／活体反应,9,,,非标题相分离主题
10.1186/s12934-023-02112-3,Yeast extracts from different manufacturers and supplementation of amino acids and micro elements reveal a remarkable impact on alginate production by A. vinelandii ATCC9046,酵母,其他研究对象,细胞／活体反应,4,,,非标题相分离主题
10.1186/s12934-023-02172-5,Metabolic engineering strategies for naringenin production enhancement in Streptomyces albidoflavus J1074,细菌,黄酮类,细胞／活体反应,8,代谢与通路工程；前体与辅因子供给,代谢与通路工程,非标题相分离主题
10.1186/s12934-023-02222-y,Microbial synthesis of the plant natural product precursor p -coumaric acid with Corynebacterium glutamicum,细菌,芪类,细胞／活体反应,5,,,非标题相分离主题
10.1186/s12934-023-02247-3,"Metabolic engineering in Streptomyces albidoflavus for the biosynthesis of the methylated flavonoids sakuranetin, acacetin, and genkwanin",细菌,黄酮类,细胞／活体反应,8,代谢与通路工程,代谢与通路工程,非标题相分离主题
10.1186/s12934-023-02251-7,Improved production of Taxol® precursors in S. cerevisiae using combinatorial in silico design and metabolic engineering,酵母,萜类／异戊二烯类,细胞／活体反应,7,代谢与通路工程,代谢与通路工程,非标题相分离主题
10.1186/s12934-023-02283-z,"Methanol bioconversion into C3, C4, and C5 platform chemicals by the yeast Ogataea polymorpha",酵母,萜类／异戊二烯类,细胞／活体反应,9,竞争途径与转运,,非标题相分离主题
10.1186/s12934-024-02390-5,Combinatorial metabolic engineering of Bacillus subtilis enables the efficient biosynthesis of isoquercitrin from quercetin,细菌,黄酮类,发酵／反应器,8,代谢与通路工程；发酵与过程优化；资源与环境,代谢与通路工程,非标题相分离主题
10.1186/s12934-024-02500-3,De novo biosynthesis of anthocyanins in Saccharomyces cerevisiae using metabolic pathway synthases from blueberry,酵母,黄酮类,发酵／反应器,8,,,非标题相分离主题
10.1186/s12934-024-02512-z,Metabolic engineering of Saccharomyces cerevisiae for enhanced taxadiene production,酵母,萜类／异戊二烯类,发酵／反应器,8,代谢与通路工程,代谢与通路工程,非标题相分离主题
10.1186/s12934-024-02582-z,Engineering an Escherichia coli strain for enhanced production of flavonoids derived from pinocembrin,细菌,黄酮类,细胞／活体反应,7,前体与辅因子供给；发酵与过程优化,,非标题相分离主题
10.1186/s12934-025-02691-3,Bacterial biosynthesis of abietane-type diterpene ferruginol from glucose,细菌,其他研究对象,细胞／活体反应,7,发酵与过程优化,,非标题相分离主题
10.1186/s12934-025-02744-7,Combinatorial metabolic engineering of Yarrowia lipolytica for high-level production of the plant-derived diterpenoid sclareol,酵母,其他研究对象,发酵／反应器,8,代谢与通路工程；发酵与过程优化,代谢与通路工程,非标题相分离主题
10.1186/s12934-025-02763-4,Streamlined production of immobilized D-psicose 3-epimerase via secretion in Pichia pastoris: a new paradigm for industrial D-psicose production,酵母,其他研究对象,无细胞／分离酶,97,,,非标题相分离主题
10.1186/s12934-025-02773-2,De novo biosynthesis of taxifolin in yeast peroxisomes,酵母,黄酮类,细胞／活体反应,24,代谢与通路工程；前体与辅因子供给；竞争途径与转运；空间组织与区室化,,非标题相分离主题
10.1186/s12934-025-02775-0,"Efficient refolding, purification, and characterization of barley oxalate oxidase in Escherichia coli",细菌,其他研究对象,无细胞／分离酶,5,,,非标题相分离主题
10.1186/s12934-025-02819-5,Identifying new targets for improving terpenoid biosynthesis in Yarrowia lipolytica through random genomic cytosine base editing,酵母,萜类／异戊二烯类,细胞／活体反应,5,发酵与过程优化,,非标题相分离主题
10.1186/s12934-025-02874-y,Metabolic engineering of Phaeodactylum tricornutum for heterologous production of the plant triterpenoid friedelin,植物,萜类／异戊二烯类,细胞／活体反应,6,代谢与通路工程,代谢与通路工程,非标题相分离主题
10.1186/s12934-026-02930-1,Directed screening and spatial coupling of farnesyl diphosphate synthase for enhancing menaquinone-7 production in Bacillus subtilis,细菌,萜类／异戊二烯类,细胞／活体反应,8,表达与动态调控；空间组织与区室化,,非标题相分离主题
10.1186/s12934-026-02999-8,Effect of the biomass production conditions on survival of the probiotic yeast Saccharomyces cerevisiae var. boulardii in a laboratory model of the gastrointestinal tract,酵母,未标注,体外测定,6,,,非标题相分离主题
10.1186/s12940-017-0248-y,Biological effects of exposure to static electric fields in humans and vertebrates: A systematic review,未标注,未标注,体外测定,6,,,非标题相分离主题
10.1186/s12951-022-01288-x,Biodegradable MoSe 2 -polyvinylpyrrolidone nanoparticles with multi-enzyme activity for ameliorating acute pancreatitis,植物,其他研究对象,无细胞／分离酶,1,,,非标题相分离主题
10.1186/s12964-014-0060-z,Calcium is the switch in the moonlighting dual function of the ligand-activated receptor kinase phytosulfokine receptor 1,细菌,其他研究对象,无细胞／分离酶,1,,,非标题相分离主题
10.1186/s12964-023-01242-w,Calcineurin stimulation by Cnb1p overproduction mitigates protein aggregation and α-synuclein toxicity in a yeast model of synucleinopathy,酵母,未标注,体外测定,5,,,非标题相分离主题
10.1186/s12967-022-03662-7,Genetic and epigenetic regulation of Catechol-O-methyltransferase in relation to inflammation in chronic fatigue syndrome and Fibromyalgia,哺乳动物／细胞,未标注,未标注,101,,,非标题相分离主题
10.1186/s12985-016-0512-8,S1 domain of the porcine epidemic diarrhea virus spike protein as a vaccine antigen Susanna Lau,酵母,其他研究对象,细胞／活体反应,2,,,非标题相分离主题
10.1186/s13036-025-00483-2,Modular plasmid design for autonomous multi-protein expression in Escherichia coli,细菌,黄酮类,无细胞／分离酶,3,,,非标题相分离主题
10.1186/s13036-025-00614-9,Metabolic engineering of Escherichia coli BW25113 for the production of Vitamin K2 based on CRISPR/Cas9 mediated gene knockout and metabolic pathway modification,细菌,其他研究对象,发酵／反应器,4,代谢与通路工程；表达与动态调控,代谢与通路工程,非标题相分离主题
10.1186/s13059-015-0685-2,Distinct roles of DNMT1-dependent and DNMT1-independent methylation patterns in the genome of mouse embryonic stem cells,哺乳动物／细胞,未标注,未标注,3,,,非标题相分离主题
10.1186/s13065-021-00781-y,"Phytochemical analysis, antioxidant and in vitro β-galactosidase inhibition activities of Juniperus phoenicea and Calicotome villosa methanolic extracts",其他宿主,其他研究对象,无细胞／分离酶,1,,,非标题相分离主题
10.1186/s13068-016-0617-8,"Photosynthetic conversion of CO 2 to farnesyl diphosphate-derived phytochemicals (amorpha-4,11-diene and squalene) by engineered cyanobacteria",蓝细菌,萜类／异戊二烯类,细胞／活体反应,8,表达与动态调控,,非标题相分离主题
10.1186/s13068-016-0645-4,Development of a modularized two-step (M2S) chromosome integration technique for integration of multiple transcription units in Saccharomyces cerevisiae,酵母,萜类／异戊二烯类,体外测定,10,表达与动态调控,,非标题相分离主题
10.1186/s13068-017-0728-x,Coupling gene regulatory patterns to bioprocess conditions to optimize synthetic metabolic modules for improved sesquiterpene production in yeast,酵母,萜类／异戊二烯类,细胞／活体反应,3,表达与动态调控,,非标题相分离主题
10.1186/s13068-018-1108-x,Single cell assessment of yeast metabolic engineering for enhanced lipid production using Raman and AFM-IR imaging,酵母,其他研究对象,细胞／活体反应,4,代谢与通路工程,代谢与通路工程,非标题相分离主题
10.1186/s13068-018-1114-z,Engineering global transcription to tune lipophilic properties in Yarrowia lipolytica,酵母,异黄酮类,细胞／活体反应,8,,,非标题相分离主题
10.1186/s13068-018-1210-0,Metabolic engineering of Escherichia coli for production of mixed isoprenoid alcohols and their derivatives,细菌,萜类／异戊二烯类,体外测定,7,代谢与通路工程；表达与动态调控,代谢与通路工程,非标题相分离主题
10.1186/s13068-018-1227-4,Astaxanthin overproduction in yeast by strain engineering and new gene target uncovering,酵母,萜类／异戊二烯类,细胞／活体反应,9,发酵与过程优化,,非标题相分离主题
10.1186/s13068-018-1231-8,I-Arabinose triggers its own uptake via induction of the arabinose-specific Gal2p transporter in an industrial Saccharomyces cerevisiae strain,酵母,其他研究对象,细胞／活体反应,12,竞争途径与转运,竞争途径与转运,非标题相分离主题
10.1186/s13068-018-1272-z,Renewable production of high density jet fuel precursor sesquiterpenes from Escherichia coli,细菌,萜类／异戊二烯类,细胞／活体反应,12,表达与动态调控；空间组织与区室化；资源与环境,资源与环境,非标题相分离主题
10.1186/s13068-018-1285-7,Synthesis and techno-economic assessment of microbial-based processes for terpenes production,其他宿主,萜类／异戊二烯类,细胞／活体反应,108,,,非标题相分离主题
10.1186/s13068-019-1377-z,Enhancing co-translational folding of heterologous protein by deleting non-essential ribosomal proteins in Pichia pastoris,酵母,异黄酮类,细胞／活体反应,2,发酵与过程优化,,非标题相分离主题
10.1186/s13068-019-1415-x,"Improving squalene production by enhancing the NADPH/NADP + ratio, modifying the isoprenoid-feeding module and blocking the menaquinone pathway in Escherichia coli",细菌,萜类／异戊二烯类,细胞／活体反应,6,前体与辅因子供给；表达与动态调控,前体与辅因子供给,非标题相分离主题
10.1186/s13068-019-1580-y,Engineering the oleaginous yeast Yarrowia lipolytica to produce limonene from waste cooking oil,酵母,萜类／异戊二烯类,细胞／活体反应,9,表达与动态调控,,非标题相分离主题
10.1186/s13068-019-1643-0,Structure-based directed evolution improves S. cerevisiae growth on xylose by influencing in vivo enzyme performance,酵母,未标注,无细胞／分离酶,3,酶与蛋白工程,酶与蛋白工程,非标题相分离主题
10.1186/s13068-020-01765-1,Growth-uncoupled isoprenoid synthesis in Rhodobacter sphaeroides,细菌,萜类／异戊二烯类,未标注,6,,,非标题相分离主题
10.1186/s13068-020-1664-8,Fumarate production with Rhizopus oryzae: Utilising the Crabtree effect to minimise ethanol by-product formation,其他宿主,其他研究对象,细胞／活体反应,1,竞争途径与转运,竞争途径与转运,非标题相分离主题
10.1186/s13068-020-1671-9,Genome sequencing of gut symbiotic Bacillus velezensis LC1 for bioethanol production from bamboo shoots,细菌,其他研究对象,细胞／活体反应,175,竞争途径与转运,,非标题相分离主题
10.1186/s13068-021-01875-4,Valorization of outer tunic of the marine filter feeder Ciona intestinalis towards the production of second-generation biofuel and prebiotic oligosaccharides,酵母,其他研究对象,细胞／活体反应,1,,,非标题相分离主题
10.1186/s13068-021-01950-w,Further engineering of R. toruloides for the production of terpenes from lignocellulosic biomass,其他宿主,其他研究对象,细胞／活体反应,2,,,非标题相分离主题
10.1186/s13068-021-02046-1,Glutamine involvement in nitrogen regulation of cellulase production in fungi,其他宿主,其他天然产物,未标注,45,,,非标题相分离主题
10.1186/s13068-022-02176-0,Metabolic engineering of Ashbya gossypii for limonene production from xylose,酵母,萜类／异戊二烯类,细胞／活体反应,6,代谢与通路工程；表达与动态调控,代谢与通路工程,非标题相分离主题
10.1186/s13068-022-02188-w,Optimum flux rerouting for efficient production of naringenin from acetate in engineered Escherichia coli,细菌,黄酮类,发酵／反应器,60,前体与辅因子供给；表达与动态调控；发酵与过程优化,,非标题相分离主题
10.1186/s13068-022-02208-9,Metabolic recycling of storage lipids promotes squalene biosynthesis in yeast,酵母,萜类／异戊二烯类,细胞／活体反应,7,表达与动态调控；发酵与过程优化,,非标题相分离主题
10.1186/s13068-022-02228-5,An efficient preparation and biocatalytic synthesis of novel C-glycosylflavonols kaempferol 8-C-glucoside and quercetin 8-C-glucoside through using resting cells and macroporous resins,多类别并列,黄酮类,未标注,8,,,非标题相分离主题
10.1186/s13068-023-02301-7,Microbial production of high octane and high sensitivity olefinic ester biofuels,细菌,其他研究对象,细胞／活体反应,4,,,非标题相分离主题
10.1186/s13071-016-1943-1,Identification of host proteins interacting with Toxoplasma gondii GRA15 (TgGRA15) by yeast two-hybrid system,酵母,其他研究对象,未标注,1,,,非标题相分离主题
10.1186/s13071-017-2381-4,γ-Carboxymuconolactone decarboxylase: A novel cell cycle-related basal body protein in the early branching eukaryote Trichomonas vaginalis,其他宿主,未标注,未标注,7,,,非标题相分离主题
10.1186/s13072-018-0180-6,The bromodomain-containing protein Ibd1 links multiple chromatin-related protein complexes to highly expressed genes in Tetrahymena thermophila,其他宿主,未标注,未标注,6,,,非标题相分离主题
10.1186/s13100-022-00284-0,A proteomic screen of Ty1 integrase partners identifies the protein kinase CK2 as a regulator of Ty1 retrotransposition,酵母,其他研究对象,未标注,16,,,非标题相分离主题
10.1186/s13568-018-0564-9,Exploring d-xylose oxidation in Saccharomyces cerevisiae through the Weimberg pathway,酵母,其他研究对象,无细胞／分离酶,1,,,非标题相分离主题
10.1186/s13568-021-01297-3,Differential induction of antioxidant and anti-inflammatory phytochemicals in agitated micro-shoot cultures of Ajuga integrifolia Buch. Ham. ex D.Don with biotic elicitors,酵母,其他研究对象,未标注,2,,,非标题相分离主题
10.1186/s13568-021-01308-3,Histamine binding activity of surface-modified yeast by histamine binding protein (HBP),酵母,其他研究对象,细胞／活体反应,3,,,非标题相分离主题
10.1186/s13568-023-01590-3,Cinnamic acid and p -coumaric acid are metabolized to 4-hydroxybenzoic acid by Yarrowia lipolytica,酵母,其他研究对象,细胞／活体反应,22,,,非标题相分离主题
10.1186/s13568-024-01795-0,Engineering Komagataella phaffii for ethylene glycol production from xylose,酵母,其他研究对象,发酵／反应器,23,发酵与过程优化,,非标题相分离主题
10.1186/s13765-022-00727-5,Production of isoquercitrin from quercetin by biotransformation using Bascillus sp. CSQ10 isolated from Camellia sinensis cultivation soils,细菌,黄酮类,细胞／活体反应,6,,,非标题相分离主题
10.1186/s13765-023-00785-3,Fermentation characteristics and radical scavenging capacities of ginseng berry kombucha fermented by Saccharomyces cerevisiae and Gluconobacter oxydans,酵母,其他研究对象,发酵／反应器,2,,,非标题相分离主题
10.1186/s13765-024-00955-x,Biosynthesis of phloretin and its C-glycosides through stepwise culture of Escherichia coli,细菌,其他研究对象,未标注,8,,,非标题相分离主题
10.1186/s40168-023-01573-3,Global analysis of the biosynthetic chemical space of marine prokaryotes,细菌,其他天然产物,细胞／活体反应,14,,,非标题相分离主题
10.1186/s40360-020-00405-6,"In vitro and in vivo effects of flubendiamide and copper on cyto-genotoxicity, oxidative stress and spleen histology of rats and its modulation by resveratrol, catechin, curcumin and α-tocopherol",细菌,芪类,体外测定,18,,,非标题相分离主题
10.1186/s40360-021-00539-1,Assessment of NSAIDs as potential inhibitors of the fatty acid amide hydrolase I (FAAH-1) using three different primary fatty acid amide substrates in vitro,哺乳动物／细胞,其他研究对象,无细胞／分离酶,3,,,非标题相分离主题
10.1186/s40643-022-00493-8,Toward improved terpenoids biosynthesis: strategies to enhance the capabilities of cell factories,酵母,萜类／异戊二烯类,细胞／活体反应,3,酶与蛋白工程；发酵与过程优化,,非标题相分离主题
10.1186/s40643-022-00497-4,Biotechnological advances for improving natural pigment production: a state-of-the-art review,其他宿主,萜类／异戊二烯类,发酵／反应器,3,,,非标题相分离主题
10.1186/s40643-023-00632-9,Application of environmental-safe fermentation with Saccharomyces cerevisiae for increasing the cinnamon biological activities,酵母,其他研究对象,体外测定,1,,,非标题相分离主题
10.1186/s40643-024-00777-1,N-terminal truncated phospholipase A1 accessory protein PlaS from Serratia marcescens alleviates inhibitory on host cell growth and enhances PlaA1 enzymatic activity,细菌,其他研究对象,细胞／活体反应,1,,,非标题相分离主题
10.1186/s40643-024-00825-w,De novo biosynthesis of quercetin in Yarrowia Lipolytica through systematic metabolic engineering for enhanced yield,酵母,黄酮类,细胞／活体反应,43,代谢与通路工程；前体与辅因子供给；表达与动态调控,代谢与通路工程,非标题相分离主题
10.1186/s40643-026-01068-7,Methanol-based biosynthesis of p-coumaric acid by engineered Pichia pastoris,酵母,苯丙素类,发酵／反应器,8,表达与动态调控；竞争途径与转运；发酵与过程优化,,非标题相分离主题
10.1186/s40659-024-00500-6,General regulatory factors exert differential effects on nucleosome sliding activity of the ISW1a complex,酵母,其他研究对象,无细胞／分离酶,1,,,非标题相分离主题
10.1186/s40659-025-00627-0,Variations in flanking or less conserved positions of Reb1 and Abf1 consensus binding sites lead to major changes in their ability to modulate nucleosome sliding activity,酵母,未标注,体外测定,32,,,非标题相分离主题
10.1186/s40694-024-00187-0,Enhancement of antioxidant activity and total phenolic content of Fomitopsis pinicola mycelium extract,酵母,苯丙素类,细胞／活体反应,1,,,非标题相分离主题
10.1186/s40780-023-00310-0,"Induction of CYP3A activity by dexamethasone may not be strong, even at high doses: insights from a case of tacrolimus co-administration",植物,未标注,体外测定,5,,,非标题相分离主题
10.1186/s41065-023-00272-1,SMPD1 expression profile and mutation landscape help decipher genotype–phenotype association and precision diagnosis for acid sphingomyelinase deficiency,未标注,未标注,未标注,36,,,非标题相分离主题
10.1186/s41938-020-00323-z,"Statistical optimization of xylanase production, using different agricultural wastes by Aspergillus oryzae MN894021, as a biological control of faba bean root diseases",酵母,其他研究对象,细胞／活体反应,7,,,非标题相分离主题
10.1186/s42779-024-00221-x,"Cultural, nutritional and microbial perspectives of tuak, a traditional Balinese beverage",酵母,其他研究对象,发酵／反应器,29,,,非标题相分离主题
10.1186/s43008-023-00123-8,Fucose as a nutrient ligand for Dikarya and a building block of early diverging lineages,其他宿主,未标注,未标注,2,,,非标题相分离主题
10.1186/s43088-024-00524-7,Metabolic engineering of terpene metabolism in lavender,酵母,萜类／异戊二烯类,细胞／活体反应,11,代谢与通路工程；表达与动态调控；发酵与过程优化,代谢与通路工程,非标题相分离主题
10.1371/journal.pbio.0020079,Extensive association of functionally and cytotopically related mRNAs with Puf family RNA-binding proteins in yeast,酵母,未标注,细胞／活体反应,5,,,非标题相分离主题
10.1371/journal.pbio.1000133,Biofilm matrix regulation by Candida albicans Zap1,酵母,萜类／异戊二烯类,体外测定,1,表达与动态调控,,非标题相分离主题
10.1371/journal.pbio.1000512,Fission yeast cells undergo nuclear division in the absence of spindle microtubules,酵母,未标注,细胞／活体反应,2,,,非标题相分离主题
10.1371/journal.pbio.1001122,Sucrose utilization in budding yeast as a model for the origin of undifferentiated multicellularity,酵母,其他研究对象,细胞／活体反应,1,,,非标题相分离主题
10.1371/journal.pbio.1001860,RNA Mimicry by the Fap7 Adenylate Kinase in Ribosome Biogenesis,酵母,其他研究对象,无细胞／分离酶,1,,,非标题相分离主题
10.1371/journal.pbio.3002725,Prophage induction can facilitate the in vitroAU : Pl dispersal of multicellular Streptomyces structures,细菌,其他研究对象,体外测定,1,,,非标题相分离主题
10.1371/journal.pcbi.1001009,"Simultaneous Genome-Wide Inference of Physical, Genetic, Regulatory, and Functional Pathway Components",酵母,未标注,细胞／活体反应,4,,,非标题相分离主题
10.1371/journal.pcbi.1008704,A kinetic model of the central carbon metabolism for acrylic acid production in Escherichia coli,细菌,其他研究对象,体外测定,8,前体与辅因子供给；表达与动态调控,,非标题相分离主题
10.1371/journal.pgen.1000669,"A yeast two-hybrid screen for SYP-3 interactors identifies SYP-4, a component required for synaptonemal complex assembly and chiasma formation in Caenorhabditis elegans meiosis",酵母,凝聚体相关体系,体外测定,2,,,非标题相分离主题
10.1371/journal.pgen.1000935,B-Cyclin/CDKs regulate mitotic spindle assembly by phosphorylating kinesins-5 in budding yeast,酵母,未标注,细胞／活体反应,3,,,非标题相分离主题
10.1371/journal.pgen.1002253,Elevated proteasome capacity extends replicative lifespan in saccharomyces cerevisiae,酵母,芪类,无细胞／分离酶,3,表达与动态调控,,非标题相分离主题
10.1371/journal.pgen.1004302,Phosphorylation Modulates Clearance of Alpha-Synuclein Inclusions in a Yeast Model of Parkinson's Disease,酵母,未标注,细胞／活体反应,1,,,非标题相分离主题
10.1371/journal.pgen.1004354,"G×G×E for Lifespan in Drosophila: Mitochondrial, Nuclear, and Dietary Interactions that Modify Longevity",酵母,芪类,未标注,7,,,非标题相分离主题
10.1371/journal.pgen.1004666,Licensing of Yeast Centrosome Duplication Requires Phosphoregulation of Sfi1,酵母,未标注,体外测定,1,,,非标题相分离主题
10.1371/journal.pgen.1004692,Genetic Influences on Translation in Yeast,酵母,未标注,细胞／活体反应,2,,,非标题相分离主题
10.1371/journal.pgen.1004741,Systematic Comparison of the Effects of Alpha-synuclein Mutations on Its Oligomerization and Aggregation,酵母,凝聚体相关体系,未标注,1,,,非标题相分离主题
10.1371/journal.pgen.1005335,Separable Crossover-Promoting and Crossover-Constraining Aspects of Zip1 Activity during Budding Yeast Meiosis,酵母,其他研究对象,细胞／活体反应,13,,,非标题相分离主题
10.1371/journal.pgen.1005653,Small Rad51 and Dmc1 Complexes Often Co-occupy Both Ends of a Meiotic DNA Double Strand Break,酵母,凝聚体相关体系,细胞／活体反应,1,,,非标题相分离主题
10.1371/journal.pgen.1006277,A Checkpoint-Related Function of the MCM Replicative Helicase Is Required to Avert Accumulation of RNA:DNA Hybrids during S-phase and Ensuing DSBs during G2/M,酵母,凝聚体相关体系,细胞／活体反应,1,,,非标题相分离主题
10.1371/journal.pgen.1006708,Disrupting the cortical actin cytoskeleton points to two distinct mechanisms of yeast [PSI+] prion formation,酵母,凝聚体相关体系,细胞／活体反应,9,空间组织与区室化,,非标题相分离主题
10.1371/journal.pgen.1007013,Lingering single-strand breaks trigger Rad51-independent homology-directed repair of collapsed replication forks in the polynucleotide kinase/phosphatase mutant of fission yeast,酵母,未标注,细胞／活体反应,2,,,非标题相分离主题
10.1371/journal.pgen.1007886,"Narya, a RING finger domain-containing protein, is required for meiotic DNA double-strand break formation and crossover maturation in Drosophila melanogaster",其他宿主,凝聚体相关体系,细胞／活体反应,1,,,非标题相分离主题
10.1371/journal.pgen.1008911,The role of gene dosage in budding yeast centrosome scaling and spontaneous diploidization,酵母,未标注,细胞／活体反应,1,表达与动态调控,表达与动态调控,非标题相分离主题
10.1371/journal.pgen.1009442,Behavior of dicentric chromosomes in budding yeast,酵母,未标注,细胞／活体反应,4,,,非标题相分离主题
10.1371/journal.pgen.1009526,Expression of the cancer-associated DNA polymerase ϵ P286R in fission yeast leads to translesion synthesis polymerase dependent hypermutation and defective DNA replication,酵母,其他研究对象,体外测定,5,,,非标题相分离主题
10.1371/journal.pgen.1010322,DMC1 attenuates RAD51-mediated recombination in Arabidopsis,植物,凝聚体相关体系,细胞／活体反应,1,,,非标题相分离主题
10.1371/journal.pgen.1010661,Identification of exceptionally potent adenosine deaminases RNA editors from high body temperature organisms,酵母,未标注,细胞／活体反应,2,,,非标题相分离主题
10.1371/journal.pgen.1010774,Pbp1 associates with Puf3 and promotes translation of its target mRNAs involved in mitochondrial biogenesis,酵母,未标注,细胞／活体反应,2,,,非标题相分离主题
10.1371/journal.pgen.1011152,Endolysosomal trafficking controls yolk granule biogenesis in vitellogenic Drosophila oocytes,其他宿主,凝聚体相关体系,细胞／活体反应,1,,,非标题相分离主题
10.1371/journal.pgen.1011306,Evolution recovers the fitness of Acinetobacter baylyi strains with large deletions through mutations in deletion-specific targets and global post-transcriptional regulators,细菌,未标注,未标注,4,代谢与通路工程,,非标题相分离主题
10.1371/journal.pntd.0004401,Yeast-Based High-Throughput Screens to Identify Novel Compounds Active against Brugia malayi,酵母,未标注,体外测定,8,,,非标题相分离主题
10.1371/journal.pone.0001448,Yeast screens identify the RNA polymerase II CTD and SPT5 as relevant targets of BRCA1 interaction,酵母,未标注,细胞／活体反应,1,,,非标题相分离主题
10.1371/journal.pone.0001507,Reconstitution of Mdm2-dependent post-translational modifications of p53 in yeast,酵母,未标注,细胞／活体反应,1,,,非标题相分离主题
10.1371/journal.pone.0002221,"A DNA polymerase α accessory protein, Mcl1, is required for propagation of centromere structures in fission yeast",酵母,未标注,体外测定,2,,,非标题相分离主题
10.1371/journal.pone.0003348,Cellular mechanisms underlying the laxative effect of flavonol Naringenin on rat constipation model,哺乳动物／细胞,黄酮类,无细胞／分离酶,4,,,非标题相分离主题
10.1371/journal.pone.0003514,Hybrids of the bHLH and bZIP protein motifs display different DNA-binding activities in vivo vs. in vitro,酵母,未标注,体外测定,4,,,非标题相分离主题
10.1371/journal.pone.0005834,Nucleocytoplasmic shuttling activity of ataxin-3,酵母,其他研究对象,无细胞／分离酶,3,,,非标题相分离主题
10.1371/journal.pone.0006563,Multisite phosphorylation of the guanine nucleotide exchange factor Cdc24 during yeast cell polarization,酵母,未标注,未标注,1,,,非标题相分离主题
10.1371/journal.pone.0010006,"Localization to, and effects of Pbp1, Pbp4, Lsm12, Dhh1, and Pab1 on stress granules in Saccharomyces cerevisiae",酵母,凝聚体相关体系,细胞／活体反应,11,空间组织与区室化,,非标题相分离主题
10.1371/journal.pone.0011931,Dynamics of Kv1 channel transport in axons,哺乳动物／细胞,凝聚体相关体系,细胞／活体反应,9,,,非标题相分离主题
10.1371/journal.pone.0013692,A New Fluorescence-Based Method Identifies Protein Phosphatases Regulating Lipid Droplet Metabolism,酵母,凝聚体相关体系,细胞／活体反应,1,,,非标题相分离主题
10.1371/journal.pone.0015426,Identification of Saccharomyces cerevisiae spindle pole body remodeling factors,酵母,未标注,细胞／活体反应,5,,,非标题相分离主题
10.1371/journal.pone.0017632,A role for amyloid in cell aggregation and biofilm formation,酵母,未标注,体外测定,2,,,非标题相分离主题
10.1371/journal.pone.0018079,A Conserved Cysteine Motif Is Critical for Rice Ceramide Kinase Activity and Function,细菌,其他研究对象,无细胞／分离酶,1,,,非标题相分离主题
10.1371/journal.pone.0025681,Development of non-natural flavanones as antimicrobial agents,酵母,黄酮类,无细胞／分离酶,6,,,非标题相分离主题
10.1371/journal.pone.0029832,Amyloid-mediated sequestration of essential proteins contributes to mutant huntingtin toxicity in yeast,酵母,凝聚体相关体系,未标注,3,,,非标题相分离主题
10.1371/journal.pone.0030472,Histone chaperone Asf1 plays an essential role in maintaining genomic stability in fission yeast,酵母,未标注,细胞／活体反应,2,,,非标题相分离主题
10.1371/journal.pone.0037230,Semi-selective fatty acyl reductases from four heliothine moths influence the specific pheromone composition,酵母,其他天然产物,未标注,2,,,非标题相分离主题
10.1371/journal.pone.0043608,A New Zearalenone Biodegradation Strategy Using Non-Pathogenic Rhodococcus pyridinivorans K408 Strain,细菌,其他研究对象,细胞／活体反应,1,,,非标题相分离主题
10.1371/journal.pone.0047091,DNA Polymerase α ( swi7 ) and the Flap Endonuclease Fen1 ( rad2 ) Act Together in the S-Phase Alkylation Damage Response in S . pombe,酵母,未标注,细胞／活体反应,1,,,非标题相分离主题
10.1371/journal.pone.0060384,Deficient Sumoylation of Yeast2-Micron Plasmid Proteins Rep1 and Rep2 Associated with Their Loss from the Plasmid-Partitioning Locus and Impaired Plasmid Inheritance,酵母,未标注,细胞／活体反应,1,,,非标题相分离主题
10.1371/journal.pone.0068812,An Innovative Cloning Platform Enables Large-Scale Production and Maturation of an Oxygen-Tolerant [NiFe]-Hydrogenase from Cupriavidus necator in Escherichia coli,细菌,其他研究对象,细胞／活体反应,5,,,非标题相分离主题
10.1371/journal.pone.0070100,Yeast One-Hybrid Gγ Recruitment System for Identification of Protein Lipidation Motifs,酵母,萜类／异戊二烯类,无细胞／分离酶,12,,,非标题相分离主题
10.1371/journal.pone.0074881,Evaluation of Estrogenic Potential of Flavonoids Using a Recombinant Yeast Strain and MCF7/BUS Cell Proliferation Assay,酵母,黄酮类,细胞／活体反应,5,,,非标题相分离主题
10.1371/journal.pone.0075164,Combining Genotype Improvement and Statistical Media Optimization for Isoprenoid Production in E . coli,细菌,萜类／异戊二烯类,细胞／活体反应,8,,,非标题相分离主题
10.1371/journal.pone.0075372,Ubp2 Regulates Rsp5 Ubiquitination Activity In Vivo and In Vitro,酵母,其他研究对象,体外测定,1,,,非标题相分离主题
10.1371/journal.pone.0079582,Spontaneous Variants of the [RNQ+] Prion in Yeast Demonstrate the Extensive Conformational Diversity Possible with Prion Proteins,酵母,凝聚体相关体系,体外测定,1,,,非标题相分离主题
10.1371/journal.pone.0080018,Effects of Cadmium and Mercury on the Upper Part of Skeletal Muscle Glycolysis in Mice,哺乳动物／细胞,其他研究对象,未标注,1,,,非标题相分离主题
10.1371/journal.pone.0083290,Combination of Entner-Doudoroff Pathway with MEP Increases Isoprene Production in Engineered Escherichia coli,细菌,萜类／异戊二烯类,细胞／活体反应,2,,,非标题相分离主题
10.1371/journal.pone.0087112,Kinetics of Phosphomevalonate Kinase from Saccharomyces cerevisiae,细菌,其他研究对象,无细胞／分离酶,1,,,非标题相分离主题
10.1371/journal.pone.0089883,VelC positively controls sexual development in aspergillus nidulans,细菌,未标注,体外测定,5,,,非标题相分离主题
10.1371/journal.pone.0093781,Astral microtubule pivoting promotes their search for cortical anchor sites during mitosis in budding yeast,酵母,未标注,未标注,2,,,非标题相分离主题
10.1371/journal.pone.0095988,A Wickerhamomyces anomalus killer strain in the malaria vector Anopheles stephensi,酵母,其他天然产物,细胞／活体反应,7,,,非标题相分离主题
10.1371/journal.pone.0096595,Yeast modulation of human dendritic cell cytokine secretion: An in vitro study,酵母,未标注,体外测定,7,,,非标题相分离主题
10.1371/journal.pone.0096762,Genetic Profiling of the Isoprenoid and Sterol Biosynthesis Pathway Genes of Trypanosoma cruzi,酵母,萜类／异戊二烯类,体外测定,3,,,非标题相分离主题
10.1371/journal.pone.0101294,"Budding yeast kinetochore proteins, Chl4 and Ctf19, are required to maintain SPB-centromere proximity during G1 and late anaphase",酵母,未标注,体外测定,11,,,非标题相分离主题
10.1371/journal.pone.0101492,Modular Optimization of Heterologous Pathways for De Novo Synthesis of (2S)-Naringenin in Escherichia coli,细菌,黄酮类,细胞／活体反应,4,,,非标题相分离主题
10.1371/journal.pone.0102474,Effect of chromosome tethering on nuclear organization in yeast,酵母,未标注,体外测定,12,,,非标题相分离主题
10.1371/journal.pone.0104161,The RFTS domain of Raf2 is required for Cul4 interaction and heterochromatin integrity in fission yeast,酵母,未标注,细胞／活体反应,1,,,非标题相分离主题
10.1371/journal.pone.0107810,Transgenic mice expressing yeast CUP1 exhibit increased copper utilization from feeds,酵母,未标注,未标注,3,,,非标题相分离主题
10.1371/journal.pone.0109348,Biosynthesis of taxadiene in saccharomyces cerevisiae: Selection of geranylgeranyl diphosphate synthase directed by a computer-aided docking strategy,酵母,萜类／异戊二烯类,体外测定,7,发酵与过程优化,,非标题相分离主题
10.1371/journal.pone.0111253,Enhancement of lipid productivity in oleaginous colletotrichum fungus through genetic transformation using the yeast ctDGAT2b gene under model-optimized growth condition,酵母,其他研究对象,细胞／活体反应,13,表达与动态调控,,非标题相分离主题
10.1371/journal.pone.0120702,A genomic screen revealing the importance of vesicular trafficking pathways in genome maintenance and protection against genotoxic stress in diploid saccharomyces cerevisiae cells,酵母,未标注,细胞／活体反应,2,,,非标题相分离主题
10.1371/journal.pone.0122241,"Effects of unfermented and fermented whole grain rye crisp breads served as part of a standardized breakfast, on appetite and postprandial glucose and insulin responses: A randomized cross-over trial",酵母,未标注,体外测定,2,,,非标题相分离主题
10.1371/journal.pone.0122770,Evolutionarily conserved 5′-3′ exoribonuclease Xrn1 accumulates at plasma membrane-associated eisosomes in post-diauxic yeast,酵母,未标注,细胞／活体反应,1,空间组织与区室化,,非标题相分离主题
10.1371/journal.pone.0126919,Hbr1 activates and represses hyphal growth in Candida albicans and regulates fungal morphogenesis under embedded conditions,酵母,未标注,细胞／活体反应,2,,,非标题相分离主题
10.1371/journal.pone.0129727,The toxic effects of pathogenic ataxin-3 variants in a yeast cellular model,酵母,未标注,无细胞／分离酶,3,,,非标题相分离主题
10.1371/journal.pone.0134041,Expression and subcellular distribution of GFP-Tagged human tetraspanin proteins in saccharomyces cerevisiae,酵母,其他研究对象,未标注,8,,,非标题相分离主题
10.1371/journal.pone.0135966,Molecular design of bisphosphonate-modified proteins for efficient bone targeting in vivo,酵母,未标注,细胞／活体反应,2,,,非标题相分离主题
10.1371/journal.pone.0136362,Proteins with intrinsically disordered domains are preferentially recruited to polyglutamine aggregates,酵母,未标注,体外测定,1,,,非标题相分离主题
10.1371/journal.pone.0137066,Bioconversion of pinoresinol diglucoside and pinoresinol from substrates in the phenylpropanoid pathway by resting cells of phomopsis sp.XP-8,其他宿主,其他研究对象,细胞／活体反应,6,,,非标题相分离主题
10.1371/journal.pone.0148204,Cth2 protein mediates early adaptation of yeast cells to oxidative stress conditions,酵母,未标注,细胞／活体反应,2,,,非标题相分离主题
10.1371/journal.pone.0148650,Water-transfer slows aging in Saccharomyces cerevisiae,酵母,其他研究对象,无细胞／分离酶,6,,,非标题相分离主题
10.1371/journal.pone.0148897,Recruitment of Saccharomyces cerevisiae Cmr1/Ydl156w to Coding Regions Promotes Transcription Genome Wide,酵母,未标注,细胞／活体反应,1,,,非标题相分离主题
10.1371/journal.pone.0150865,Determinants of amyloid formation for the yeast termination factor nab3,酵母,未标注,体外测定,7,,,非标题相分离主题
10.1371/journal.pone.0151403,"Digestion of Yeasts and Beta-1,3-Glucanases in Mosquito Larvae: Physiological and Biochemical Considerations",酵母,未标注,无细胞／分离酶,2,,,非标题相分离主题
10.1371/journal.pone.0160198,"The Effect of Dietary Replacement of Ordinary Rice with Red Yeast Rice on Nutrient Utilization, Enteric Methane Emission and Rumen Archaeal Diversity in Goats",酵母,萜类／异戊二烯类,体外测定,4,表达与动态调控,,非标题相分离主题
10.1371/journal.pone.0161502,Transcriptional regulation of aerobic metabolism in pichia pastoris fermentation,酵母,其他研究对象,发酵／反应器,8,,,非标题相分离主题
10.1371/journal.pone.0167357,Stable host gene expression in the gut of adult Drosophila melanogaster with different bacterial mono-associations,酵母,未标注,发酵／反应器,2,,,非标题相分离主题
10.1371/journal.pone.0174306,Nucleolar asymmetry and the importance of septin integrity upon cell cycle arrest,酵母,未标注,细胞／活体反应,2,,,非标题相分离主题
10.1371/journal.pone.0179369,ERAD defects and the HFE-H63D variant are associated with increased risk of liver damages in Alpha 1-Antitrypsin Deficiency,酵母,其他研究对象,细胞／活体反应,4,,,非标题相分离主题
10.1371/journal.pone.0180994,Position effects influencing intrachromosomal repair of a double-strand break in budding yeast,酵母,未标注,细胞／活体反应,6,,,非标题相分离主题
10.1371/journal.pone.0184905,A prolonged chronological lifespan is an unexpected benefit of the [PSI+] prion in yeast,酵母,未标注,未标注,1,,,非标题相分离主题
10.1371/journal.pone.0185416,The role of PKA in the translational response to heat stress in Saccharomyces cerevisiae,酵母,凝聚体相关体系,细胞／活体反应,2,,,非标题相分离主题
10.1371/journal.pone.0185516,Low RNA Polymerase III activity results in up regulation of HXT2 glucose transporter independently of glucose signaling and despite changing environment,酵母,未标注,无细胞／分离酶,2,竞争途径与转运,竞争途径与转运,非标题相分离主题
10.1371/journal.pone.0192250,The Candida albicans stress response gene Stomatin-Like Protein 3 is implicated in ROS-induced apoptotic-like death of yeast phase cells,酵母,未标注,未标注,4,,,非标题相分离主题
10.1371/journal.pone.0192653,"Recombinant expression, purification and biochemical characterization of kievitone hydratase from Nectria haematococca",酵母,其他研究对象,无细胞／分离酶,1,,,非标题相分离主题
10.1371/journal.pone.0196165,Dietary yeast-derived mannan oligosaccharides have immune-modulatory properties but do not improve high fat diet-induced obesity and glucose intolerance,酵母,未标注,未标注,1,,,非标题相分离主题
10.1371/journal.pone.0198516,Genome-wide screen reveals important roles for ESCRT proteins in drug/ion resistance of fission yeast,酵母,未标注,细胞／活体反应,4,竞争途径与转运,,非标题相分离主题
10.1371/journal.pone.0204325,"An amine oxidase gene from mud crab, Scylla paramamosain , regulates the neurotransmitters serotonin and dopamine in vitro",其他宿主,黄酮类,体外测定,1,,,非标题相分离主题
10.1371/journal.pone.0207127,"Use of live yeast and mannan-oligosaccharides in grain-based diets for cattle: Ruminal parameters, nutrient digestibility, and inflammatory response",酵母,未标注,体外测定,1,,,非标题相分离主题
10.1371/journal.pone.0207278,"De novo biosynthesis of myricetin, kaempferol and quercetin in Streptomyces albus and Streptomyces coelicolor",细菌,黄酮类,细胞／活体反应,1,前体与辅因子供给,,非标题相分离主题
10.1371/journal.pone.0233197,GCN sensitive protein translation in yeast,酵母,未标注,细胞／活体反应,2,,,非标题相分离主题
10.1371/journal.pone.0239076,"The effects of solid-state fermentation on the content, composition and in vitro antioxidant activity of flavonoids from dandelion",其他宿主,黄酮类,发酵／反应器,1,,,非标题相分离主题
10.1371/journal.pone.0246810,"Chemical characterization and in vitro immunomodulatory effects of different extracts of moss Hedwigia ciliata (Hedw.) P. Beauv. From the Vršačke Planine Mts., Serbia",植物,黄酮类,体外测定,1,,,非标题相分离主题
10.1371/journal.pone.0273010,Proteomic analysis of Masson pine with high resistance to pine wood nematodes,植物,萜类／异戊二烯类,体外测定,33,,,非标题相分离主题
10.1371/journal.pone.0283002,Foci-forming regions of pyruvate kinase and enolase at the molecular surface incorporate proteins into yeast cytoplasmic metabolic enzymes transiently assembling (META) bodies,酵母,凝聚体相关体系,细胞／活体反应,1,,,非标题相分离主题
10.1371/journal.pone.0286944,"Isolation, functional evaluation, and fermentation process optimization of probiotic Bacillus coagulans",酵母,其他研究对象,发酵／反应器,7,发酵与过程优化,发酵与过程优化,非标题相分离主题
10.1371/journal.pone.0303008,Disruption of the nascent polypeptide-associated complex leads to reduced polyglutamine aggregation and toxicity,酵母,未标注,细胞／活体反应,1,,,非标题相分离主题
10.1371/journal.pone.0321190,"Qualitative phytochemical profiling, and in vitro antimicrobial and antioxidant activity of Psidium guajava (Guava)",细菌,黄酮类,体外测定,2,,,非标题相分离主题
10.1371/journal.pone.0326317,Hederagenin’s uric acid-lowering effects in hyperuricemic mice: Mechanistic insights from molecular docking and in vivo analysis,酵母,萜类／异戊二烯类,细胞／活体反应,2,,,非标题相分离主题
10.1371/journal.pone.0329977,Alkaloid production of Solanum elaeagnifolium Cav from callus for anticancer potential using gene expression of cancer-related genes,酵母,其他天然产物,体外测定,5,,,非标题相分离主题
10.1371/journal.pone.0336433,Enzymatic properties of a L-asparaginase without secondary glutaminase activity from Streptomyces scabrisporus,细菌,其他研究对象,体外测定,1,,,非标题相分离主题
10.1371/journal.pone.0340990,Global profiling of α-glucosidase inhibitors from Citri Reticulatae Pericarpium based on affinity ultrafiltration screening coupled with UPLC-ESI-Orbitrap-MS method,酵母,其他研究对象,无细胞／分离酶,1,,,非标题相分离主题
10.1371/journal.pone.0349664,"Partial fishmeal replacement with poultry by-product meal and yeast enhances growth and health in Clarias gariepinus, while unbalanced PBM diets induce metabolic stress",酵母,未标注,未标注,4,,,非标题相分离主题
10.1371/journal.pone.0351085,Isolation of bioactive compounds from the petroleum ether soluble fraction of Eichhornia crassipes (Mart.) Solms flowers with dual evaluation: In silico studies of isolated molecules and in vitro/in vivo activities of the extract,细菌,其他天然产物,未标注,4,,,非标题相分离主题
10.1371/journal.ppat.1004478,One Small Step for a Yeast - Microevolution within Macrophages Renders Candida glabrata Hypervirulent Due to a Single Point Mutation,酵母,其他天然产物,体外测定,4,,,非标题相分离主题
10.1371/journal.ppat.1004742,Host ESCRT Proteins Are Required for Bromovirus RNA Replication Compartment Assembly and Function,酵母,其他研究对象,细胞／活体反应,2,,,非标题相分离主题
10.1371/journal.ppat.1009067,A single Na + -P i cotransporter in Toxoplasma plays key roles in phosphate import and control of parasite osmoregulation,其他宿主,其他研究对象,细胞／活体反应,1,竞争途径与转运,竞争途径与转运,非标题相分离主题
10.3168/jds.2007-0751,Effects of nucleotide supplementation in milk replacer on small intestinal absorptive capacity in dairy calves,酵母,其他天然产物,体外测定,2,竞争途径与转运,,非标题相分离主题
10.3168/jds.2019-16315,"Effect of Saccharomyces cerevisiae fermentation product on feed intake parameters, lactation performance, and metabolism of transition dairy cattle",酵母,未标注,体外测定,2,,,非标题相分离主题
10.3168/jds.2019-17303,Effects of feeding live yeast at 2 dosages on performance and feeding behavior of dairy cows under heat stress,酵母,其他研究对象,细胞／活体反应,3,,,非标题相分离主题
10.3168/jds.2019-17350,Effect of enzymatically hydrolyzed yeast on health and performance of transition dairy cattle,酵母,未标注,发酵／反应器,1,,,非标题相分离主题
10.3168/jds.2024-25859,Changes in microbial community structure during adaptation of kombucha symbiotic culture of bacteria and yeast to fermentation of sweet and acid whey,酵母,其他研究对象,发酵／反应器,126,,,非标题相分离主题
10.3168/jds.2025-27817,"Effects of dietary tannins and compounds from fermentation of Saccharomyces cerevisiae on intake, productive performance, enteric methane emission, and rumen microbial diversity of lactating dairy cows",酵母,未标注,发酵／反应器,1,,,非标题相分离主题
10.3168/jds.s0022-0302(99)75273-2,Dry matter intake and milk yield and composition of cows fed yeast prepartum and postpartum,酵母,其他天然产物,体外测定,12,,,非标题相分离主题
10.3382/japr/pfz047,Response of Broiler Chickens to Dietary Supplementation of Enzymatically Hydrolyzed Glucan or Mannan Yeast Products,酵母,其他研究对象,发酵／反应器,4,,,非标题相分离主题
10.3382/ps.0721867,THE USE OF SACCHAROMYCES-CEREVISIAE TO SUPPRESS THE EFFECTS OF AFLATOXICOSIS IN BROILER CHICKS,酵母,未标注,细胞／活体反应,3,,,非标题相分离主题
10.3382/ps/pex342,Effect of yeast cell wall on the growth performance and gut health of broilers challenged with aflatoxin B 1 and necrotic enteritis,酵母,未标注,未标注,4,,,非标题相分离主题
10.3382/ps/pey117,"The effects of dietary Selenium-yeast level on glutathione peroxidase activity, tissue Selenium content, growth performance, and carcass and meat quality of broilers",酵母,未标注,体外测定,6,,,非标题相分离主题
10.3389/fbioe.2016.00017,Genome-wide transcriptional response of Saccharomyces cerevisiae to stress-induced perturbations,酵母,萜类／异戊二烯类,未标注,4,,,非标题相分离主题
10.3389/fbioe.2020.00072,Synthesis and Assembly of Hepatitis B Virus-Like Particles in a Pichia pastoris Cell-Free System,酵母,其他研究对象,无细胞／分离酶,2,,,非标题相分离主题
10.3389/fbioe.2020.00585,Enhancing β-Carotene Production in Escherichia coli by Perturbing Central Carbon Metabolism and Improving the NADPH Supply,细菌,萜类／异戊二烯类,细胞／活体反应,5,前体与辅因子供给；表达与动态调控；发酵与过程优化,前体与辅因子供给,非标题相分离主题
10.3389/fbioe.2020.00653,Construction of a Stable and Temperature-Responsive Yeast Cell Factory for Crocetin Biosynthesis Using CRISPR-Cas9,酵母,萜类／异戊二烯类,细胞／活体反应,4,,,非标题相分离主题
10.3389/fbioe.2020.00945,Yarrowia lipolytica Strains Engineered for the Production of Terpenoids,酵母,萜类／异戊二烯类,细胞／活体反应,8,表达与动态调控,,非标题相分离主题
10.3389/fbioe.2020.00969,Microbial Cell Factory for Efficiently Synthesizing Plant Natural Products via Optimizing the Location and Adaptation of Pathway on Genome Scale,多类别并列,黄酮类,细胞／活体反应,8,前体与辅因子供给；发酵与过程优化,,非标题相分离主题
10.3389/fbioe.2020.589069,Metabolic Engineering of Microorganisms for the Production of Flavonoids,其他宿主,黄酮类,细胞／活体反应,7,代谢与通路工程；表达与动态调控；竞争途径与转运,代谢与通路工程,非标题相分离主题
10.3389/fbioe.2020.594061,Current Challenges and Opportunities in Non-native Chemical Production by Engineered Yeasts,酵母,萜类／异戊二烯类,发酵／反应器,8,表达与动态调控；发酵与过程优化,,非标题相分离主题
10.3389/fbioe.2020.599560,Sustainable Production of Microbial Isoprenoid Derived Advanced Biojet Fuels Using Different Generation Feedstocks: A Review,其他宿主,萜类／异戊二烯类,发酵／反应器,9,资源与环境,资源与环境,非标题相分离主题
10.3389/fbioe.2021.606795,Successful Enzyme Colocalization Strategies in Yeast for Increased Synthesis of Non-native Products,酵母,异黄酮类,细胞／活体反应,9,空间组织与区室化,空间组织与区室化,非标题相分离主题
10.3389/fbioe.2021.633741,Refining Metabolic Mass Transfer for Efficient Biosynthesis of Plant Natural Products in Yeast,酵母,其他天然产物,体外测定,8,发酵与过程优化,,非标题相分离主题
10.3389/fbioe.2021.634919,Yeast-Based Biosynthesis of Natural Products From Xylose,酵母,其他天然产物,细胞／活体反应,9,表达与动态调控,,非标题相分离主题
10.3389/fbioe.2021.650961,Coenzyme Q10 Biosynthesis Established in the Non-Ubiquinone Containing Corynebacterium glutamicum by Metabolic Engineering,细菌,萜类／异戊二烯类,细胞／活体反应,3,代谢与通路工程,代谢与通路工程,非标题相分离主题
10.3389/fbioe.2021.799032,The Studies in Constructing Yeast Cell Factories for the Production of Fatty Acid Alkyl Esters,酵母,其他研究对象,细胞／活体反应,8,代谢与通路工程,,非标题相分离主题
10.3389/fbioe.2022.1017190,Engineered biosynthesis of plant polyketides by type III polyketide synthases in microorganisms,植物,黄酮类,细胞／活体反应,7,,,非标题相分离主题
10.3389/fbioe.2022.825981,Xylo-Oligosaccharide Utilization by Engineered Saccharomyces cerevisiae to Produce Ethanol,酵母,其他研究对象,细胞／活体反应,28,,,非标题相分离主题
10.3389/fbioe.2022.899182,Efficient production of anthocyanins in Saccharomyces cerevisiae by introducing anthocyanin transporter and knocking out endogenous degrading enzymes,酵母,其他研究对象,发酵／反应器,8,竞争途径与转运,竞争途径与转运,非标题相分离主题
10.3389/fbioe.2022.907551,"Antioxidant, Cytotoxic, and Antimicrobial Potential of Silver Nanoparticles Synthesized using Tradescantia pallida Extract",植物,其他研究对象,无细胞／分离酶,1,,,非标题相分离主题
10.3389/fbioe.2023.1105277,High-throughput screening of microbial strains in large-scale microfluidic droplets,细菌,凝聚体相关体系,细胞／活体反应,1,表达与动态调控,,非标题相分离主题
10.3389/fbioe.2023.1154779,Bioprospecting microbes and enzymes for the production of pterocarpans and coumestans,酵母,异黄酮类,细胞／活体反应,13,前体与辅因子供给；表达与动态调控,,非标题相分离主题
10.3389/fbioe.2023.1188461,Elucidation of sterol biosynthesis pathway and its co-regulation with fatty acid biosynthesis in the oleaginous marine protist Schizochytrium sp.,酵母,萜类／异戊二烯类,发酵／反应器,7,,,非标题相分离主题
10.3389/fbioe.2023.1275651,Expanding flavone and flavonol production capabilities in Escherichia coli,细菌,黄酮类,细胞／活体反应,3,表达与动态调控,,非标题相分离主题
10.3389/fbioe.2025.1673169,Yarrowia lipolytica as a promising cell factory for microbial production of value-added nutraceuticals,酵母,萜类／异戊二烯类,发酵／反应器,8,表达与动态调控；发酵与过程优化,,非标题相分离主题
10.3389/fbioe.2025.1716709,"Beyond pigments and perfumes: engineering in the carotenoid and apocarotenoid spectrum, novel enzymes, and synthetic biology strategies",酵母,萜类／异戊二烯类,发酵／反应器,8,发酵与过程优化,,非标题相分离主题
10.3389/fceng.2022.880694,Plant Flavonoid Production in Bacteria and Yeasts,酵母,黄酮类,细胞／活体反应,22,前体与辅因子供给,,非标题相分离主题
10.3389/fcimb.2018.00083,A CTP Synthase Undergoing Stage-Specific Spatial Expression Is Essential for the Survival of the Intracellular Parasite Toxoplasma gondii,细菌,其他研究对象,多类别并列,2,,,非标题相分离主题
10.3389/fcimb.2022.834653,Extracellular Vesicles From Paracoccidioides brasiliensis Can Induce the Expression of Fungal Virulence Traits In Vitro and Enhance Infection in Mice,酵母,未标注,未标注,1,,,非标题相分离主题
10.3389/fenrg.2017.00008,Synthetic biology and metabolic engineering approaches and its impact on non-conventional yeast and biofuel production,酵母,其他研究对象,体外测定,18,代谢与通路工程；前体与辅因子供给；表达与动态调控,代谢与通路工程,非标题相分离主题
10.3389/fgene.2018.00166,Evidence for Mitochondrial Genome Methylation in the Yeast Candida albicans : A Potential Novel Epigenetic Mechanism Affecting Adaptation and Pathogenicity?,酵母,未标注,体外测定,11,,,非标题相分离主题
10.3389/fimmu.2021.630938,AhR Ligands Modulate the Differentiation of Innate Lymphoid Cells and T Helper Cell Subsets That Control the Severity of a Pulmonary Fungal Infection,酵母,未标注,体外测定,2,,,非标题相分离主题
10.3389/fimmu.2023.1164087,"Dietary yeast glycoprotein supplementation improves the growth performance, intestinal health and disease resistance of largemouth bass (Micropterus salmoides) fed low-fishmeal diets",酵母,其他研究对象,未标注,6,,,非标题相分离主题
10.3389/fimmu.2024.1408168,Comprehensive metabolomics and transcriptomics analyses investigating the regulatory effects of different sources of dietary astaxanthin on the antioxidant and immune functions of commercial-sized rainbow trout,其他宿主,萜类／异戊二烯类,体外测定,1,,,非标题相分离主题
10.3389/fmars.2024.1426848,"Serum biochemistry, fatty acids, lipid metabolism, antioxidants, and inflammation response were significantly affected by feeding different marine red yeast supplementation in juvenile tilapia (GIFT strain, Oreochromis niloticus )",酵母,萜类／异戊二烯类,细胞／活体反应,2,,,非标题相分离主题
10.3389/fmicb.2013.00075,Microbial production of isoprenoids enabled by synthetic biology,细菌,萜类／异戊二烯类,细胞／活体反应,5,代谢与通路工程；表达与动态调控,,非标题相分离主题
10.3389/fmicb.2014.00174,Metabolic engineering of yeasts by heterologous enzyme production for degradation of cellulose and hemicellulose from biomass: A perspective,酵母,其他研究对象,细胞／活体反应,9,代谢与通路工程,代谢与通路工程,非标题相分离主题
10.3389/fmicb.2016.00503,Flor yeast: New perspectives beyond wine aging,酵母,未标注,体外测定,1,,,非标题相分离主题
10.3389/fmicb.2016.00963,Antimicrobial activity and phytochemical analysis of organic extracts from Cleome spinosa Jaqc.,酵母,黄酮类,体外测定,4,,,非标题相分离主题
10.3389/fmicb.2017.00451,Lack of evidence that selenium-yeast improves chicken health and modulates the caecal microbiota in the context of colonization by Campylobacter jejuni,酵母,未标注,体外测定,2,,,非标题相分离主题
10.3389/fmicb.2017.00633,Isoprenoid Pyrophosphate-Dependent Transcriptional Regulation of Carotenogenesis in Corynebacterium glutamicum,细菌,萜类／异戊二烯类,无细胞／分离酶,3,,,非标题相分离主题
10.3389/fmicb.2017.00921,"De Novo Biosynthesis of Apigenin, Luteolin, and Eriodictyol in the Actinomycete Streptomyces albus and Production Improvement by Feeding and Spore Conditioning",细菌,黄酮类,细胞／活体反应,8,,,非标题相分离主题
10.3389/fmicb.2017.01116,Discovery of Several Novel Targets that Enhance β-Carotene Production in Saccharomyces cerevisiae,酵母,萜类／异戊二烯类,未标注,2,,,非标题相分离主题
10.3389/fmicb.2017.01391,Identification of important amino acids in Gal2p for improving the L-arabinose transport and metabolism in saccharomyces cerevisiae,酵母,其他研究对象,细胞／活体反应,4,竞争途径与转运,,非标题相分离主题
10.3389/fmicb.2017.02012,"Design, optimization and application of small molecule biosensor in metabolic engineering",酵母,苯丙素类,细胞／活体反应,3,代谢与通路工程；酶与蛋白工程,代谢与通路工程,非标题相分离主题
10.3389/fmicb.2017.02054,Identification of trans-4-hydroxy-L-proline as a compatible solute and its biosynthesis and molecular characterization in Halobacillus halophilus,细菌,其他研究对象,细胞／活体反应,1,,,非标题相分离主题
10.3389/fmicb.2018.01671,Metabolic Engineering of Escherichia coli for Enhanced Production of Naringenin 7-Sulfate and Its Biological Activities,细菌,黄酮类,细胞／活体反应,1,代谢与通路工程；表达与动态调控,代谢与通路工程,非标题相分离主题
10.3389/fmicb.2018.01746,Engineered microorganisms for the production of food additives approved by the European Union-A systematic analysis,酵母,其他研究对象,细胞／活体反应,5,代谢与通路工程,,非标题相分离主题
10.3389/fmicb.2018.01996,pre-clinical imaging of invasive candidiasis using immunoPET/MR,酵母,未标注,未标注,2,,,非标题相分离主题
10.3389/fmicb.2018.02460,Microbial platform for terpenoid production: Escherichia coli and Yeast,细菌,萜类／异戊二烯类,细胞／活体反应,9,表达与动态调控,,非标题相分离主题
10.3389/fmicb.2018.02893,Engineering Haloferax mediterranei as an Efficient Platform for High Level Production of Lycopene,其他宿主,萜类／异戊二烯类,细胞／活体反应,3,代谢与通路工程,,非标题相分离主题
10.3389/fmicb.2018.02968,Differential behavior of non-albicans Candida species in the central nervous system of immunocompetent and immunosuppressed mice,酵母,未标注,细胞／活体反应,1,,,非标题相分离主题
10.3389/fmicb.2018.03330,Expansion and diversification of MFS transporters in Kluyveromyces marxianus,酵母,未标注,细胞／活体反应,1,竞争途径与转运,竞争途径与转运,非标题相分离主题
10.3389/fmicb.2019.00327,Hexokinase and Glucokinases Are Essential for Fitness and Virulence in the Pathogenic Yeast Candida albicans,酵母,其他研究对象,体外测定,1,,,非标题相分离主题
10.3389/fmicb.2019.00695,Bioproduction of the recombinant SWEET protein thaumatin: Current state of the art and perspectives,植物,其他研究对象,细胞／活体反应,8,,,非标题相分离主题
10.3389/fmicb.2020.00744,Genomic and Transcriptomic Study for Screening Genes Involved in the Limonene Biotransformation of Penicillium digitatum DSM 62840,酵母,萜类／异戊二烯类,无细胞／分离酶,4,,,非标题相分离主题
10.3389/fmicb.2020.00957,In vitro and in vivo Effect of Exogenous Farnesol Exposure Against Candida auris,其他宿主,萜类／异戊二烯类,体外测定,58,,,非标题相分离主题
10.3389/fmicb.2020.01475,A Genetic and Metabolomic Perspective on the Production of Indole-3-Acetic Acid by Pantoea agglomerans and Use of Their Metabolites as Biostimulants in Plant Nurseries,其他宿主,其他研究对象,细胞／活体反应,1,,,非标题相分离主题
10.3389/fmicb.2020.02035,Heterologous Expression of Immature Forms of Human Islet Amyloid Polypeptide in Yeast Triggers Intracellular Aggregation and Cytotoxicity,酵母,其他研究对象,体外测定,2,,,非标题相分离主题
10.3389/fmicb.2020.571265,Microbial Polyethylene Terephthalate Hydrolases: Current and Future Perspectives,酵母,其他研究对象,无细胞／分离酶,1,,,非标题相分离主题
10.3389/fmicb.2020.591697,Mucoromycotina Fungi Possess the Ability to Utilize Plant Sucrose as a Carbon Source: Evidence From Gongronella sp. w5,多类别并列,其他研究对象,无细胞／分离酶,2,,,非标题相分离主题
10.3389/fmicb.2020.606852,Penicillium italicum: An Underexplored Postharvest Pathogen,植物,萜类／异戊二烯类,体外测定,6,,,非标题相分离主题
10.3389/fmicb.2021.636588,Microbiologically-Synthesized Nanoparticles and Their Role in Silencing the Biofilm Signaling Cascade,酵母,凝聚体相关体系,细胞／活体反应,1,,,非标题相分离主题
10.3389/fmicb.2021.650957,"Editorial: Physiology, Application, and Bioengineering of Oleaginous Microorganisms",酵母,萜类／异戊二烯类,未标注,5,,,非标题相分离主题
10.3389/fmicb.2021.663973,Compartmentalized Reconstitution of Post-squalene Pathway for 7-Dehydrocholesterol Overproduction in Saccharomyces cerevisiae,酵母,萜类／异戊二烯类,细胞／活体反应,8,空间组织与区室化,空间组织与区室化,非标题相分离主题
10.3389/fmicb.2021.665261,"Role of Elm1, Tos3, and Sak1 Protein Kinases in the Maltose Metabolism of Baker’s Yeast",细菌,未标注,细胞／活体反应,8,表达与动态调控,,非标题相分离主题
10.3389/fmicb.2021.684193,Increasing the Ascomycin Yield by Relieving the Inhibition of Acetyl/Propionyl-CoA Carboxylase by the Signal Transduction Protein GlnB,细菌,其他研究对象,无细胞／分离酶,1,,,非标题相分离主题
10.3389/fmicb.2021.722661,Identification and Antifungal Mechanism of a Novel Actinobacterium Streptomyces huiliensis sp. nov. Against Fusarium oxysporum f. sp. cubense Tropical Race 4 of Banana,细菌,黄酮类,细胞／活体反应,2,,,非标题相分离主题
10.3389/fmicb.2021.765531,Actinobacteria From Desert: Diversity and Biotechnological Applications,细菌,其他天然产物,体外测定,3,,,非标题相分离主题
10.3389/fmicb.2021.791089,Diversifying Isoprenoid Platforms via Atypical Carbon Substrates and Non-model Microorganisms,酵母,萜类／异戊二烯类,细胞／活体反应,25,表达与动态调控,,非标题相分离主题
10.3389/fmicb.2022.1026780,Yap1-mediated Flr1 expression reveals crosstalk between oxidative stress signaling and caffeine resistance in Saccharomyces cerevisiae,酵母,未标注,细胞／活体反应,1,表达与动态调控,,非标题相分离主题
10.3389/fmicb.2022.842097,Survivability of Kluyveromyces marxianus Isolated From Korean Kefir in a Simulated Gastrointestinal Environment,酵母,未标注,细胞／活体反应,3,,,非标题相分离主题
10.3389/fmicb.2022.896718,Identification of Sponge-Associated Bacteria From the Coast of Kuwait and Their Potential Biotechnological Applications,细菌,其他天然产物,体外测定,2,,,非标题相分离主题
10.3389/fmicb.2022.911500,"Fermented Soy and Fish Protein Dietary Sources Shape Ileal and Colonic Microbiota, Improving Nutrient Digestibility and Host Health in a Piglet Model",酵母,其他研究对象,发酵／反应器,4,,,非标题相分离主题
10.3389/fmicb.2022.923656,In vivo Protein Interference: Oral Administration of Recombinant Yeast-Mediated Partial Leptin Reduction for Obesity Control,酵母,其他研究对象,细胞／活体反应,2,,,非标题相分离主题
10.3389/fmicb.2022.953479,The cell wall and the response and tolerance to stresses of biotechnological relevance in yeasts,酵母,未标注,发酵／反应器,7,,,非标题相分离主题
10.3389/fmicb.2022.969460,Role of lactic acid bacteria and yeasts in sourdough fermentation during breadmaking: Evaluation of postbiotic-like components and health benefits,酵母,其他研究对象,发酵／反应器,1,,,非标题相分离主题
10.3389/fmicb.2022.979866,The Maillard reaction in traditional method sparkling wine,酵母,未标注,细胞／活体反应,44,,,非标题相分离主题
10.3389/fmicb.2023.1145784,Application of cofactors in the regulation of microbial metabolism: A state of the art review,细菌,黄酮类,细胞／活体反应,5,前体与辅因子供给,前体与辅因子供给,非标题相分离主题
10.3389/fmicb.2023.1157299,Tripartite interactions comprising yeast-endobacteria systems in the gut of vector mosquitoes,酵母,未标注,未标注,4,,,非标题相分离主题
10.3389/fmicb.2023.1278189,Fungal and mycotoxin contaminants in cannabis and hemp flowers: implications for consumer health and directions for further research,植物,其他研究对象,未标注,110,,,非标题相分离主题
10.3389/fmicb.2023.1280405,Optimization of chemical conditions for metabolites production by Ganoderma lucidum using response surface methodology and investigation of antimicrobial as well as anticancer activities,酵母,异黄酮类,发酵／反应器,4,,,非标题相分离主题
10.3389/fmicb.2023.1281103,Effect of pH and medium composition on chain elongation with Megasphaera hexanoica producing C4-C8 fatty acids,细菌,其他研究对象,细胞／活体反应,1,,,非标题相分离主题
10.3389/fmicb.2023.1289371,"Yeast polysaccharide supplementation: impact on lactation, growth, immunity, and gut microbiota in Dezhou donkeys",酵母,萜类／异戊二烯类,体外测定,6,,,非标题相分离主题
10.3389/fmicb.2023.1301325,Developing a novel selection method for alcoholic fermentation starters by exploring wine yeast microbiota from Greece,酵母,未标注,发酵／反应器,4,,,非标题相分离主题
10.3389/fmicb.2024.1366017,Engineered probiotic cocktail with two cascade metabolic Escherichia coli for the treatment of hyperlysinemia,细菌,其他研究对象,体外测定,4,,,非标题相分离主题
10.3389/fmicb.2024.1378235,"Optimization of flavanonols heterologous biosynthesis in Streptomyces albidoflavus, and generation of auronols",细菌,黄酮类,细胞／活体反应,8,,,非标题相分离主题
10.3389/fmicb.2024.1459354,"Endophytic bacteria in Camellia reticulata pedicels: isolation, screening and analysis of antagonistic activity against nectar yeasts",酵母,其他天然产物,发酵／反应器,3,,,非标题相分离主题
10.3389/fmicb.2025.1553399,Efficient utilization of Shuanghuanglian medicine residues by microbial transformation with flavonoid glycosides-hydrolyzing strains,细菌,黄酮类,体外测定,1,,,非标题相分离主题
10.3389/fmicb.2025.1562103,Baicalein as a potent antifungal agent against Candida albicans: synergy with fluconazole and sustainable production through probiotic-mediated bioconversion,酵母,黄酮类,未标注,2,资源与环境,资源与环境,非标题相分离主题
10.3389/fmicb.2025.1654548,Functional characterization of vitamin B 12 from an extremophile- Pseudomonas alcaliphila and assessment of its microbial chassis potential,细菌,其他研究对象,发酵／反应器,3,,,非标题相分离主题
10.3389/fmicb.2025.1664794,Synthetic microbial consortium enhances acetoin production and functional quality of citrus vinegar via metabolic and process optimization,其他宿主,其他研究对象,未标注,2,发酵与过程优化,发酵与过程优化,非标题相分离主题
10.3389/fmicb.2025.1747422,Pyrite as a catalyst for the emergence of multiphase primitive cells,无细胞体系,多类别并列,无细胞／分离酶,2,,,非标题相分离主题
10.3389/fmicb.2025.1751159,"Editorial: Diversity, function, and application of microbes in the fermentation or production of traditional food",酵母,其他研究对象,发酵／反应器,2,,,非标题相分离主题
10.3389/fmicb.2025.1753983,Recent advances in microbial 3-methyl-1-butanol production,酵母,其他研究对象,细胞／活体反应,8,资源与环境,,非标题相分离主题
10.3389/fmicb.2026.1817064,"Production, optimization, and purification of serratiopeptidase from Bacillus siamensis found in marine sediments",细菌,其他研究对象,细胞／活体反应,1,,,非标题相分离主题
10.3389/fmicb.2026.1830878,Application of unconventional microorganisms for the production of non-alcoholic beer,酵母,其他研究对象,细胞／活体反应,3,,,非标题相分离主题
10.3389/fmolb.2019.00034,Nuclear transport of yeast proteasomes,酵母,其他研究对象,细胞／活体反应,1,,,非标题相分离主题
10.3389/fnins.2022.900338,Inter-organellar Communication in Parkinson's and Alzheimer's Disease: Looking Beyond Endoplasmic Reticulum-Mitochondria Contact Sites,酵母,凝聚体相关体系,细胞／活体反应,3,,,非标题相分离主题
10.3389/fnut.2021.691784,Anthocyanin and Phenolic Acids Contents Influence the Color Stability and Antioxidant Capacity of Wine Treated With Mannoprotein,植物,其他研究对象,发酵／反应器,8,,,非标题相分离主题
10.3389/fnut.2022.851402,Key Enzymes in Fatty Acid Synthesis Pathway for Bioactive Lipids Biosynthesis,酵母,其他研究对象,细胞／活体反应,1,表达与动态调控,,非标题相分离主题
10.3389/fnut.2023.1142517,Metabolomic analysis of the effects of a mixed culture of Saccharomyces cerevisiae and Lactiplantibacillus plantarum on the physicochemical and quality characteristics of apple cider vinegar,酵母,其他天然产物,细胞／活体反应,8,,,非标题相分离主题
10.3389/fonc.2012.00077,The splicing mutant of the human tumor suppressor protein DFNA5 induces programmed cell death when expressed in the yeast Saccharomyces cerevisiae,酵母,未标注,细胞／活体反应,8,,,非标题相分离主题
10.3389/fonc.2012.00212,Warburg effect and translocation-induced genomic instability: Two yeast models for cancer cells,酵母,其他研究对象,体外测定,9,,,非标题相分离主题
10.3389/fphar.2019.00400,"Novel 3,4-dihydroisocoumarins inhibit human P-gp and BCRP in multidrug resistant tumors and demonstrate substrate inhibition of yeast PDR5",酵母,其他研究对象,未标注,2,,,非标题相分离主题
10.3389/fphys.2013.00244,Peroxisomes and sexual development in fungi,酵母,凝聚体相关体系,未标注,3,,,非标题相分离主题
10.3389/fphys.2017.00550,Response of miR156- SPL Module during the Red Peel Coloration of Bagging-Treated Chinese Sand Pear ( Pyrus pyrifolia Nakai),植物,其他研究对象,未标注,2,,,非标题相分离主题
10.3389/fphys.2018.00050,Iron sulfur and molybdenum cofactor enzymes regulate the Drosophila life cycle by controlling cell metabolism,细菌,未标注,体外测定,1,前体与辅因子供给,前体与辅因子供给,非标题相分离主题
10.3389/fphys.2024.1329721,"Effects of yeast extract supplemented in diet on growth performance, digestibility, intestinal histology, and the antioxidant capacity of the juvenile turbot ( Scophthalmus maximus )",酵母,未标注,未标注,2,,,非标题相分离主题
10.3389/fpls.2014.00636,Metabolic engineering of the moss Physcomitrella patens to produce the sesquiterpenoids patchoulol and α/β-santalene,酵母,萜类／异戊二烯类,细胞／活体反应,4,代谢与通路工程,代谢与通路工程,非标题相分离主题
10.3389/fpls.2015.00007,When plants produce not enough or at all: metabolic engineering of flavonoids in microbial hosts,其他宿主,黄酮类,未标注,28,代谢与通路工程；表达与动态调控,代谢与通路工程,非标题相分离主题
10.3389/fpls.2016.00793,Molecular Cloning and Functional Characterization of a Novel Isoflavone 3′- O -methyltransferase from Pueraria lobata,细菌,异黄酮类,无细胞／分离酶,1,,,非标题相分离主题
10.3389/fpls.2018.00789,Integrated Transcript and Metabolite Profiles Reveal That EbCHI Plays an Important Role in Scutellarin Accumulation in Erigeron breviscapus Hairy Roots,植物,黄酮类,体外测定,2,,,非标题相分离主题
10.3389/fpls.2021.633333,The Light-Induced WD40-Repeat Transcription Factor DcTTG1 Regulates Anthocyanin Biosynthesis in Dendrobium candidum,植物,其他研究对象,未标注,6,表达与动态调控,表达与动态调控,非标题相分离主题
10.3389/fpls.2021.691754,Overcoming Bottlenecks for Metabolic Engineering of Sesquiterpene Production in Tomato Fruits,其他宿主,其他研究对象,细胞／活体反应,1,代谢与通路工程；表达与动态调控,代谢与通路工程,非标题相分离主题
10.3389/fpls.2021.697318,"Plant Metabolic Gene Clusters: Evolution, Organization, and Their Applications in Synthetic Biology",植物,萜类／异戊二烯类,未标注,2,,,非标题相分离主题
10.3389/fpls.2021.719148,Multiplex Genome Editing in Yeast by CRISPR/Cas9 – A Potent and Agile Tool to Reconstruct Complex Metabolic Pathways,酵母,萜类／异戊二烯类,细胞／活体反应,2,,,非标题相分离主题
10.3389/fpls.2021.758213,Identification of an Isoflavonoid Transporter Required for the Nodule Establishment of the Rhizobium - Fabaceae Symbiotic Interaction,酵母,异黄酮类,未标注,1,竞争途径与转运,竞争途径与转运,非标题相分离主题
10.3389/fpls.2022.1072061,Carotenoid metabolism: New insights and synthetic approaches,植物,萜类／异戊二烯类,未标注,6,,,非标题相分离主题
10.3389/fpls.2022.899076,A Review of Erucic Acid Production in Brassicaceae Oilseeds: Progress and Prospects for the Genetic Engineering of High and Low-Erucic Acid Rapeseeds ( Brassica napus ),植物,其他研究对象,细胞／活体反应,40,,,非标题相分离主题
10.3389/fpls.2022.928178,Genetic Manipulation of Biosynthetic Pathways in Mint,植物,萜类／异戊二烯类,体外测定,1,前体与辅因子供给,,非标题相分离主题
10.3389/fpls.2022.948084,Genome-Wide Analysis of Anthocyanin Biosynthesis Regulatory WD40 Gene FcTTG1 and Related Family in Ficus carica L.,酵母,其他研究对象,体外测定,1,,,非标题相分离主题
10.3389/fpls.2022.984174,Cytochrome b5: A versatile electron carrier and regulator for plant metabolism,酵母,异黄酮类,细胞／活体反应,8,,,非标题相分离主题
10.3389/fpls.2023.1176701,Anthocyanin metabolic engineering of Euphorbia pulcherrima : advances and perspectives,植物,其他研究对象,细胞／活体反应,2,代谢与通路工程,代谢与通路工程,非标题相分离主题
10.3389/fpls.2025.1687738,Identification of chalcone isomerase family genes and roles of DnCHI1 in flavonoid metabolism in Dendrobium nobile,其他宿主,黄酮类,细胞／活体反应,1,表达与动态调控,,非标题相分离主题
10.3389/fpls.2026.1819008,Chromosome-level genome of Mosla chinensis from alpine ecotype provides insights into terpenoid biosynthesis and germplasm exploration,植物,萜类／异戊二烯类,未标注,1,,,非标题相分离主题
10.3389/frfst.2026.1776568,"Bioactive composition, germination behavior and functional properties of three moroccan flaxseed origins ( Linum usitatissimum L . )",植物,其他天然产物,体外测定,49,,,非标题相分离主题
10.3389/fsufs.2020.525810,New Insights on the Use of Polyphenols as Natural Preservatives and Their Emerging Safety Concerns,细菌,其他天然产物,体外测定,1,,,非标题相分离主题
10.3389/fvets.2019.00516,"Evaluation of Yeast Fermented Poultry By-Product Meal in Nile Tilapia (Oreochromis niloticus) Feed: Effects on Growth Performance, Digestive Enzymes Activity, Innate Immunity, and Antioxidant Capacity",酵母,芪类,体外测定,2,,,非标题相分离主题
10.3389/fvets.2021.658956,"Mint Oil, ɤ-Tocopherol, and Whole Yeast Cell in Sow Diets Enhance Offspring Performance in the Postweaning Period",酵母,芪类,未标注,4,,,非标题相分离主题
10.3389/fvets.2021.813672,"Effect of Supplementation With Selenium-Yeast on Muscle Antioxidant Activity, Meat Quality, Fatty Acids and Amino Acids in Goats",酵母,未标注,体外测定,2,,,非标题相分离主题
10.3389/fvets.2022.976347,Antiviral activity of mink interferon alpha expressed in the yeast Pichia pastoris,酵母,其他研究对象,体外测定,1,,,非标题相分离主题
10.3389/fvets.2024.1482800,Effect of dietary supplementation of yeast culture Saccharomyces cerevisiae in lactating female goats,酵母,未标注,发酵／反应器,2,,,非标题相分离主题
10.3389/fvets.2025.1542484,"Effects of feeding Candida utilis-fermented pea starch on overall, metabolic and intestinal health of dogs and cats",哺乳动物／细胞,其他研究对象,发酵／反应器,35,,,非标题相分离主题
10.3389/fvets.2025.1615203,"Bifidobacterium, Spirulina, and Yeast extracts in low-energy diets for rabbits: effects on performance, hematology, lipid metabolism, hepatorenal function, immunity and hormones",酵母,其他研究对象,体外测定,2,,,非标题相分离主题
10.3389/fvets.2025.1657871,Ruminal solubility and bioavailability of trace minerals in growing lambs fed varying levels of live yeast with a total mixed ration,酵母,萜类／异戊二烯类,体外测定,3,,,非标题相分离主题
10.3389/fvets.2025.1735748,"Effects of dietary selenium yeast supplementation on production performance, apparent nutrient digestibility, serum antioxidant parameters, and selenoprotein content in velvet antlers of sika deer (Cervus nippon)",酵母,未标注,发酵／反应器,9,,,非标题相分离主题
